{
	"credit": "Made with Blockbench, a free, modern block model editor by JannisX11",
	"textures": {
		"0": "blocks/planks_spruce",
		"3": "blocks/anvil_base",
		"particle": "blocks/planks_spruce"
	},
	"elements": [
		{
			"name": "cube",
			"from": [
				15.915526704786082,
				-6.5,
				7.397336440933085
			],
			"to": [16.915526704786082, 4.5, 10.397336440933085],
			"faces": {
				"east": {"uv": [4, 0, 7, 11], "texture": "#0"},
				"up": {
					"uv": [0, 0, 1, 3],
					"texture": "#0",
					"rotation": 180
				},
				"down": {
					"uv": [0, 0, 1, 3],
					"texture": "#0",
					"rotation": 180
				}
			},
			"rotation": {
				"origin": [
					9.915526704786082,
					-2.5,
					6.397336440933085
				],
				"axis": "y",
				"angle": -22.5
			}
		},
		{
			"name": "cube",
			"from": [
				6.823483930323317,
				-6.5,
				13.277751916419225
			],
			"to": [9.823483930323317, 4.5, 14.277751916419225],
			"faces": {
				"south": {"uv": [0, 0, 3, 11], "texture": "#0"},
				"up": {
					"uv": [0, 0, 3, 1],
					"texture": "#0",
					"rotation": 270
				},
				"down": {
					"uv": [0, 0, 3, 1],
					"texture": "#0",
					"rotation": 90
				}
			},
			"rotation": {
				"origin": [
					12.823483930323317,
					-2.5,
					7.277751916419225
				],
				"axis": "y",
				"angle": 22.5
			}
		},
		{
			"name": "cube",
			"from": [
				6.316415796971992,
				-6.5,
				12.407677566854932
			],
			"to": [9.316415796971992, 4.5, 13.407677566854932],
			"faces": {
				"south": {"uv": [5, 0, 8, 11], "texture": "#0"},
				"up": {
					"uv": [0, 0, 3, 1],
					"texture": "#0",
					"rotation": 270
				},
				"down": {
					"uv": [0, 0, 3, 1],
					"texture": "#0",
					"rotation": 90
				}
			},
			"rotation": {
				"origin": [
					11.316415796971992,
					-2.5,
					6.407677566854932
				],
				"axis": "y",
				"angle": 45
			}
		},
		{
			"name": "cube",
			"from": [
				1.6812388453920004,
				-6.5,
				6.864493168512087
			],
			"to": [2.6812388453920004, 4.5, 9.864493168512087],
			"faces": {
				"west": {"uv": [6, 0, 9, 11], "texture": "#0"},
				"up": {"uv": [0, 0, 1, 3], "texture": "#0"},
				"down": {"uv": [0, 0, 1, 3], "texture": "#0"}
			},
			"rotation": {
				"origin": [
					8.681238845392,
					-2.5,
					12.864493168512087
				],
				"axis": "y",
				"angle": 22.5
			}
		},
		{
			"name": "cube",
			"from": [
				2.5513131949562933,
				-6.5,
				6.357425035160762
			],
			"to": [3.5513131949562933, 4.5, 9.357425035160762],
			"faces": {
				"west": {"uv": [11, 0, 14, 11], "texture": "#0"},
				"up": {"uv": [0, 0, 1, 3], "texture": "#0"},
				"down": {"uv": [0, 0, 1, 3], "texture": "#0"}
			},
			"rotation": {
				"origin": [
					9.551313194956293,
					-2.5,
					11.357425035160762
				],
				"axis": "y",
				"angle": 45
			}
		},
		{
			"name": "cube",
			"from": [
				5.561654320878141,
				-6.5,
				15.956535942974853
			],
			"to": [8.56165432087814, 4.5, 16.956535942974853],
			"faces": {
				"south": {"uv": [8, 0, 11, 11], "texture": "#0"},
				"up": {
					"uv": [0, 0, 3, 1],
					"texture": "#0",
					"rotation": 270
				},
				"down": {
					"uv": [0, 0, 3, 1],
					"texture": "#0",
					"rotation": 90
				}
			},
			"rotation": {
				"origin": [
					9.56165432087814,
					-2.5,
					9.956535942974853
				],
				"axis": "y",
				"angle": -22.5
			}
		},
		{
			"name": "cube",
			"from": [5.9, -6.5, 15],
			"to": [10, 4.5, 16],
			"faces": {
				"south": {"uv": [0, 0, 4, 11], "texture": "#0"},
				"up": {
					"uv": [0, 0, 4, 1],
					"texture": "#0",
					"rotation": 270
				},
				"down": {
					"uv": [0, 0, 4, 1],
					"texture": "#0",
					"rotation": 90
				}
			}
		},
		{
			"name": "cube",
			"from": [15, -6.5, 6],
			"to": [16, 4.5, 10],
			"faces": {
				"east": {"uv": [0, 0, 4, 11], "texture": "#0"},
				"up": {
					"uv": [0, 0, 1, 4],
					"texture": "#0",
					"rotation": 180
				},
				"down": {
					"uv": [0, 0, 1, 4],
					"texture": "#0",
					"rotation": 180
				}
			}
		},
		{
			"name": "cube",
			"from": [
				14.688901121365728,
				-6.5,
				5.846654557753513
			],
			"to": [15.688901121365728, 4.5, 8.846654557753514],
			"faces": {
				"east": {"uv": [10, 0, 13, 11], "texture": "#0"},
				"up": {
					"uv": [0, 0, 1, 3.000000000000001],
					"texture": "#0",
					"rotation": 180
				},
				"down": {
					"uv": [0, 0, 1, 3.000000000000001],
					"texture": "#0",
					"rotation": 180
				}
			},
			"rotation": {
				"origin": [
					8.688901121365728,
					-2.5,
					6.641327439619682
				],
				"axis": "y",
				"angle": 22.5
			}
		},
		{
			"name": "cube",
			"from": [
				5.958990761811226,
				-6.5,
				-0.04100923818877078
			],
			"to": [9.958990761811226, 4.5, 0.9589907618112292],
			"faces": {
				"north": {"uv": [4, 0, 8, 11], "texture": "#0"},
				"up": {
					"uv": [0, 0, 4, 1],
					"texture": "#0",
					"rotation": 270
				},
				"down": {
					"uv": [0, 0, 4, 1],
					"texture": "#0",
					"rotation": 90
				}
			}
		},
		{
			"name": "cube",
			"from": [
				7.376268681610918,
				-6.5,
				1.8322038071107647
			],
			"to": [10.376268681610918, 4.5, 2.8322038071107647],
			"faces": {
				"north": {"uv": [11, 0, 14, 11], "texture": "#0"},
				"up": {
					"uv": [0, 0, 3, 1],
					"texture": "#0",
					"rotation": 270
				},
				"down": {
					"uv": [0, 0, 3, 1],
					"texture": "#0",
					"rotation": 90
				}
			},
			"rotation": {
				"origin": [
					13.376268681610918,
					-2.5,
					7.387707639949215
				],
				"axis": "y",
				"angle": -22.5
			}
		},
		{
			"name": "cube",
			"from": [
				8.568299777596675,
				-6.5,
				3.5250833188105224
			],
			"to": [11.568299777596675, 4.5, 4.525083318810522],
			"faces": {
				"north": {"uv": [5, 0, 8, 11], "texture": "#0"},
				"up": {
					"uv": [0, 0, 3, 1],
					"texture": "#0",
					"rotation": 270
				},
				"down": {
					"uv": [0, 0, 3, 1],
					"texture": "#0",
					"rotation": 90
				}
			},
			"rotation": {
				"origin": [
					13.568299777596675,
					-2.5,
					7.340438452520387
				],
				"axis": "y",
				"angle": -45
			}
		},
		{
			"name": "cube",
			"from": [-2.041883039493473, -6.5, 5.39493184332232],
			"to": [-1.0418830394934728, 4.5, 8.39493184332232],
			"faces": {
				"west": {"uv": [11, 0, 14, 11], "texture": "#0"},
				"up": {"uv": [0, 0, 1, 3], "texture": "#0"},
				"down": {"uv": [0, 0, 1, 3], "texture": "#0"}
			},
			"rotation": {
				"origin": [
					4.958116960506527,
					-2.5,
					12.123918180346495
				],
				"axis": "y",
				"angle": -22.5
			}
		},
		{
			"name": "cube",
			"from": [
				-2.196802824419022,
				-6.5,
				4.675840913893022
			],
			"to": [-1.1968028244190219, 4.5, 7.675840913893022],
			"faces": {
				"west": {"uv": [10, 0, 13, 11], "texture": "#0"},
				"up": {"uv": [0, 0, 1, 3], "texture": "#0"},
				"down": {"uv": [0, 0, 1, 3], "texture": "#0"}
			},
			"rotation": {
				"origin": [
					4.803197175580978,
					-2.5,
					9.390690984214547
				],
				"axis": "y",
				"angle": -45
			}
		},
		{
			"name": "cube",
			"from": [
				7.05912210128471,
				-6.5,
				-1.2544008042502899
			],
			"to": [10.05912210128471, 4.5, -0.2544008042502899],
			"faces": {
				"north": {"uv": [7, 0, 10, 11], "texture": "#0"},
				"up": {
					"uv": [0, 0, 3.000000000000001, 1],
					"texture": "#0",
					"rotation": 270
				},
				"down": {
					"uv": [0, 0, 3.000000000000001, 1],
					"texture": "#0",
					"rotation": 90
				}
			},
			"rotation": {
				"origin": [
					11.05912210128471,
					-2.5,
					9.658671081699415
				],
				"axis": "y",
				"angle": 22.5
			}
		},
		{
			"name": "cube",
			"from": [
				-0.08201847637754511,
				-6.5,
				5.9999999999999964
			],
			"to": [0.9179815236224549, 4.5, 9.999999999999996],
			"faces": {
				"west": {"uv": [10, 0, 14, 11], "texture": "#0"},
				"up": {"uv": [0, 0, 1, 4], "texture": "#0"},
				"down": {"uv": [0, 0, 1, 4], "texture": "#0"}
			}
		},
		{
			"name": "cube",
			"from": [
				15.123974034307473,
				3.8000000000000007,
				7.457602796839776
			],
			"to": [16.02397403430747, 8.3, 10.157602796839777],
			"faces": {
				"east": {"uv": [12, 0, 14.7, 4.5], "texture": "#0"},
				"west": {
					"uv": [0, 0, 2.700000000000001, 4.5],
					"texture": "#0"
				},
				"up": {
					"uv": [
						0,
						0,
						0.8999999999999986,
						2.700000000000001
					],
					"texture": "#0",
					"rotation": 180
				}
			},
			"rotation": {
				"origin": [
					9.723974034307474,
					7.399999999999999,
					6.5576027968397765
				],
				"axis": "y",
				"angle": -22.5
			}
		},
		{
			"name": "cube",
			"from": [
				6.941135537290985,
				3.8000000000000007,
				12.749976724777303
			],
			"to": [9.641135537290985, 8.3, 13.649976724777304],
			"faces": {
				"north": {"uv": [0, 0, 2.7, 4.5], "texture": "#0"},
				"south": {"uv": [7, 0, 9.7, 4.5], "texture": "#0"},
				"up": {
					"uv": [0, 0, 2.7, 0.9000000000000004],
					"texture": "#0",
					"rotation": 270
				}
			},
			"rotation": {
				"origin": [
					12.341135537290985,
					7.399999999999999,
					7.349976724777303
				],
				"axis": "y",
				"angle": 22.5
			}
		},
		{
			"name": "cube",
			"from": [
				6.484774217274793,
				3.8000000000000007,
				11.96690981016944
			],
			"to": [9.184774217274793, 8.3, 12.866909810169439],
			"faces": {
				"north": {"uv": [0, 0, 2.7, 4.5], "texture": "#0"},
				"south": {"uv": [5, 0, 7.7, 4.5], "texture": "#0"},
				"up": {
					"uv": [0, 0, 2.7, 0.8999999999999986],
					"texture": "#0",
					"rotation": 270
				}
			},
			"rotation": {
				"origin": [
					10.984774217274794,
					7.399999999999999,
					6.566909810169439
				],
				"axis": "y",
				"angle": 45
			}
		},
		{
			"name": "cube",
			"from": [
				2.3131149608528006,
				3.8000000000000007,
				6.978043851660878
			],
			"to": [3.2131149608528, 8.3, 9.67804385166088],
			"faces": {
				"east": {
					"uv": [0, 0, 2.700000000000001, 4.5],
					"texture": "#0"
				},
				"west": {"uv": [3, 0, 5.7, 4.5], "texture": "#0"},
				"up": {
					"uv": [
						0,
						0,
						0.8999999999999995,
						2.700000000000001
					],
					"texture": "#0"
				}
			},
			"rotation": {
				"origin": [
					8.613114960852801,
					7.399999999999999,
					12.378043851660879
				],
				"axis": "y",
				"angle": 22.5
			}
		},
		{
			"name": "cube",
			"from": [
				3.0961818754606636,
				3.8000000000000007,
				6.521682531644686
			],
			"to": [3.996181875460664, 8.3, 9.221682531644687],
			"faces": {
				"east": {
					"uv": [0, 0, 2.700000000000001, 4.5],
					"texture": "#0"
				},
				"west": {"uv": [5, 0, 7.7, 4.5], "texture": "#0"},
				"up": {
					"uv": [
						0,
						0,
						0.9000000000000004,
						2.700000000000001
					],
					"texture": "#0"
				}
			},
			"rotation": {
				"origin": [
					9.396181875460664,
					7.399999999999999,
					11.021682531644686
				],
				"axis": "y",
				"angle": 45
			}
		},
		{
			"name": "cube",
			"from": [
				5.805488888790327,
				3.8000000000000007,
				15.160882348677369
			],
			"to": [8.505488888790326, 8.3, 16.060882348677367],
			"faces": {
				"north": {
					"uv": [0, 0, 2.6999999999999993, 4.5],
					"texture": "#0"
				},
				"south": {"uv": [4, 0, 6.7, 4.5], "texture": "#0"},
				"up": {
					"uv": [
						0,
						0,
						2.6999999999999993,
						0.8999999999999986
					],
					"texture": "#0",
					"rotation": 270
				}
			},
			"rotation": {
				"origin": [
					9.405488888790327,
					7.399999999999999,
					9.760882348677367
				],
				"axis": "y",
				"angle": -22.5
			}
		},
		{
			"name": "cube",
			"from": [6.1, 3.8000000000000007, 14.3],
			"to": [9.8, 8.3, 15.2],
			"faces": {
				"north": {
					"uv": [0, 0, 3.6000000000000005, 4.5],
					"texture": "#0"
				},
				"south": {
					"uv": [0, 0, 3.6000000000000005, 4.5],
					"texture": "#0"
				},
				"up": {
					"uv": [
						0,
						0,
						3.6000000000000005,
						0.8999999999999986
					],
					"texture": "#0",
					"rotation": 270
				}
			}
		},
		{
			"name": "cube",
			"from": [14.3, 3.8000000000000007, 6.2],
			"to": [15.2, 8.3, 9.8],
			"faces": {
				"east": {
					"uv": [0, 0, 3.6000000000000005, 4.5],
					"texture": "#0"
				},
				"west": {
					"uv": [0, 0, 3.6000000000000005, 4.5],
					"texture": "#0"
				},
				"up": {
					"uv": [
						0,
						0,
						0.8999999999999986,
						3.6000000000000005
					],
					"texture": "#0",
					"rotation": 180
				}
			}
		},
		{
			"name": "cube",
			"from": [
				14.020011009229155,
				3.8000000000000007,
				6.0619891019781615
			],
			"to": [14.920011009229155, 8.3, 8.761989101978163],
			"faces": {
				"east": {"uv": [3, 0, 5.7, 4.5], "texture": "#0"},
				"west": {
					"uv": [0, 0, 2.700000000000001, 4.5],
					"texture": "#0"
				},
				"up": {
					"uv": [
						0,
						0,
						0.9000000000000004,
						2.700000000000001
					],
					"texture": "#0",
					"rotation": 180
				}
			},
			"rotation": {
				"origin": [
					8.620011009229154,
					7.399999999999999,
					6.777194695657714
				],
				"axis": "y",
				"angle": 22.5
			}
		},
		{
			"name": "cube",
			"from": [
				6.1630916856301035,
				3.8000000000000007,
				0.7630916856301058
			],
			"to": [9.763091685630103, 8.3, 1.6630916856301061],
			"faces": {
				"north": {
					"uv": [0, 0, 3.5999999999999996, 4.5],
					"texture": "#0"
				},
				"south": {
					"uv": [0, 0, 3.5999999999999996, 4.5],
					"texture": "#0"
				},
				"up": {
					"uv": [
						0,
						0,
						3.5999999999999996,
						0.9000000000000004
					],
					"texture": "#0",
					"rotation": 270
				}
			}
		},
		{
			"name": "cube",
			"from": [
				7.438641813449826,
				3.8000000000000007,
				2.448983426399688
			],
			"to": [10.138641813449826, 8.3, 3.3489834263996885],
			"faces": {
				"north": {
					"uv": [10, 0, 12.7, 4.5],
					"texture": "#0"
				},
				"south": {"uv": [0, 0, 2.7, 4.5], "texture": "#0"},
				"up": {
					"uv": [0, 0, 2.7, 0.9000000000000004],
					"texture": "#0",
					"rotation": 270
				}
			},
			"rotation": {
				"origin": [
					12.838641813449826,
					7.399999999999999,
					7.448936875954294
				],
				"axis": "y",
				"angle": -22.5
			}
		},
		{
			"name": "cube",
			"from": [
				8.511469799837007,
				3.8000000000000007,
				3.9725749869294704
			],
			"to": [11.211469799837008, 8.3, 4.87257498692947],
			"faces": {
				"north": {"uv": [5, 0, 7.7, 4.5], "texture": "#0"},
				"south": {
					"uv": [0, 0, 2.700000000000001, 4.5],
					"texture": "#0"
				},
				"up": {
					"uv": [
						0,
						0,
						2.700000000000001,
						0.8999999999999995
					],
					"texture": "#0",
					"rotation": 270
				}
			},
			"rotation": {
				"origin": [
					13.011469799837007,
					7.399999999999999,
					7.406394607268348
				],
				"axis": "y",
				"angle": -45
			}
		},
		{
			"name": "cube",
			"from": [
				-1.037694735544127,
				3.8000000000000007,
				5.655438658990088
			],
			"to": [-0.1376947355441267, 8.3, 8.355438658990089],
			"faces": {
				"east": {
					"uv": [0, 0, 2.700000000000001, 4.5],
					"texture": "#0"
				},
				"west": {"uv": [3, 0, 5.7, 4.5], "texture": "#0"},
				"up": {
					"uv": [
						0,
						0,
						0.9000000000000004,
						2.700000000000001
					],
					"texture": "#0"
				}
			},
			"rotation": {
				"origin": [
					5.2623052644558745,
					7.399999999999999,
					11.711526362311846
				],
				"axis": "y",
				"angle": -22.5
			}
		},
		{
			"name": "cube",
			"from": [
				-1.1771225419771199,
				3.8000000000000007,
				5.00825682250372
			],
			"to": [-0.2771225419771195, 8.3, 7.70825682250372],
			"faces": {
				"east": {"uv": [0, 0, 2.7, 4.5], "texture": "#0"},
				"west": {"uv": [0, 0, 2.7, 4.5], "texture": "#0"},
				"up": {
					"uv": [0, 0, 0.9000000000000004, 2.7],
					"texture": "#0"
				}
			},
			"rotation": {
				"origin": [
					5.122877458022881,
					7.399999999999999,
					9.251621885793092
				],
				"axis": "y",
				"angle": -45
			}
		},
		{
			"name": "cube",
			"from": [
				7.153209891156239,
				3.8000000000000007,
				-0.3289607238252614
			],
			"to": [9.85320989115624, 8.3, 0.5710392761747389],
			"faces": {
				"north": {
					"uv": [11, 0, 13.7, 4.5],
					"texture": "#0"
				},
				"south": {
					"uv": [0, 0, 2.700000000000001, 4.5],
					"texture": "#0"
				},
				"up": {
					"uv": [
						0,
						0,
						2.700000000000001,
						0.9000000000000004
					],
					"texture": "#0",
					"rotation": 270
				}
			},
			"rotation": {
				"origin": [
					10.75320989115624,
					7.399999999999999,
					9.492803973529474
				],
				"axis": "y",
				"angle": 22.5
			}
		},
		{
			"name": "cube",
			"from": [
				0.726183371260209,
				3.8000000000000007,
				6.199999999999997
			],
			"to": [1.6261833712602094, 8.3, 9.799999999999997],
			"faces": {
				"east": {
					"uv": [0, 0, 3.6000000000000005, 4.5],
					"texture": "#0"
				},
				"west": {
					"uv": [0, 0, 3.6000000000000005, 4.5],
					"texture": "#0"
				},
				"up": {
					"uv": [
						0,
						0,
						0.9000000000000004,
						3.6000000000000005
					],
					"texture": "#0"
				}
			}
		},
		{
			"name": "cube",
			"from": [
				15.123974034307473,
				-10.45,
				7.457602796839776
			],
			"to": [
				16.02397403430747,
				-6.449999999999999,
				10.157602796839777
			],
			"faces": {
				"east": {
					"uv": [0, 0, 2.700000000000001, 4],
					"texture": "#0"
				}
			},
			"rotation": {
				"origin": [
					9.723974034307474,
					-7.350000000000001,
					6.5576027968397765
				],
				"axis": "y",
				"angle": -22.5
			}
		},
		{
			"name": "cube",
			"from": [
				6.941135537290985,
				-10.45,
				12.749976724777303
			],
			"to": [
				9.641135537290985,
				-6.449999999999999,
				13.649976724777304
			],
			"faces": {
				"south": {"uv": [10, 0, 12.7, 4], "texture": "#0"}
			},
			"rotation": {
				"origin": [
					12.341135537290985,
					-7.350000000000001,
					7.349976724777303
				],
				"axis": "y",
				"angle": 22.5
			}
		},
		{
			"name": "cube",
			"from": [
				6.484774217274793,
				-10.45,
				11.96690981016944
			],
			"to": [
				9.184774217274793,
				-6.449999999999999,
				12.866909810169439
			],
			"faces": {
				"south": {"uv": [7, 0, 9.7, 4], "texture": "#0"}
			},
			"rotation": {
				"origin": [
					10.984774217274794,
					-7.350000000000001,
					6.566909810169439
				],
				"axis": "y",
				"angle": 45
			}
		},
		{
			"name": "cube",
			"from": [
				2.3131149608528006,
				-10.45,
				6.978043851660878
			],
			"to": [
				3.2131149608528,
				-6.449999999999999,
				9.67804385166088
			],
			"faces": {
				"west": {"uv": [6, 0, 8.7, 4], "texture": "#0"}
			},
			"rotation": {
				"origin": [
					8.613114960852801,
					-7.350000000000001,
					12.378043851660879
				],
				"axis": "y",
				"angle": 22.5
			}
		},
		{
			"name": "cube",
			"from": [
				3.0961818754606636,
				-10.45,
				6.521682531644686
			],
			"to": [
				3.996181875460664,
				-6.449999999999999,
				9.221682531644687
			],
			"faces": {
				"west": {
					"uv": [0, 0, 2.700000000000001, 4],
					"texture": "#0"
				}
			},
			"rotation": {
				"origin": [
					9.396181875460664,
					-7.350000000000001,
					11.021682531644686
				],
				"axis": "y",
				"angle": 45
			}
		},
		{
			"name": "cube",
			"from": [
				5.805488888790327,
				-10.45,
				15.160882348677369
			],
			"to": [
				8.505488888790326,
				-6.449999999999999,
				16.060882348677367
			],
			"faces": {
				"south": {"uv": [7, 0, 9.7, 4], "texture": "#0"}
			},
			"rotation": {
				"origin": [
					9.405488888790327,
					-7.350000000000001,
					9.760882348677367
				],
				"axis": "y",
				"angle": -22.5
			}
		},
		{
			"name": "cube",
			"from": [6.1, -10.45, 14.3],
			"to": [9.8, -6.449999999999999, 15.2],
			"faces": {
				"south": {
					"uv": [0, 0, 3.6000000000000005, 4],
					"texture": "#0"
				}
			}
		},
		{
			"name": "cube",
			"from": [14.3, -10.45, 6.2],
			"to": [15.2, -6.449999999999999, 9.8],
			"faces": {
				"east": {
					"uv": [0, 0, 3.6000000000000005, 4],
					"texture": "#0"
				}
			}
		},
		{
			"name": "cube",
			"from": [
				14.020011009229155,
				-10.45,
				6.0619891019781615
			],
			"to": [
				14.920011009229155,
				-6.449999999999999,
				8.761989101978163
			],
			"faces": {
				"east": {"uv": [7, 0, 9.7, 4], "texture": "#0"}
			},
			"rotation": {
				"origin": [
					8.620011009229154,
					-7.350000000000001,
					6.777194695657714
				],
				"axis": "y",
				"angle": 22.5
			}
		},
		{
			"name": "cube",
			"from": [
				6.1630916856301035,
				-10.45,
				0.7630916856301058
			],
			"to": [
				9.763091685630103,
				-6.449999999999999,
				1.6630916856301061
			],
			"faces": {
				"north": {"uv": [8, 0, 11.6, 4], "texture": "#0"}
			}
		},
		{
			"name": "cube",
			"from": [
				7.438641813449826,
				-10.45,
				2.448983426399688
			],
			"to": [
				10.138641813449826,
				-6.449999999999999,
				3.3489834263996885
			],
			"faces": {
				"north": {"uv": [13, 0, 15.7, 4], "texture": "#0"}
			},
			"rotation": {
				"origin": [
					12.838641813449826,
					-7.350000000000001,
					7.448936875954294
				],
				"axis": "y",
				"angle": -22.5
			}
		},
		{
			"name": "cube",
			"from": [
				8.511469799837007,
				-10.45,
				3.9725749869294704
			],
			"to": [
				11.211469799837008,
				-6.449999999999999,
				4.87257498692947
			],
			"faces": {
				"north": {"uv": [9, 0, 11.7, 4], "texture": "#0"}
			},
			"rotation": {
				"origin": [
					13.011469799837007,
					-7.350000000000001,
					7.406394607268348
				],
				"axis": "y",
				"angle": -45
			}
		},
		{
			"name": "cube",
			"from": [
				-1.037694735544127,
				-10.45,
				5.655438658990088
			],
			"to": [
				-0.1376947355441267,
				-6.449999999999999,
				8.355438658990089
			],
			"faces": {
				"west": {"uv": [12, 0, 14.7, 4], "texture": "#0"}
			},
			"rotation": {
				"origin": [
					5.2623052644558745,
					-7.350000000000001,
					11.711526362311846
				],
				"axis": "y",
				"angle": -22.5
			}
		},
		{
			"name": "cube",
			"from": [
				-1.1771225419771199,
				-10.45,
				5.00825682250372
			],
			"to": [
				-0.2771225419771195,
				-6.449999999999999,
				7.70825682250372
			],
			"faces": {
				"west": {"uv": [10, 0, 12.7, 4], "texture": "#0"}
			},
			"rotation": {
				"origin": [
					5.122877458022881,
					-7.350000000000001,
					9.251621885793092
				],
				"axis": "y",
				"angle": -45
			}
		},
		{
			"name": "cube",
			"from": [
				7.153209891156239,
				-10.45,
				-0.3289607238252614
			],
			"to": [
				9.85320989115624,
				-6.449999999999999,
				0.5710392761747389
			],
			"faces": {
				"north": {
					"uv": [0, 0, 2.700000000000001, 4],
					"texture": "#0"
				}
			},
			"rotation": {
				"origin": [
					10.75320989115624,
					-7.350000000000001,
					9.492803973529474
				],
				"axis": "y",
				"angle": 22.5
			}
		},
		{
			"name": "cube",
			"from": [
				0.726183371260209,
				-10.45,
				6.199999999999997
			],
			"to": [
				1.6261833712602094,
				-6.449999999999999,
				9.799999999999997
			],
			"faces": {
				"west": {"uv": [0, 0, 3.6, 4], "texture": "#0"}
			}
		},
		{
			"name": "cube",
			"from": [
				4.4130916856301035,
				5.5,
				1.5130916856301049
			],
			"to": [11.513091685630103, 7, 14.413091685630107],
			"faces": {
				"up": {
					"uv": [5, 3, 12.1, 16],
					"texture": "#0",
					"rotation": 180
				}
			}
		},
		{
			"name": "cube",
			"from": [
				1.586908314369893,
				5.450000000000003,
				4.4130916856301035
			],
			"to": [
				14.486908314369895,
				6.950000000000003,
				11.513091685630103
			],
			"faces": {
				"up": {
					"uv": [1, 2, 14, 9.1],
					"texture": "#0",
					"rotation": 180
				}
			}
		},
		{
			"name": "cube",
			"from": [
				11.386908314369894,
				5.400000000000006,
				11.413091685630105
			],
			"to": [
				13.686908314369894,
				6.900000000000006,
				12.663091685630105
			],
			"faces": {
				"up": {
					"uv": [0, 0, 2.3000000000000007, 1.25],
					"texture": "#0",
					"rotation": 180
				}
			}
		},
		{
			"name": "cube",
			"from": [
				3.3369083143698948,
				5.400000000000006,
				11.386908314369894
			],
			"to": [
				4.586908314369895,
				6.900000000000006,
				13.686908314369894
			],
			"faces": {
				"up": {
					"uv": [0, 0, 2.3000000000000007, 1.25],
					"texture": "#0",
					"rotation": 270
				}
			}
		},
		{
			"name": "cube",
			"from": [
				2.3130916856301056,
				5.400000000000006,
				3.3369083143698948
			],
			"to": [
				4.613091685630106,
				6.900000000000006,
				4.586908314369895
			],
			"faces": {
				"up": {
					"uv": [0, 0, 2.3000000000000007, 1.25],
					"texture": "#0"
				}
			}
		},
		{
			"name": "cube",
			"from": [
				11.413091685630105,
				5.400000000000006,
				2.3130916856301056
			],
			"to": [
				12.663091685630105,
				6.900000000000006,
				4.613091685630106
			],
			"faces": {
				"up": {
					"uv": [0, 0, 2.3000000000000007, 1.25],
					"texture": "#0",
					"rotation": 90
				}
			}
		},
		{
			"name": "cube",
			"from": [
				2.3369083143698948,
				5.300000000000004,
				11.386908314369894
			],
			"to": [
				3.5869083143698948,
				6.800000000000004,
				12.786908314369894
			],
			"faces": {
				"up": {
					"uv": [0, 0, 2.3000000000000007, 1.25],
					"texture": "#0",
					"rotation": 270
				}
			}
		},
		{
			"name": "cube",
			"from": [
				3.213091685630106,
				5.300000000000004,
				2.3369083143698948
			],
			"to": [
				4.613091685630106,
				6.800000000000004,
				3.5869083143698948
			],
			"faces": {
				"up": {
					"uv": [0, 0, 2.3000000000000007, 1.25],
					"texture": "#0"
				}
			}
		},
		{
			"name": "cube",
			"from": [
				12.413091685630105,
				5.300000000000004,
				3.213091685630106
			],
			"to": [
				13.663091685630105,
				6.800000000000004,
				4.613091685630106
			],
			"faces": {
				"up": {
					"uv": [0, 0, 2.3000000000000007, 1.25],
					"texture": "#0",
					"rotation": 90
				}
			}
		},
		{
			"name": "cube",
			"from": [
				11.386908314369894,
				5.300000000000004,
				12.413091685630105
			],
			"to": [
				12.786908314369894,
				6.800000000000004,
				13.663091685630105
			],
			"faces": {
				"up": {
					"uv": [0, 0, 2.3000000000000007, 1.25],
					"texture": "#0",
					"rotation": 180
				}
			}
		},
		{
			"name": "cube",
			"from": [
				2.246186733873845,
				-5.604000000000003,
				6.265440837129765
			],
			"to": [
				3.302186733873846,
				-4.298000000000002,
				9.433440837129766
			],
			"faces": {
				"west": {
					"uv": [12, 1, 15.16796875, 2.30546875],
					"texture": "#3"
				},
				"up": {
					"uv": [0, 0, 1.056000000000001, 3.168],
					"texture": "#3"
				},
				"down": {
					"uv": [0, 0, 1.056000000000001, 3.168],
					"texture": "#3"
				}
			},
			"rotation": {
				"origin": [
					9.638186733873845,
					-3.3000000000000007,
					11.545440837129766
				],
				"axis": "y",
				"angle": 45
			}
		},
		{
			"name": "cube",
			"from": [
				1.327388220733953,
				-5.604000000000003,
				6.800904785948765
			],
			"to": [
				2.383388220733952,
				-4.298000000000002,
				9.968904785948766
			],
			"faces": {
				"west": {
					"uv": [9, 9, 12.16796875, 10.30546875],
					"texture": "#3"
				},
				"up": {
					"uv": [
						0,
						0,
						1.0559999999999992,
						3.168000000000001
					],
					"texture": "#3"
				},
				"down": {
					"uv": [
						0,
						0,
						1.0559999999999992,
						3.168000000000001
					],
					"texture": "#3"
				}
			},
			"rotation": {
				"origin": [
					8.719388220733954,
					-3.3000000000000007,
					13.136904785948765
				],
				"axis": "y",
				"angle": 22.5
			}
		},
		{
			"name": "cube",
			"from": [
				-0.5346115110546883,
				-5.604000000000003,
				5.8879999999999955
			],
			"to": [
				0.5213884889453118,
				-4.298000000000002,
				10.111999999999995
			],
			"faces": {
				"west": {
					"uv": [0, 5, 4.2234375, 6.30546875],
					"texture": "#3"
				},
				"up": {
					"uv": [0, 0, 1.056, 4.223999999999999],
					"texture": "#3"
				},
				"down": {
					"uv": [0, 0, 1.056, 4.223999999999999],
					"texture": "#3"
				}
			}
		},
		{
			"name": "cube",
			"from": [
				5.425106962847316,
				-5.604000000000003,
				16.402101955781443
			],
			"to": [
				8.593106962847317,
				-4.298000000000002,
				17.458101955781444
			],
			"faces": {
				"south": {
					"uv": [0, 0, 3.168000000000001, 1.306000000000001],
					"texture": "#3"
				},
				"up": {
					"uv": [0, 0, 3.168000000000001, 1.056000000000001],
					"texture": "#3",
					"rotation": 270
				},
				"down": {
					"uv": [0, 0, 3.168000000000001, 1.056000000000001],
					"texture": "#3",
					"rotation": 90
				}
			},
			"rotation": {
				"origin": [
					9.649106962847316,
					-3.3000000000000007,
					10.066101955781445
				],
				"axis": "y",
				"angle": -22.5
			}
		},
		{
			"name": "cube",
			"from": [5.788, -5.604000000000003, 15.392],
			"to": [
				10.111999999999998,
				-4.298000000000002,
				16.448
			],
			"faces": {
				"south": {
					"uv": [0, 2, 4.2234375, 3.30546875],
					"texture": "#3"
				},
				"up": {
					"uv": [0, 0, 4.223999999999998, 1.056000000000001],
					"texture": "#3",
					"rotation": 270
				},
				"down": {
					"uv": [0, 0, 4.223999999999998, 1.056000000000001],
					"texture": "#3",
					"rotation": 90
				}
			}
		},
		{
			"name": "cube",
			"from": [
				6.757599030421423,
				-5.604000000000003,
				13.573306023738702
			],
			"to": [
				9.925599030421422,
				-4.298000000000002,
				14.629306023738703
			],
			"faces": {
				"south": {
					"uv": [1, 4, 4.16796875, 5.30546875],
					"texture": "#3"
				},
				"up": {
					"uv": [
						0,
						0,
						3.1679999999999993,
						1.056000000000001
					],
					"texture": "#3",
					"rotation": 270
				},
				"down": {
					"uv": [
						0,
						0,
						3.1679999999999993,
						1.056000000000001
					],
					"texture": "#3",
					"rotation": 90
				}
			},
			"rotation": {
				"origin": [
					13.093599030421423,
					-3.3000000000000007,
					7.237306023738702
				],
				"axis": "y",
				"angle": 22.5
			}
		},
		{
			"name": "cube",
			"from": [
				6.222135081602423,
				-5.604000000000003,
				12.654507510598808
			],
			"to": [
				9.390135081602423,
				-4.298000000000002,
				13.71050751059881
			],
			"faces": {
				"south": {
					"uv": [0, 0, 3.168, 1.306000000000001],
					"texture": "#3"
				},
				"up": {
					"uv": [0, 0, 3.168, 1.056000000000001],
					"texture": "#3",
					"rotation": 270
				},
				"down": {
					"uv": [0, 0, 3.168, 1.056000000000001],
					"texture": "#3",
					"rotation": 90
				}
			},
			"rotation": {
				"origin": [
					11.502135081602423,
					-3.3000000000000007,
					6.318507510598809
				],
				"axis": "y",
				"angle": 45
			}
		},
		{
			"name": "cube",
			"from": [
				16.358796200254105,
				-5.604000000000003,
				7.363587281625338
			],
			"to": [
				17.414796200254102,
				-4.298000000000002,
				10.531587281625338
			],
			"faces": {
				"east": {
					"uv": [0, 6, 3.16796875, 7.30546875],
					"texture": "#3"
				},
				"up": {
					"uv": [0, 0, 1.0559999999999974, 3.168],
					"texture": "#3",
					"rotation": 180
				},
				"down": {
					"uv": [0, 0, 1.0559999999999974, 3.168],
					"texture": "#3",
					"rotation": 180
				}
			},
			"rotation": {
				"origin": [
					10.022796200254103,
					-3.3000000000000007,
					6.307587281625338
				],
				"axis": "y",
				"angle": -22.5
			}
		},
		{
			"name": "cube",
			"from": [15.392, -5.604000000000003, 5.888],
			"to": [
				16.448,
				-4.298000000000002,
				10.111999999999998
			],
			"faces": {
				"east": {
					"uv": [11, 7, 15.2234375, 8.30546875],
					"texture": "#3"
				},
				"up": {
					"uv": [0, 0, 1.056000000000001, 4.223999999999998],
					"texture": "#3",
					"rotation": 180
				},
				"down": {
					"uv": [0, 0, 1.056000000000001, 4.223999999999998],
					"texture": "#3",
					"rotation": 180
				}
			}
		},
		{
			"name": "cube",
			"from": [
				15.06347958416221,
				-5.604000000000003,
				5.72606721298771
			],
			"to": [
				16.119479584162207,
				-4.298000000000002,
				8.89406721298771
			],
			"faces": {
				"east": {
					"uv": [0, 0, 3.168000000000001, 1.306000000000001],
					"texture": "#3"
				},
				"up": {
					"uv": [
						0,
						0,
						1.0559999999999974,
						3.168000000000001
					],
					"texture": "#3",
					"rotation": 180
				},
				"down": {
					"uv": [
						0,
						0,
						1.0559999999999974,
						3.168000000000001
					],
					"texture": "#3",
					"rotation": 180
				}
			},
			"rotation": {
				"origin": [
					8.727479584162209,
					-3.3000000000000007,
					6.565241776238384
				],
				"axis": "y",
				"angle": 22.5
			}
		},
		{
			"name": "cube",
			"from": [
				8.600124565142089,
				-5.604000000000003,
				3.274487984663912
			],
			"to": [
				11.768124565142088,
				-4.298000000000002,
				4.330487984663912
			],
			"faces": {
				"north": {
					"uv": [6, 10, 9.16796875, 11.30546875],
					"texture": "#3"
				},
				"up": {
					"uv": [0, 0, 3.1679999999999993, 1.056],
					"texture": "#3",
					"rotation": 270
				},
				"down": {
					"uv": [0, 0, 3.1679999999999993, 1.056],
					"texture": "#3",
					"rotation": 90
				}
			},
			"rotation": {
				"origin": [
					13.88012456514209,
					-3.3000000000000007,
					7.303503005861529
				],
				"axis": "y",
				"angle": -45
			}
		},
		{
			"name": "cube",
			"from": [
				7.341339727781129,
				-5.604000000000003,
				1.4868072203089673
			],
			"to": [
				10.50933972778113,
				-4.298000000000002,
				2.5428072203089673
			],
			"faces": {
				"north": {
					"uv": [0, 6, 3.16796875, 7.30546875],
					"texture": "#3"
				},
				"up": {
					"uv": [0, 0, 3.168000000000001, 1.056],
					"texture": "#3",
					"rotation": 270
				},
				"down": {
					"uv": [0, 0, 3.168000000000001, 1.056],
					"texture": "#3",
					"rotation": 90
				}
			},
			"rotation": {
				"origin": [
					13.677339727781131,
					-3.3000000000000007,
					7.3534192677863714
				],
				"axis": "y",
				"angle": -22.5
			}
		},
		{
			"name": "cube",
			"from": [
				5.844694244472654,
				-5.604000000000003,
				-0.49130575552734257
			],
			"to": [
				10.068694244472654,
				-4.298000000000002,
				0.5646942444726575
			],
			"faces": {
				"north": {
					"uv": [0, 6, 4.2234375, 7.30546875],
					"texture": "#3"
				},
				"up": {
					"uv": [0, 0, 4.224, 1.056],
					"texture": "#3",
					"rotation": 270
				},
				"down": {
					"uv": [0, 0, 4.224, 1.056],
					"texture": "#3",
					"rotation": 90
				}
			}
		},
		{
			"name": "cube",
			"from": [
				7.006432938956653,
				-5.604000000000003,
				-1.7726472492883065
			],
			"to": [
				10.174432938956654,
				-4.298000000000002,
				-0.7166472492883074
			],
			"faces": {
				"north": {
					"uv": [6, 6, 9.16796875, 7.30546875],
					"texture": "#3"
				},
				"up": {
					"uv": [
						0,
						0,
						3.168000000000001,
						1.0559999999999992
					],
					"texture": "#3",
					"rotation": 270
				},
				"down": {
					"uv": [
						0,
						0,
						3.168000000000001,
						1.0559999999999992
					],
					"texture": "#3",
					"rotation": 90
				}
			},
			"rotation": {
				"origin": [
					11.230432938956655,
					-3.3000000000000007,
					9.751556662274583
				],
				"axis": "y",
				"angle": 22.5
			}
		},
		{
			"name": "cube",
			"from": [
				-2.767823782586488,
				-5.604000000000003,
				4.489688005071031
			],
			"to": [
				-1.711823782586487,
				-4.298000000000002,
				7.657688005071031
			],
			"faces": {
				"west": {
					"uv": [4, 7, 7.16796875, 8.30546875],
					"texture": "#3"
				},
				"up": {
					"uv": [0, 0, 1.056000000000001, 3.168],
					"texture": "#3"
				},
				"down": {
					"uv": [0, 0, 1.056000000000001, 3.168],
					"texture": "#3"
				}
			},
			"rotation": {
				"origin": [
					4.624176217413512,
					-3.3000000000000007,
					9.468569679330562
				],
				"axis": "y",
				"angle": -45
			}
		},
		{
			"name": "cube",
			"from": [
				-2.6042284897051093,
				-5.604000000000003,
				5.24904802654837
			],
			"to": [
				-1.5482284897051084,
				-4.298000000000002,
				8.41704802654837
			],
			"faces": {
				"west": {
					"uv": [0, 6, 3.16796875, 7.30546875],
					"texture": "#3"
				},
				"up": {
					"uv": [0, 0, 1.056000000000001, 3.168],
					"texture": "#3"
				},
				"down": {
					"uv": [0, 0, 1.056000000000001, 3.168],
					"texture": "#3"
				}
			},
			"rotation": {
				"origin": [
					4.787771510294893,
					-3.3000000000000007,
					12.3548575984459
				],
				"axis": "y",
				"angle": -22.5
			}
		},
		{
			"name": "cube",
			"from": [
				6.757599030421423,
				2.195999999999998,
				13.573306023738702
			],
			"to": [
				9.925599030421422,
				3.501999999999999,
				14.629306023738703
			],
			"faces": {
				"south": {
					"uv": [1, 4, 4.16796875, 5.30546875],
					"texture": "#3"
				},
				"up": {
					"uv": [
						0,
						0,
						3.1679999999999993,
						1.056000000000001
					],
					"texture": "#3",
					"rotation": 270
				},
				"down": {
					"uv": [
						0,
						0,
						3.1679999999999993,
						1.056000000000001
					],
					"texture": "#3",
					"rotation": 90
				}
			},
			"rotation": {
				"origin": [
					13.093599030421423,
					4.5,
					7.237306023738702
				],
				"axis": "y",
				"angle": 22.5
			}
		},
		{
			"name": "cube",
			"from": [5.788, 2.195999999999998, 15.392],
			"to": [
				10.111999999999998,
				3.501999999999999,
				16.448
			],
			"faces": {
				"south": {
					"uv": [0, 2, 4.2234375, 3.30546875],
					"texture": "#3"
				},
				"up": {
					"uv": [0, 0, 4.223999999999998, 1.056000000000001],
					"texture": "#3",
					"rotation": 270
				},
				"down": {
					"uv": [0, 0, 4.223999999999998, 1.056000000000001],
					"texture": "#3",
					"rotation": 90
				}
			}
		},
		{
			"name": "cube",
			"from": [
				5.425106962847316,
				2.195999999999998,
				16.402101955781443
			],
			"to": [
				8.593106962847317,
				3.501999999999999,
				17.458101955781444
			],
			"faces": {
				"south": {
					"uv": [0, 0, 3.168000000000001, 1.306000000000001],
					"texture": "#3"
				},
				"up": {
					"uv": [0, 0, 3.168000000000001, 1.056000000000001],
					"texture": "#3",
					"rotation": 270
				},
				"down": {
					"uv": [0, 0, 3.168000000000001, 1.056000000000001],
					"texture": "#3",
					"rotation": 90
				}
			},
			"rotation": {
				"origin": [
					9.649106962847316,
					4.5,
					10.066101955781445
				],
				"axis": "y",
				"angle": -22.5
			}
		},
		{
			"name": "cube",
			"from": [
				2.246186733873845,
				2.195999999999998,
				6.265440837129765
			],
			"to": [
				3.302186733873846,
				3.501999999999999,
				9.433440837129766
			],
			"faces": {
				"west": {
					"uv": [12, 1, 15.16796875, 2.30546875],
					"texture": "#3"
				},
				"up": {
					"uv": [0, 0, 1.056000000000001, 3.168],
					"texture": "#3"
				},
				"down": {
					"uv": [0, 0, 1.056000000000001, 3.168],
					"texture": "#3"
				}
			},
			"rotation": {
				"origin": [
					9.638186733873845,
					4.5,
					11.545440837129766
				],
				"axis": "y",
				"angle": 45
			}
		},
		{
			"name": "cube",
			"from": [
				1.327388220733953,
				2.195999999999998,
				6.800904785948765
			],
			"to": [
				2.383388220733952,
				3.501999999999999,
				9.968904785948766
			],
			"faces": {
				"west": {
					"uv": [9, 9, 12.16796875, 10.30546875],
					"texture": "#3"
				},
				"up": {
					"uv": [
						0,
						0,
						1.0559999999999992,
						3.168000000000001
					],
					"texture": "#3"
				},
				"down": {
					"uv": [
						0,
						0,
						1.0559999999999992,
						3.168000000000001
					],
					"texture": "#3"
				}
			},
			"rotation": {
				"origin": [
					8.719388220733954,
					4.5,
					13.136904785948765
				],
				"axis": "y",
				"angle": 22.5
			}
		},
		{
			"name": "cube",
			"from": [
				-0.5346115110546883,
				2.195999999999998,
				5.8879999999999955
			],
			"to": [
				0.5213884889453118,
				3.501999999999999,
				10.111999999999995
			],
			"faces": {
				"west": {
					"uv": [0, 5, 4.2234375, 6.30546875],
					"texture": "#3"
				},
				"up": {
					"uv": [0, 0, 1.056, 4.223999999999999],
					"texture": "#3"
				},
				"down": {
					"uv": [0, 0, 1.056, 4.223999999999999],
					"texture": "#3"
				}
			}
		},
		{
			"name": "cube",
			"from": [
				-2.767823782586488,
				2.195999999999998,
				4.489688005071031
			],
			"to": [
				-1.711823782586487,
				3.501999999999999,
				7.657688005071031
			],
			"faces": {
				"west": {
					"uv": [4, 7, 7.16796875, 8.30546875],
					"texture": "#3"
				},
				"up": {
					"uv": [0, 0, 1.056000000000001, 3.168],
					"texture": "#3"
				},
				"down": {
					"uv": [0, 0, 1.056000000000001, 3.168],
					"texture": "#3"
				}
			},
			"rotation": {
				"origin": [
					4.624176217413512,
					4.5,
					9.468569679330562
				],
				"axis": "y",
				"angle": -45
			}
		},
		{
			"name": "cube",
			"from": [
				-2.6042284897051093,
				2.195999999999998,
				5.24904802654837
			],
			"to": [
				-1.5482284897051084,
				3.501999999999999,
				8.41704802654837
			],
			"faces": {
				"west": {
					"uv": [0, 6, 3.16796875, 7.30546875],
					"texture": "#3"
				},
				"up": {
					"uv": [0, 0, 1.056000000000001, 3.168],
					"texture": "#3"
				},
				"down": {
					"uv": [0, 0, 1.056000000000001, 3.168],
					"texture": "#3"
				}
			},
			"rotation": {
				"origin": [
					4.787771510294893,
					4.5,
					12.3548575984459
				],
				"axis": "y",
				"angle": -22.5
			}
		},
		{
			"name": "cube",
			"from": [
				7.006432938956653,
				2.195999999999998,
				-1.7726472492883065
			],
			"to": [
				10.174432938956654,
				3.501999999999999,
				-0.7166472492883074
			],
			"faces": {
				"north": {
					"uv": [6, 6, 9.16796875, 7.30546875],
					"texture": "#3"
				},
				"up": {
					"uv": [
						0,
						0,
						3.168000000000001,
						1.0559999999999992
					],
					"texture": "#3",
					"rotation": 270
				},
				"down": {
					"uv": [
						0,
						0,
						3.168000000000001,
						1.0559999999999992
					],
					"texture": "#3",
					"rotation": 90
				}
			},
			"rotation": {
				"origin": [
					11.230432938956655,
					4.5,
					9.751556662274583
				],
				"axis": "y",
				"angle": 22.5
			}
		},
		{
			"name": "cube",
			"from": [
				5.844694244472654,
				2.195999999999998,
				-0.49130575552734257
			],
			"to": [
				10.068694244472654,
				3.501999999999999,
				0.5646942444726575
			],
			"faces": {
				"north": {
					"uv": [0, 6, 4.2234375, 7.30546875],
					"texture": "#3"
				},
				"up": {
					"uv": [0, 0, 4.224, 1.056],
					"texture": "#3",
					"rotation": 270
				},
				"down": {
					"uv": [0, 0, 4.224, 1.056],
					"texture": "#3",
					"rotation": 90
				}
			}
		},
		{
			"name": "cube",
			"from": [
				7.341339727781129,
				2.195999999999998,
				1.4868072203089673
			],
			"to": [
				10.50933972778113,
				3.501999999999999,
				2.5428072203089673
			],
			"faces": {
				"north": {
					"uv": [0, 6, 3.16796875, 7.30546875],
					"texture": "#3"
				},
				"up": {
					"uv": [0, 0, 3.168000000000001, 1.056],
					"texture": "#3",
					"rotation": 270
				},
				"down": {
					"uv": [0, 0, 3.168000000000001, 1.056],
					"texture": "#3",
					"rotation": 90
				}
			},
			"rotation": {
				"origin": [
					13.677339727781131,
					4.5,
					7.3534192677863714
				],
				"axis": "y",
				"angle": -22.5
			}
		},
		{
			"name": "cube",
			"from": [
				8.600124565142089,
				2.195999999999998,
				3.274487984663912
			],
			"to": [
				11.768124565142088,
				3.501999999999999,
				4.330487984663912
			],
			"faces": {
				"north": {
					"uv": [6, 10, 9.16796875, 11.30546875],
					"texture": "#3"
				},
				"up": {
					"uv": [0, 0, 3.1679999999999993, 1.056],
					"texture": "#3",
					"rotation": 270
				},
				"down": {
					"uv": [0, 0, 3.1679999999999993, 1.056],
					"texture": "#3",
					"rotation": 90
				}
			},
			"rotation": {
				"origin": [
					13.88012456514209,
					4.5,
					7.303503005861529
				],
				"axis": "y",
				"angle": -45
			}
		},
		{
			"name": "cube",
			"from": [
				15.06347958416221,
				2.195999999999998,
				5.72606721298771
			],
			"to": [
				16.119479584162207,
				3.501999999999999,
				8.89406721298771
			],
			"faces": {
				"east": {
					"uv": [0, 0, 3.168000000000001, 1.306000000000001],
					"texture": "#3"
				},
				"up": {
					"uv": [
						0,
						0,
						1.0559999999999974,
						3.168000000000001
					],
					"texture": "#3",
					"rotation": 180
				},
				"down": {
					"uv": [
						0,
						0,
						1.0559999999999974,
						3.168000000000001
					],
					"texture": "#3",
					"rotation": 180
				}
			},
			"rotation": {
				"origin": [
					8.727479584162209,
					4.5,
					6.565241776238384
				],
				"axis": "y",
				"angle": 22.5
			}
		},
		{
			"name": "cube",
			"from": [15.392, 2.195999999999998, 5.888],
			"to": [
				16.448,
				3.501999999999999,
				10.111999999999998
			],
			"faces": {
				"east": {
					"uv": [11, 7, 15.2234375, 8.30546875],
					"texture": "#3"
				},
				"up": {
					"uv": [0, 0, 1.056000000000001, 4.223999999999998],
					"texture": "#3",
					"rotation": 180
				},
				"down": {
					"uv": [0, 0, 1.056000000000001, 4.223999999999998],
					"texture": "#3",
					"rotation": 180
				}
			}
		},
		{
			"name": "cube",
			"from": [
				16.358796200254105,
				2.195999999999998,
				7.363587281625338
			],
			"to": [
				17.414796200254102,
				3.501999999999999,
				10.531587281625338
			],
			"faces": {
				"east": {
					"uv": [0, 6, 3.16796875, 7.30546875],
					"texture": "#3"
				},
				"up": {
					"uv": [0, 0, 1.0559999999999974, 3.168],
					"texture": "#3",
					"rotation": 180
				},
				"down": {
					"uv": [0, 0, 1.0559999999999974, 3.168],
					"texture": "#3",
					"rotation": 180
				}
			},
			"rotation": {
				"origin": [
					10.022796200254103,
					4.5,
					6.307587281625338
				],
				"axis": "y",
				"angle": -22.5
			}
		},
		{
			"name": "cube",
			"from": [
				6.222135081602423,
				2.195999999999998,
				12.654507510598808
			],
			"to": [
				9.390135081602423,
				3.501999999999999,
				13.71050751059881
			],
			"faces": {
				"south": {
					"uv": [0, 0, 3.168, 1.306000000000001],
					"texture": "#3"
				},
				"up": {
					"uv": [0, 0, 3.168, 1.056000000000001],
					"texture": "#3",
					"rotation": 270
				},
				"down": {
					"uv": [0, 0, 3.168, 1.056000000000001],
					"texture": "#3",
					"rotation": 90
				}
			},
			"rotation": {
				"origin": [
					11.502135081602423,
					4.5,
					6.318507510598809
				],
				"axis": "y",
				"angle": 45
			}
		},
		{
			"name": "cube",
			"from": [
				6.358796200254105,
				5.896000000000001,
				8.563587281625338
			],
			"to": [
				9.414796200254102,
				7.202000000000002,
				10.531587281625338
			],
			"faces": {
				"north": {
					"uv": [0, 6, 3.16796875, 7.30546875],
					"texture": "#3"
				},
				"east": {
					"uv": [0, 6, 3.16796875, 7.30546875],
					"texture": "#3"
				},
				"south": {
					"uv": [0, 6, 3.16796875, 7.30546875],
					"texture": "#3"
				},
				"west": {
					"uv": [0, 6, 3.16796875, 7.30546875],
					"texture": "#3"
				},
				"up": {
					"uv": [0, 0, 3.0559999999999974, 1.968],
					"texture": "#3",
					"rotation": 180
				},
				"down": {
					"uv": [0, 0, 1.0559999999999974, 3.168],
					"texture": "#3",
					"rotation": 180
				}
			},
			"rotation": {
				"origin": [
					2.0227962002541027,
					8.200000000000003,
					6.307587281625338
				],
				"axis": "y",
				"angle": -22.5
			}
		},
		{
			"name": "cube",
			"from": [
				15.915526704786082,
				-6.5,
				7.397336440933085
			],
			"to": [16.915526704786082, 4.5, 10.397336440933085],
			"faces": {
				"east": {"uv": [4, 0, 7, 11], "texture": "#0"},
				"up": {
					"uv": [0, 0, 1, 3],
					"texture": "#0",
					"rotation": 180
				},
				"down": {
					"uv": [0, 0, 1, 3],
					"texture": "#0",
					"rotation": 180
				}
			},
			"rotation": {
				"origin": [
					9.915526704786082,
					-2.5,
					6.397336440933085
				],
				"axis": "y",
				"angle": -22.5
			}
		},
		{
			"name": "cube",
			"from": [
				6.823483930323317,
				-6.5,
				13.277751916419225
			],
			"to": [9.823483930323317, 4.5, 14.277751916419225],
			"faces": {
				"south": {"uv": [0, 0, 3, 11], "texture": "#0"},
				"up": {
					"uv": [0, 0, 3, 1],
					"texture": "#0",
					"rotation": 270
				},
				"down": {
					"uv": [0, 0, 3, 1],
					"texture": "#0",
					"rotation": 90
				}
			},
			"rotation": {
				"origin": [
					12.823483930323317,
					-2.5,
					7.277751916419225
				],
				"axis": "y",
				"angle": 22.5
			}
		},
		{
			"name": "cube",
			"from": [
				6.316415796971992,
				-6.5,
				12.407677566854932
			],
			"to": [9.316415796971992, 4.5, 13.407677566854932],
			"faces": {
				"south": {"uv": [5, 0, 8, 11], "texture": "#0"},
				"up": {
					"uv": [0, 0, 3, 1],
					"texture": "#0",
					"rotation": 270
				},
				"down": {
					"uv": [0, 0, 3, 1],
					"texture": "#0",
					"rotation": 90
				}
			},
			"rotation": {
				"origin": [
					11.316415796971992,
					-2.5,
					6.407677566854932
				],
				"axis": "y",
				"angle": 45
			}
		},
		{
			"name": "cube",
			"from": [
				1.6812388453920004,
				-6.5,
				6.864493168512087
			],
			"to": [2.6812388453920004, 4.5, 9.864493168512087],
			"faces": {
				"west": {"uv": [6, 0, 9, 11], "texture": "#0"},
				"up": {"uv": [0, 0, 1, 3], "texture": "#0"},
				"down": {"uv": [0, 0, 1, 3], "texture": "#0"}
			},
			"rotation": {
				"origin": [
					8.681238845392,
					-2.5,
					12.864493168512087
				],
				"axis": "y",
				"angle": 22.5
			}
		},
		{
			"name": "cube",
			"from": [
				2.5513131949562933,
				-6.5,
				6.357425035160762
			],
			"to": [3.5513131949562933, 4.5, 9.357425035160762],
			"faces": {
				"west": {"uv": [11, 0, 14, 11], "texture": "#0"},
				"up": {"uv": [0, 0, 1, 3], "texture": "#0"},
				"down": {"uv": [0, 0, 1, 3], "texture": "#0"}
			},
			"rotation": {
				"origin": [
					9.551313194956293,
					-2.5,
					11.357425035160762
				],
				"axis": "y",
				"angle": 45
			}
		},
		{
			"name": "cube",
			"from": [
				5.561654320878141,
				-6.5,
				15.956535942974853
			],
			"to": [8.56165432087814, 4.5, 16.956535942974853],
			"faces": {
				"south": {"uv": [8, 0, 11, 11], "texture": "#0"},
				"up": {
					"uv": [0, 0, 3, 1],
					"texture": "#0",
					"rotation": 270
				},
				"down": {
					"uv": [0, 0, 3, 1],
					"texture": "#0",
					"rotation": 90
				}
			},
			"rotation": {
				"origin": [
					9.56165432087814,
					-2.5,
					9.956535942974853
				],
				"axis": "y",
				"angle": -22.5
			}
		},
		{
			"name": "cube",
			"from": [5.9, -6.5, 15],
			"to": [10, 4.5, 16],
			"faces": {
				"south": {"uv": [0, 0, 4, 11], "texture": "#0"},
				"up": {
					"uv": [0, 0, 4, 1],
					"texture": "#0",
					"rotation": 270
				},
				"down": {
					"uv": [0, 0, 4, 1],
					"texture": "#0",
					"rotation": 90
				}
			}
		},
		{
			"name": "cube",
			"from": [15, -6.5, 6],
			"to": [16, 4.5, 10],
			"faces": {
				"east": {"uv": [0, 0, 4, 11], "texture": "#0"},
				"up": {
					"uv": [0, 0, 1, 4],
					"texture": "#0",
					"rotation": 180
				},
				"down": {
					"uv": [0, 0, 1, 4],
					"texture": "#0",
					"rotation": 180
				}
			}
		},
		{
			"name": "cube",
			"from": [
				14.688901121365728,
				-6.5,
				5.846654557753513
			],
			"to": [15.688901121365728, 4.5, 8.846654557753514],
			"faces": {
				"east": {"uv": [10, 0, 13, 11], "texture": "#0"},
				"up": {
					"uv": [0, 0, 1, 3.000000000000001],
					"texture": "#0",
					"rotation": 180
				},
				"down": {
					"uv": [0, 0, 1, 3.000000000000001],
					"texture": "#0",
					"rotation": 180
				}
			},
			"rotation": {
				"origin": [
					8.688901121365728,
					-2.5,
					6.641327439619682
				],
				"axis": "y",
				"angle": 22.5
			}
		},
		{
			"name": "cube",
			"from": [
				5.958990761811226,
				-6.5,
				-0.04100923818877078
			],
			"to": [9.958990761811226, 4.5, 0.9589907618112292],
			"faces": {
				"north": {"uv": [4, 0, 8, 11], "texture": "#0"},
				"up": {
					"uv": [0, 0, 4, 1],
					"texture": "#0",
					"rotation": 270
				},
				"down": {
					"uv": [0, 0, 4, 1],
					"texture": "#0",
					"rotation": 90
				}
			}
		},
		{
			"name": "cube",
			"from": [
				7.376268681610918,
				-6.5,
				1.8322038071107647
			],
			"to": [10.376268681610918, 4.5, 2.8322038071107647],
			"faces": {
				"north": {"uv": [11, 0, 14, 11], "texture": "#0"},
				"up": {
					"uv": [0, 0, 3, 1],
					"texture": "#0",
					"rotation": 270
				},
				"down": {
					"uv": [0, 0, 3, 1],
					"texture": "#0",
					"rotation": 90
				}
			},
			"rotation": {
				"origin": [
					13.376268681610918,
					-2.5,
					7.387707639949215
				],
				"axis": "y",
				"angle": -22.5
			}
		},
		{
			"name": "cube",
			"from": [
				8.568299777596675,
				-6.5,
				3.5250833188105224
			],
			"to": [11.568299777596675, 4.5, 4.525083318810522],
			"faces": {
				"north": {"uv": [5, 0, 8, 11], "texture": "#0"},
				"up": {
					"uv": [0, 0, 3, 1],
					"texture": "#0",
					"rotation": 270
				},
				"down": {
					"uv": [0, 0, 3, 1],
					"texture": "#0",
					"rotation": 90
				}
			},
			"rotation": {
				"origin": [
					13.568299777596675,
					-2.5,
					7.340438452520387
				],
				"axis": "y",
				"angle": -45
			}
		},
		{
			"name": "cube",
			"from": [-2.041883039493473, -6.5, 5.39493184332232],
			"to": [-1.0418830394934728, 4.5, 8.39493184332232],
			"faces": {
				"west": {"uv": [11, 0, 14, 11], "texture": "#0"},
				"up": {"uv": [0, 0, 1, 3], "texture": "#0"},
				"down": {"uv": [0, 0, 1, 3], "texture": "#0"}
			},
			"rotation": {
				"origin": [
					4.958116960506527,
					-2.5,
					12.123918180346495
				],
				"axis": "y",
				"angle": -22.5
			}
		},
		{
			"name": "cube",
			"from": [
				-2.196802824419022,
				-6.5,
				4.675840913893022
			],
			"to": [-1.1968028244190219, 4.5, 7.675840913893022],
			"faces": {
				"west": {"uv": [10, 0, 13, 11], "texture": "#0"},
				"up": {"uv": [0, 0, 1, 3], "texture": "#0"},
				"down": {"uv": [0, 0, 1, 3], "texture": "#0"}
			},
			"rotation": {
				"origin": [
					4.803197175580978,
					-2.5,
					9.390690984214547
				],
				"axis": "y",
				"angle": -45
			}
		},
		{
			"name": "cube",
			"from": [
				7.05912210128471,
				-6.5,
				-1.2544008042502899
			],
			"to": [10.05912210128471, 4.5, -0.2544008042502899],
			"faces": {
				"north": {"uv": [7, 0, 10, 11], "texture": "#0"},
				"up": {
					"uv": [0, 0, 3.000000000000001, 1],
					"texture": "#0",
					"rotation": 270
				},
				"down": {
					"uv": [0, 0, 3.000000000000001, 1],
					"texture": "#0",
					"rotation": 90
				}
			},
			"rotation": {
				"origin": [
					11.05912210128471,
					-2.5,
					9.658671081699415
				],
				"axis": "y",
				"angle": 22.5
			}
		},
		{
			"name": "cube",
			"from": [
				-0.08201847637754511,
				-6.5,
				5.9999999999999964
			],
			"to": [0.9179815236224549, 4.5, 9.999999999999996],
			"faces": {
				"west": {"uv": [10, 0, 14, 11], "texture": "#0"},
				"up": {"uv": [0, 0, 1, 4], "texture": "#0"},
				"down": {"uv": [0, 0, 1, 4], "texture": "#0"}
			}
		},
		{
			"name": "cube",
			"from": [
				15.123974034307473,
				3.8000000000000007,
				7.457602796839776
			],
			"to": [16.02397403430747, 8.3, 10.157602796839777],
			"faces": {
				"east": {"uv": [12, 0, 14.7, 4.5], "texture": "#0"},
				"west": {
					"uv": [0, 0, 2.700000000000001, 4.5],
					"texture": "#0"
				},
				"up": {
					"uv": [
						0,
						0,
						0.8999999999999986,
						2.700000000000001
					],
					"texture": "#0",
					"rotation": 180
				}
			},
			"rotation": {
				"origin": [
					9.723974034307474,
					7.399999999999999,
					6.5576027968397765
				],
				"axis": "y",
				"angle": -22.5
			}
		},
		{
			"name": "cube",
			"from": [
				6.941135537290985,
				3.8000000000000007,
				12.749976724777303
			],
			"to": [9.641135537290985, 8.3, 13.649976724777304],
			"faces": {
				"north": {"uv": [0, 0, 2.7, 4.5], "texture": "#0"},
				"south": {"uv": [7, 0, 9.7, 4.5], "texture": "#0"},
				"up": {
					"uv": [0, 0, 2.7, 0.9000000000000004],
					"texture": "#0",
					"rotation": 270
				}
			},
			"rotation": {
				"origin": [
					12.341135537290985,
					7.399999999999999,
					7.349976724777303
				],
				"axis": "y",
				"angle": 22.5
			}
		},
		{
			"name": "cube",
			"from": [
				6.484774217274793,
				3.8000000000000007,
				11.96690981016944
			],
			"to": [9.184774217274793, 8.3, 12.866909810169439],
			"faces": {
				"north": {"uv": [0, 0, 2.7, 4.5], "texture": "#0"},
				"south": {"uv": [5, 0, 7.7, 4.5], "texture": "#0"},
				"up": {
					"uv": [0, 0, 2.7, 0.8999999999999986],
					"texture": "#0",
					"rotation": 270
				}
			},
			"rotation": {
				"origin": [
					10.984774217274794,
					7.399999999999999,
					6.566909810169439
				],
				"axis": "y",
				"angle": 45
			}
		},
		{
			"name": "cube",
			"from": [
				2.3131149608528006,
				3.8000000000000007,
				6.978043851660878
			],
			"to": [3.2131149608528, 8.3, 9.67804385166088],
			"faces": {
				"east": {
					"uv": [0, 0, 2.700000000000001, 4.5],
					"texture": "#0"
				},
				"west": {"uv": [3, 0, 5.7, 4.5], "texture": "#0"},
				"up": {
					"uv": [
						0,
						0,
						0.8999999999999995,
						2.700000000000001
					],
					"texture": "#0"
				}
			},
			"rotation": {
				"origin": [
					8.613114960852801,
					7.399999999999999,
					12.378043851660879
				],
				"axis": "y",
				"angle": 22.5
			}
		},
		{
			"name": "cube",
			"from": [
				3.0961818754606636,
				3.8000000000000007,
				6.521682531644686
			],
			"to": [3.996181875460664, 8.3, 9.221682531644687],
			"faces": {
				"east": {
					"uv": [0, 0, 2.700000000000001, 4.5],
					"texture": "#0"
				},
				"west": {"uv": [5, 0, 7.7, 4.5], "texture": "#0"},
				"up": {
					"uv": [
						0,
						0,
						0.9000000000000004,
						2.700000000000001
					],
					"texture": "#0"
				}
			},
			"rotation": {
				"origin": [
					9.396181875460664,
					7.399999999999999,
					11.021682531644686
				],
				"axis": "y",
				"angle": 45
			}
		},
		{
			"name": "cube",
			"from": [
				5.805488888790327,
				3.8000000000000007,
				15.160882348677369
			],
			"to": [8.505488888790326, 8.3, 16.060882348677367],
			"faces": {
				"north": {
					"uv": [0, 0, 2.6999999999999993, 4.5],
					"texture": "#0"
				},
				"south": {"uv": [4, 0, 6.7, 4.5], "texture": "#0"},
				"up": {
					"uv": [
						0,
						0,
						2.6999999999999993,
						0.8999999999999986
					],
					"texture": "#0",
					"rotation": 270
				}
			},
			"rotation": {
				"origin": [
					9.405488888790327,
					7.399999999999999,
					9.760882348677367
				],
				"axis": "y",
				"angle": -22.5
			}
		},
		{
			"name": "cube",
			"from": [6.1, 3.8000000000000007, 14.3],
			"to": [9.8, 8.3, 15.2],
			"faces": {
				"north": {
					"uv": [0, 0, 3.6000000000000005, 4.5],
					"texture": "#0"
				},
				"south": {
					"uv": [0, 0, 3.6000000000000005, 4.5],
					"texture": "#0"
				},
				"up": {
					"uv": [
						0,
						0,
						3.6000000000000005,
						0.8999999999999986
					],
					"texture": "#0",
					"rotation": 270
				}
			}
		},
		{
			"name": "cube",
			"from": [14.3, 3.8000000000000007, 6.2],
			"to": [15.2, 8.3, 9.8],
			"faces": {
				"east": {
					"uv": [0, 0, 3.6000000000000005, 4.5],
					"texture": "#0"
				},
				"west": {
					"uv": [0, 0, 3.6000000000000005, 4.5],
					"texture": "#0"
				},
				"up": {
					"uv": [
						0,
						0,
						0.8999999999999986,
						3.6000000000000005
					],
					"texture": "#0",
					"rotation": 180
				}
			}
		},
		{
			"name": "cube",
			"from": [
				14.020011009229155,
				3.8000000000000007,
				6.0619891019781615
			],
			"to": [14.920011009229155, 8.3, 8.761989101978163],
			"faces": {
				"east": {"uv": [3, 0, 5.7, 4.5], "texture": "#0"},
				"west": {
					"uv": [0, 0, 2.700000000000001, 4.5],
					"texture": "#0"
				},
				"up": {
					"uv": [
						0,
						0,
						0.9000000000000004,
						2.700000000000001
					],
					"texture": "#0",
					"rotation": 180
				}
			},
			"rotation": {
				"origin": [
					8.620011009229154,
					7.399999999999999,
					6.777194695657714
				],
				"axis": "y",
				"angle": 22.5
			}
		},
		{
			"name": "cube",
			"from": [
				6.1630916856301035,
				3.8000000000000007,
				0.7630916856301058
			],
			"to": [9.763091685630103, 8.3, 1.6630916856301061],
			"faces": {
				"north": {
					"uv": [0, 0, 3.5999999999999996, 4.5],
					"texture": "#0"
				},
				"south": {
					"uv": [0, 0, 3.5999999999999996, 4.5],
					"texture": "#0"
				},
				"up": {
					"uv": [
						0,
						0,
						3.5999999999999996,
						0.9000000000000004
					],
					"texture": "#0",
					"rotation": 270
				}
			}
		},
		{
			"name": "cube",
			"from": [
				7.438641813449826,
				3.8000000000000007,
				2.448983426399688
			],
			"to": [10.138641813449826, 8.3, 3.3489834263996885],
			"faces": {
				"north": {
					"uv": [10, 0, 12.7, 4.5],
					"texture": "#0"
				},
				"south": {"uv": [0, 0, 2.7, 4.5], "texture": "#0"},
				"up": {
					"uv": [0, 0, 2.7, 0.9000000000000004],
					"texture": "#0",
					"rotation": 270
				}
			},
			"rotation": {
				"origin": [
					12.838641813449826,
					7.399999999999999,
					7.448936875954294
				],
				"axis": "y",
				"angle": -22.5
			}
		},
		{
			"name": "cube",
			"from": [
				8.511469799837007,
				3.8000000000000007,
				3.9725749869294704
			],
			"to": [11.211469799837008, 8.3, 4.87257498692947],
			"faces": {
				"north": {"uv": [5, 0, 7.7, 4.5], "texture": "#0"},
				"south": {
					"uv": [0, 0, 2.700000000000001, 4.5],
					"texture": "#0"
				},
				"up": {
					"uv": [
						0,
						0,
						2.700000000000001,
						0.8999999999999995
					],
					"texture": "#0",
					"rotation": 270
				}
			},
			"rotation": {
				"origin": [
					13.011469799837007,
					7.399999999999999,
					7.406394607268348
				],
				"axis": "y",
				"angle": -45
			}
		},
		{
			"name": "cube",
			"from": [
				-1.037694735544127,
				3.8000000000000007,
				5.655438658990088
			],
			"to": [-0.1376947355441267, 8.3, 8.355438658990089],
			"faces": {
				"east": {
					"uv": [0, 0, 2.700000000000001, 4.5],
					"texture": "#0"
				},
				"west": {"uv": [3, 0, 5.7, 4.5], "texture": "#0"},
				"up": {
					"uv": [
						0,
						0,
						0.9000000000000004,
						2.700000000000001
					],
					"texture": "#0"
				}
			},
			"rotation": {
				"origin": [
					5.2623052644558745,
					7.399999999999999,
					11.711526362311846
				],
				"axis": "y",
				"angle": -22.5
			}
		},
		{
			"name": "cube",
			"from": [
				-1.1771225419771199,
				3.8000000000000007,
				5.00825682250372
			],
			"to": [-0.2771225419771195, 8.3, 7.70825682250372],
			"faces": {
				"east": {"uv": [0, 0, 2.7, 4.5], "texture": "#0"},
				"west": {"uv": [0, 0, 2.7, 4.5], "texture": "#0"},
				"up": {
					"uv": [0, 0, 0.9000000000000004, 2.7],
					"texture": "#0"
				}
			},
			"rotation": {
				"origin": [
					5.122877458022881,
					7.399999999999999,
					9.251621885793092
				],
				"axis": "y",
				"angle": -45
			}
		},
		{
			"name": "cube",
			"from": [
				7.153209891156239,
				3.8000000000000007,
				-0.3289607238252614
			],
			"to": [9.85320989115624, 8.3, 0.5710392761747389],
			"faces": {
				"north": {
					"uv": [11, 0, 13.7, 4.5],
					"texture": "#0"
				},
				"south": {
					"uv": [0, 0, 2.700000000000001, 4.5],
					"texture": "#0"
				},
				"up": {
					"uv": [
						0,
						0,
						2.700000000000001,
						0.9000000000000004
					],
					"texture": "#0",
					"rotation": 270
				}
			},
			"rotation": {
				"origin": [
					10.75320989115624,
					7.399999999999999,
					9.492803973529474
				],
				"axis": "y",
				"angle": 22.5
			}
		},
		{
			"name": "cube",
			"from": [
				0.726183371260209,
				3.8000000000000007,
				6.199999999999997
			],
			"to": [1.6261833712602094, 8.3, 9.799999999999997],
			"faces": {
				"east": {
					"uv": [0, 0, 3.6000000000000005, 4.5],
					"texture": "#0"
				},
				"west": {
					"uv": [0, 0, 3.6000000000000005, 4.5],
					"texture": "#0"
				},
				"up": {
					"uv": [
						0,
						0,
						0.9000000000000004,
						3.6000000000000005
					],
					"texture": "#0"
				}
			}
		},
		{
			"name": "cube",
			"from": [
				15.123974034307473,
				-10.45,
				7.457602796839776
			],
			"to": [
				16.02397403430747,
				-6.449999999999999,
				10.157602796839777
			],
			"faces": {
				"east": {
					"uv": [0, 0, 2.700000000000001, 4],
					"texture": "#0"
				}
			},
			"rotation": {
				"origin": [
					9.723974034307474,
					-7.350000000000001,
					6.5576027968397765
				],
				"axis": "y",
				"angle": -22.5
			}
		},
		{
			"name": "cube",
			"from": [
				6.941135537290985,
				-10.45,
				12.749976724777303
			],
			"to": [
				9.641135537290985,
				-6.449999999999999,
				13.649976724777304
			],
			"faces": {
				"south": {"uv": [10, 0, 12.7, 4], "texture": "#0"}
			},
			"rotation": {
				"origin": [
					12.341135537290985,
					-7.350000000000001,
					7.349976724777303
				],
				"axis": "y",
				"angle": 22.5
			}
		},
		{
			"name": "cube",
			"from": [
				6.484774217274793,
				-10.45,
				11.96690981016944
			],
			"to": [
				9.184774217274793,
				-6.449999999999999,
				12.866909810169439
			],
			"faces": {
				"south": {"uv": [7, 0, 9.7, 4], "texture": "#0"}
			},
			"rotation": {
				"origin": [
					10.984774217274794,
					-7.350000000000001,
					6.566909810169439
				],
				"axis": "y",
				"angle": 45
			}
		},
		{
			"name": "cube",
			"from": [
				2.3131149608528006,
				-10.45,
				6.978043851660878
			],
			"to": [
				3.2131149608528,
				-6.449999999999999,
				9.67804385166088
			],
			"faces": {
				"west": {"uv": [6, 0, 8.7, 4], "texture": "#0"}
			},
			"rotation": {
				"origin": [
					8.613114960852801,
					-7.350000000000001,
					12.378043851660879
				],
				"axis": "y",
				"angle": 22.5
			}
		},
		{
			"name": "cube",
			"from": [
				3.0961818754606636,
				-10.45,
				6.521682531644686
			],
			"to": [
				3.996181875460664,
				-6.449999999999999,
				9.221682531644687
			],
			"faces": {
				"west": {
					"uv": [0, 0, 2.700000000000001, 4],
					"texture": "#0"
				}
			},
			"rotation": {
				"origin": [
					9.396181875460664,
					-7.350000000000001,
					11.021682531644686
				],
				"axis": "y",
				"angle": 45
			}
		},
		{
			"name": "cube",
			"from": [
				5.805488888790327,
				-10.45,
				15.160882348677369
			],
			"to": [
				8.505488888790326,
				-6.449999999999999,
				16.060882348677367
			],
			"faces": {
				"south": {"uv": [7, 0, 9.7, 4], "texture": "#0"}
			},
			"rotation": {
				"origin": [
					9.405488888790327,
					-7.350000000000001,
					9.760882348677367
				],
				"axis": "y",
				"angle": -22.5
			}
		},
		{
			"name": "cube",
			"from": [6.1, -10.45, 14.3],
			"to": [9.8, -6.449999999999999, 15.2],
			"faces": {
				"south": {
					"uv": [0, 0, 3.6000000000000005, 4],
					"texture": "#0"
				}
			}
		},
		{
			"name": "cube",
			"from": [14.3, -10.45, 6.2],
			"to": [15.2, -6.449999999999999, 9.8],
			"faces": {
				"east": {
					"uv": [0, 0, 3.6000000000000005, 4],
					"texture": "#0"
				}
			}
		},
		{
			"name": "cube",
			"from": [
				14.020011009229155,
				-10.45,
				6.0619891019781615
			],
			"to": [
				14.920011009229155,
				-6.449999999999999,
				8.761989101978163
			],
			"faces": {
				"east": {"uv": [7, 0, 9.7, 4], "texture": "#0"}
			},
			"rotation": {
				"origin": [
					8.620011009229154,
					-7.350000000000001,
					6.777194695657714
				],
				"axis": "y",
				"angle": 22.5
			}
		},
		{
			"name": "cube",
			"from": [
				6.1630916856301035,
				-10.45,
				0.7630916856301058
			],
			"to": [
				9.763091685630103,
				-6.449999999999999,
				1.6630916856301061
			],
			"faces": {
				"north": {"uv": [8, 0, 11.6, 4], "texture": "#0"}
			}
		},
		{
			"name": "cube",
			"from": [
				7.438641813449826,
				-10.45,
				2.448983426399688
			],
			"to": [
				10.138641813449826,
				-6.449999999999999,
				3.3489834263996885
			],
			"faces": {
				"north": {"uv": [13, 0, 15.7, 4], "texture": "#0"}
			},
			"rotation": {
				"origin": [
					12.838641813449826,
					-7.350000000000001,
					7.448936875954294
				],
				"axis": "y",
				"angle": -22.5
			}
		},
		{
			"name": "cube",
			"from": [
				8.511469799837007,
				-10.45,
				3.9725749869294704
			],
			"to": [
				11.211469799837008,
				-6.449999999999999,
				4.87257498692947
			],
			"faces": {
				"north": {"uv": [9, 0, 11.7, 4], "texture": "#0"}
			},
			"rotation": {
				"origin": [
					13.011469799837007,
					-7.350000000000001,
					7.406394607268348
				],
				"axis": "y",
				"angle": -45
			}
		},
		{
			"name": "cube",
			"from": [
				-1.037694735544127,
				-10.45,
				5.655438658990088
			],
			"to": [
				-0.1376947355441267,
				-6.449999999999999,
				8.355438658990089
			],
			"faces": {
				"west": {"uv": [12, 0, 14.7, 4], "texture": "#0"}
			},
			"rotation": {
				"origin": [
					5.2623052644558745,
					-7.350000000000001,
					11.711526362311846
				],
				"axis": "y",
				"angle": -22.5
			}
		},
		{
			"name": "cube",
			"from": [
				-1.1771225419771199,
				-10.45,
				5.00825682250372
			],
			"to": [
				-0.2771225419771195,
				-6.449999999999999,
				7.70825682250372
			],
			"faces": {
				"west": {"uv": [10, 0, 12.7, 4], "texture": "#0"}
			},
			"rotation": {
				"origin": [
					5.122877458022881,
					-7.350000000000001,
					9.251621885793092
				],
				"axis": "y",
				"angle": -45
			}
		},
		{
			"name": "cube",
			"from": [
				7.153209891156239,
				-10.45,
				-0.3289607238252614
			],
			"to": [
				9.85320989115624,
				-6.449999999999999,
				0.5710392761747389
			],
			"faces": {
				"north": {
					"uv": [0, 0, 2.700000000000001, 4],
					"texture": "#0"
				}
			},
			"rotation": {
				"origin": [
					10.75320989115624,
					-7.350000000000001,
					9.492803973529474
				],
				"axis": "y",
				"angle": 22.5
			}
		},
		{
			"name": "cube",
			"from": [
				0.726183371260209,
				-10.45,
				6.199999999999997
			],
			"to": [
				1.6261833712602094,
				-6.449999999999999,
				9.799999999999997
			],
			"faces": {
				"west": {"uv": [0, 0, 3.6, 4], "texture": "#0"}
			}
		},
		{
			"name": "cube",
			"from": [
				4.4130916856301035,
				5.5,
				1.5130916856301049
			],
			"to": [11.513091685630103, 7, 14.413091685630107],
			"faces": {
				"up": {
					"uv": [5, 3, 12.1, 16],
					"texture": "#0",
					"rotation": 180
				}
			}
		},
		{
			"name": "cube",
			"from": [
				1.586908314369893,
				5.450000000000003,
				4.4130916856301035
			],
			"to": [
				14.486908314369895,
				6.950000000000003,
				11.513091685630103
			],
			"faces": {
				"up": {
					"uv": [1, 2, 14, 9.1],
					"texture": "#0",
					"rotation": 180
				}
			}
		},
		{
			"name": "cube",
			"from": [
				11.386908314369894,
				5.400000000000006,
				11.413091685630105
			],
			"to": [
				13.686908314369894,
				6.900000000000006,
				12.663091685630105
			],
			"faces": {
				"up": {
					"uv": [0, 0, 2.3000000000000007, 1.25],
					"texture": "#0",
					"rotation": 180
				}
			}
		},
		{
			"name": "cube",
			"from": [
				3.3369083143698948,
				5.400000000000006,
				11.386908314369894
			],
			"to": [
				4.586908314369895,
				6.900000000000006,
				13.686908314369894
			],
			"faces": {
				"up": {
					"uv": [0, 0, 2.3000000000000007, 1.25],
					"texture": "#0",
					"rotation": 270
				}
			}
		},
		{
			"name": "cube",
			"from": [
				2.3130916856301056,
				5.400000000000006,
				3.3369083143698948
			],
			"to": [
				4.613091685630106,
				6.900000000000006,
				4.586908314369895
			],
			"faces": {
				"up": {
					"uv": [0, 0, 2.3000000000000007, 1.25],
					"texture": "#0"
				}
			}
		},
		{
			"name": "cube",
			"from": [
				11.413091685630105,
				5.400000000000006,
				2.3130916856301056
			],
			"to": [
				12.663091685630105,
				6.900000000000006,
				4.613091685630106
			],
			"faces": {
				"up": {
					"uv": [0, 0, 2.3000000000000007, 1.25],
					"texture": "#0",
					"rotation": 90
				}
			}
		},
		{
			"name": "cube",
			"from": [
				2.3369083143698948,
				5.300000000000004,
				11.386908314369894
			],
			"to": [
				3.5869083143698948,
				6.800000000000004,
				12.786908314369894
			],
			"faces": {
				"up": {
					"uv": [0, 0, 2.3000000000000007, 1.25],
					"texture": "#0",
					"rotation": 270
				}
			}
		},
		{
			"name": "cube",
			"from": [
				3.213091685630106,
				5.300000000000004,
				2.3369083143698948
			],
			"to": [
				4.613091685630106,
				6.800000000000004,
				3.5869083143698948
			],
			"faces": {
				"up": {
					"uv": [0, 0, 2.3000000000000007, 1.25],
					"texture": "#0"
				}
			}
		},
		{
			"name": "cube",
			"from": [
				12.413091685630105,
				5.300000000000004,
				3.213091685630106
			],
			"to": [
				13.663091685630105,
				6.800000000000004,
				4.613091685630106
			],
			"faces": {
				"up": {
					"uv": [0, 0, 2.3000000000000007, 1.25],
					"texture": "#0",
					"rotation": 90
				}
			}
		},
		{
			"name": "cube",
			"from": [
				11.386908314369894,
				5.300000000000004,
				12.413091685630105
			],
			"to": [
				12.786908314369894,
				6.800000000000004,
				13.663091685630105
			],
			"faces": {
				"up": {
					"uv": [0, 0, 2.3000000000000007, 1.25],
					"texture": "#0",
					"rotation": 180
				}
			}
		},
		{
			"name": "cube",
			"from": [
				2.246186733873845,
				-5.604000000000003,
				6.265440837129765
			],
			"to": [
				3.302186733873846,
				-4.298000000000002,
				9.433440837129766
			],
			"faces": {
				"west": {
					"uv": [12, 1, 15.16796875, 2.30546875],
					"texture": "#3"
				},
				"up": {
					"uv": [0, 0, 1.056000000000001, 3.168],
					"texture": "#3"
				},
				"down": {
					"uv": [0, 0, 1.056000000000001, 3.168],
					"texture": "#3"
				}
			},
			"rotation": {
				"origin": [
					9.638186733873845,
					-3.3000000000000007,
					11.545440837129766
				],
				"axis": "y",
				"angle": 45
			}
		},
		{
			"name": "cube",
			"from": [
				1.327388220733953,
				-5.604000000000003,
				6.800904785948765
			],
			"to": [
				2.383388220733952,
				-4.298000000000002,
				9.968904785948766
			],
			"faces": {
				"west": {
					"uv": [9, 9, 12.16796875, 10.30546875],
					"texture": "#3"
				},
				"up": {
					"uv": [
						0,
						0,
						1.0559999999999992,
						3.168000000000001
					],
					"texture": "#3"
				},
				"down": {
					"uv": [
						0,
						0,
						1.0559999999999992,
						3.168000000000001
					],
					"texture": "#3",
					"made_by":"sirbenet"
				}
			},
			"rotation": {
				"origin": [
					8.719388220733954,
					-3.3000000000000007,
					13.136904785948765
				],
				"axis": "y",
				"angle": 22.5
			}
		},
		{
			"name": "cube",
			"from": [
				-0.5346115110546883,
				-5.604000000000003,
				5.8879999999999955
			],
			"to": [
				0.5213884889453118,
				-4.298000000000002,
				10.111999999999995
			],
			"faces": {
				"west": {
					"uv": [0, 5, 4.2234375, 6.30546875],
					"texture": "#3"
				},
				"up": {
					"uv": [0, 0, 1.056, 4.223999999999999],
					"texture": "#3"
				},
				"down": {
					"uv": [0, 0, 1.056, 4.223999999999999],
					"texture": "#3"
				}
			}
		},
		{
			"name": "cube",
			"from": [
				5.425106962847316,
				-5.604000000000003,
				16.402101955781443
			],
			"to": [
				8.593106962847317,
				-4.298000000000002,
				17.458101955781444
			],
			"faces": {
				"south": {
					"uv": [0, 0, 3.168000000000001, 1.306000000000001],
					"texture": "#3"
				},
				"up": {
					"uv": [0, 0, 3.168000000000001, 1.056000000000001],
					"texture": "#3",
					"rotation": 270
				},
				"down": {
					"uv": [0, 0, 3.168000000000001, 1.056000000000001],
					"texture": "#3",
					"rotation": 90
				}
			},
			"rotation": {
				"origin": [
					9.649106962847316,
					-3.3000000000000007,
					10.066101955781445
				],
				"axis": "y",
				"angle": -22.5
			}
		},
		{
			"name": "cube",
			"from": [5.788, -5.604000000000003, 15.392],
			"to": [
				10.111999999999998,
				-4.298000000000002,
				16.448
			],
			"faces": {
				"south": {
					"uv": [0, 2, 4.2234375, 3.30546875],
					"texture": "#3"
				},
				"up": {
					"uv": [0, 0, 4.223999999999998, 1.056000000000001],
					"texture": "#3",
					"rotation": 270
				},
				"down": {
					"uv": [0, 0, 4.223999999999998, 1.056000000000001],
					"texture": "#3",
					"rotation": 90
				}
			}
		},
		{
			"name": "cube",
			"from": [
				6.757599030421423,
				-5.604000000000003,
				13.573306023738702
			],
			"to": [
				9.925599030421422,
				-4.298000000000002,
				14.629306023738703
			],
			"faces": {
				"south": {
					"uv": [1, 4, 4.16796875, 5.30546875],
					"texture": "#3"
				},
				"up": {
					"uv": [
						0,
						0,
						3.1679999999999993,
						1.056000000000001
					],
					"texture": "#3",
					"rotation": 270
				},
				"down": {
					"uv": [
						0,
						0,
						3.1679999999999993,
						1.056000000000001
					],
					"texture": "#3",
					"rotation": 90
				}
			},
			"rotation": {
				"origin": [
					13.093599030421423,
					-3.3000000000000007,
					7.237306023738702
				],
				"axis": "y",
				"angle": 22.5
			}
		},
		{
			"name": "cube",
			"from": [
				6.222135081602423,
				-5.604000000000003,
				12.654507510598808
			],
			"to": [
				9.390135081602423,
				-4.298000000000002,
				13.71050751059881
			],
			"faces": {
				"south": {
					"uv": [0, 0, 3.168, 1.306000000000001],
					"texture": "#3"
				},
				"up": {
					"uv": [0, 0, 3.168, 1.056000000000001],
					"texture": "#3",
					"rotation": 270
				},
				"down": {
					"uv": [0, 0, 3.168, 1.056000000000001],
					"texture": "#3",
					"rotation": 90
				}
			},
			"rotation": {
				"origin": [
					11.502135081602423,
					-3.3000000000000007,
					6.318507510598809
				],
				"axis": "y",
				"angle": 45
			}
		},
		{
			"name": "cube",
			"from": [
				16.358796200254105,
				-5.604000000000003,
				7.363587281625338
			],
			"to": [
				17.414796200254102,
				-4.298000000000002,
				10.531587281625338
			],
			"faces": {
				"east": {
					"uv": [0, 6, 3.16796875, 7.30546875],
					"texture": "#3"
				},
				"up": {
					"uv": [0, 0, 1.0559999999999974, 3.168],
					"texture": "#3",
					"rotation": 180
				},
				"down": {
					"uv": [0, 0, 1.0559999999999974, 3.168],
					"texture": "#3",
					"rotation": 180
				}
			},
			"rotation": {
				"origin": [
					10.022796200254103,
					-3.3000000000000007,
					6.307587281625338
				],
				"axis": "y",
				"angle": -22.5
			}
		},
		{
			"name": "cube",
			"from": [15.392, -5.604000000000003, 5.888],
			"to": [
				16.448,
				-4.298000000000002,
				10.111999999999998
			],
			"faces": {
				"east": {
					"uv": [11, 7, 15.2234375, 8.30546875],
					"texture": "#3"
				},
				"up": {
					"uv": [0, 0, 1.056000000000001, 4.223999999999998],
					"texture": "#3",
					"rotation": 180
				},
				"down": {
					"uv": [0, 0, 1.056000000000001, 4.223999999999998],
					"texture": "#3",
					"rotation": 180
				}
			}
		},
		{
			"name": "cube",
			"from": [
				15.06347958416221,
				-5.604000000000003,
				5.72606721298771
			],
			"to": [
				16.119479584162207,
				-4.298000000000002,
				8.89406721298771
			],
			"faces": {
				"east": {
					"uv": [0, 0, 3.168000000000001, 1.306000000000001],
					"texture": "#3"
				},
				"up": {
					"uv": [
						0,
						0,
						1.0559999999999974,
						3.168000000000001
					],
					"texture": "#3",
					"rotation": 180
				},
				"down": {
					"uv": [
						0,
						0,
						1.0559999999999974,
						3.168000000000001
					],
					"texture": "#3",
					"rotation": 180
				}
			},
			"rotation": {
				"origin": [
					8.727479584162209,
					-3.3000000000000007,
					6.565241776238384
				],
				"axis": "y",
				"angle": 22.5
			}
		},
		{
			"name": "cube",
			"from": [
				8.600124565142089,
				-5.604000000000003,
				3.274487984663912
			],
			"to": [
				11.768124565142088,
				-4.298000000000002,
				4.330487984663912
			],
			"faces": {
				"north": {
					"uv": [6, 10, 9.16796875, 11.30546875],
					"texture": "#3"
				},
				"up": {
					"uv": [0, 0, 3.1679999999999993, 1.056],
					"texture": "#3",
					"rotation": 270
				},
				"down": {
					"uv": [0, 0, 3.1679999999999993, 1.056],
					"texture": "#3",
					"rotation": 90
				}
			},
			"rotation": {
				"origin": [
					13.88012456514209,
					-3.3000000000000007,
					7.303503005861529
				],
				"axis": "y",
				"angle": -45
			}
		},
		{
			"name": "cube",
			"from": [
				7.341339727781129,
				-5.604000000000003,
				1.4868072203089673
			],
			"to": [
				10.50933972778113,
				-4.298000000000002,
				2.5428072203089673
			],
			"faces": {
				"north": {
					"uv": [0, 6, 3.16796875, 7.30546875],
					"texture": "#3"
				},
				"up": {
					"uv": [0, 0, 3.168000000000001, 1.056],
					"texture": "#3",
					"rotation": 270
				},
				"down": {
					"uv": [0, 0, 3.168000000000001, 1.056],
					"texture": "#3",
					"rotation": 90
				}
			},
			"rotation": {
				"origin": [
					13.677339727781131,
					-3.3000000000000007,
					7.3534192677863714
				],
				"axis": "y",
				"angle": -22.5
			}
		},
		{
			"name": "cube",
			"from": [
				5.844694244472654,
				-5.604000000000003,
				-0.49130575552734257
			],
			"to": [
				10.068694244472654,
				-4.298000000000002,
				0.5646942444726575
			],
			"faces": {
				"north": {
					"uv": [0, 6, 4.2234375, 7.30546875],
					"texture": "#3"
				},
				"up": {
					"uv": [0, 0, 4.224, 1.056],
					"texture": "#3",
					"rotation": 270
				},
				"down": {
					"uv": [0, 0, 4.224, 1.056],
					"texture": "#3",
					"rotation": 90
				}
			}
		},
		{
			"name": "cube",
			"from": [
				7.006432938956653,
				-5.604000000000003,
				-1.7726472492883065
			],
			"to": [
				10.174432938956654,
				-4.298000000000002,
				-0.7166472492883074
			],
			"faces": {
				"north": {
					"uv": [6, 6, 9.16796875, 7.30546875],
					"texture": "#3"
				},
				"up": {
					"uv": [
						0,
						0,
						3.168000000000001,
						1.0559999999999992
					],
					"texture": "#3",
					"rotation": 270
				},
				"down": {
					"uv": [
						0,
						0,
						3.168000000000001,
						1.0559999999999992
					],
					"texture": "#3",
					"rotation": 90
				}
			},
			"rotation": {
				"origin": [
					11.230432938956655,
					-3.3000000000000007,
					9.751556662274583
				],
				"axis": "y",
				"angle": 22.5
			}
		},
		{
			"name": "cube",
			"from": [
				-2.767823782586488,
				-5.604000000000003,
				4.489688005071031
			],
			"to": [
				-1.711823782586487,
				-4.298000000000002,
				7.657688005071031
			],
			"faces": {
				"west": {
					"uv": [4, 7, 7.16796875, 8.30546875],
					"texture": "#3"
				},
				"up": {
					"uv": [0, 0, 1.056000000000001, 3.168],
					"texture": "#3"
				},
				"down": {
					"uv": [0, 0, 1.056000000000001, 3.168],
					"texture": "#3"
				}
			},
			"rotation": {
				"origin": [
					4.624176217413512,
					-3.3000000000000007,
					9.468569679330562
				],
				"axis": "y",
				"angle": -45
			}
		},
		{
			"name": "cube",
			"from": [
				-2.6042284897051093,
				-5.604000000000003,
				5.24904802654837
			],
			"to": [
				-1.5482284897051084,
				-4.298000000000002,
				8.41704802654837
			],
			"faces": {
				"west": {
					"uv": [0, 6, 3.16796875, 7.30546875],
					"texture": "#3"
				},
				"up": {
					"uv": [0, 0, 1.056000000000001, 3.168],
					"texture": "#3"
				},
				"down": {
					"uv": [0, 0, 1.056000000000001, 3.168],
					"texture": "#3"
				}
			},
			"rotation": {
				"origin": [
					4.787771510294893,
					-3.3000000000000007,
					12.3548575984459
				],
				"axis": "y",
				"angle": -22.5
			}
		},
		{
			"name": "cube",
			"from": [
				6.757599030421423,
				2.195999999999998,
				13.573306023738702
			],
			"to": [
				9.925599030421422,
				3.501999999999999,
				14.629306023738703
			],
			"faces": {
				"south": {
					"uv": [1, 4, 4.16796875, 5.30546875],
					"texture": "#3"
				},
				"up": {
					"uv": [
						0,
						0,
						3.1679999999999993,
						1.056000000000001
					],
					"texture": "#3",
					"rotation": 270
				},
				"down": {
					"uv": [
						0,
						0,
						3.1679999999999993,
						1.056000000000001
					],
					"texture": "#3",
					"rotation": 90
				}
			},
			"rotation": {
				"origin": [
					13.093599030421423,
					4.5,
					7.237306023738702
				],
				"axis": "y",
				"angle": 22.5
			}
		},
		{
			"name": "cube",
			"from": [5.788, 2.195999999999998, 15.392],
			"to": [
				10.111999999999998,
				3.501999999999999,
				16.448
			],
			"faces": {
				"south": {
					"uv": [0, 2, 4.2234375, 3.30546875],
					"texture": "#3"
				},
				"up": {
					"uv": [0, 0, 4.223999999999998, 1.056000000000001],
					"texture": "#3",
					"rotation": 270
				},
				"down": {
					"uv": [0, 0, 4.223999999999998, 1.056000000000001],
					"texture": "#3",
					"rotation": 90
				}
			}
		},
		{
			"name": "cube",
			"from": [
				5.425106962847316,
				2.195999999999998,
				16.402101955781443
			],
			"to": [
				8.593106962847317,
				3.501999999999999,
				17.458101955781444
			],
			"faces": {
				"south": {
					"uv": [0, 0, 3.168000000000001, 1.306000000000001],
					"texture": "#3"
				},
				"up": {
					"uv": [0, 0, 3.168000000000001, 1.056000000000001],
					"texture": "#3",
					"rotation": 270
				},
				"down": {
					"uv": [0, 0, 3.168000000000001, 1.056000000000001],
					"texture": "#3",
					"rotation": 90
				}
			},
			"rotation": {
				"origin": [
					9.649106962847316,
					4.5,
					10.066101955781445
				],
				"axis": "y",
				"angle": -22.5
			}
		},
		{
			"name": "cube",
			"from": [
				2.246186733873845,
				2.195999999999998,
				6.265440837129765
			],
			"to": [
				3.302186733873846,
				3.501999999999999,
				9.433440837129766
			],
			"faces": {
				"west": {
					"uv": [12, 1, 15.16796875, 2.30546875],
					"texture": "#3"
				},
				"up": {
					"uv": [0, 0, 1.056000000000001, 3.168],
					"texture": "#3"
				},
				"down": {
					"uv": [0, 0, 1.056000000000001, 3.168],
					"texture": "#3"
				}
			},
			"rotation": {
				"origin": [
					9.638186733873845,
					4.5,
					11.545440837129766
				],
				"axis": "y",
				"angle": 45
			}
		},
		{
			"name": "cube",
			"from": [
				1.327388220733953,
				2.195999999999998,
				6.800904785948765
			],
			"to": [
				2.383388220733952,
				3.501999999999999,
				9.968904785948766
			],
			"faces": {
				"west": {
					"uv": [9, 9, 12.16796875, 10.30546875],
					"texture": "#3"
				},
				"up": {
					"uv": [
						0,
						0,
						1.0559999999999992,
						3.168000000000001
					],
					"texture": "#3"
				},
				"down": {
					"uv": [
						0,
						0,
						1.0559999999999992,
						3.168000000000001
					],
					"texture": "#3"
				}
			},
			"rotation": {
				"origin": [
					8.719388220733954,
					4.5,
					13.136904785948765
				],
				"axis": "y",
				"angle": 22.5
			}
		},
		{
			"name": "cube",
			"from": [
				-0.5346115110546883,
				2.195999999999998,
				5.8879999999999955
			],
			"to": [
				0.5213884889453118,
				3.501999999999999,
				10.111999999999995
			],
			"faces": {
				"west": {
					"uv": [0, 5, 4.2234375, 6.30546875],
					"texture": "#3"
				},
				"up": {
					"uv": [0, 0, 1.056, 4.223999999999999],
					"texture": "#3"
				},
				"down": {
					"uv": [0, 0, 1.056, 4.223999999999999],
					"texture": "#3"
				}
			}
		},
		{
			"name": "cube",
			"from": [
				-2.767823782586488,
				2.195999999999998,
				4.489688005071031
			],
			"to": [
				-1.711823782586487,
				3.501999999999999,
				7.657688005071031
			],
			"faces": {
				"west": {
					"uv": [4, 7, 7.16796875, 8.30546875],
					"texture": "#3"
				},
				"up": {
					"uv": [0, 0, 1.056000000000001, 3.168],
					"texture": "#3"
				},
				"down": {
					"uv": [0, 0, 1.056000000000001, 3.168],
					"texture": "#3"
				}
			},
			"rotation": {
				"origin": [
					4.624176217413512,
					4.5,
					9.468569679330562
				],
				"axis": "y",
				"angle": -45
			}
		},
		{
			"name": "cube",
			"from": [
				-2.6042284897051093,
				2.195999999999998,
				5.24904802654837
			],
			"to": [
				-1.5482284897051084,
				3.501999999999999,
				8.41704802654837
			],
			"faces": {
				"west": {
					"uv": [0, 6, 3.16796875, 7.30546875],
					"texture": "#3"
				},
				"up": {
					"uv": [0, 0, 1.056000000000001, 3.168],
					"texture": "#3"
				},
				"down": {
					"uv": [0, 0, 1.056000000000001, 3.168],
					"texture": "#3"
				}
			},
			"rotation": {
				"origin": [
					4.787771510294893,
					4.5,
					12.3548575984459
				],
				"axis": "y",
				"angle": -22.5
			}
		},
		{
			"name": "cube",
			"from": [
				7.006432938956653,
				2.195999999999998,
				-1.7726472492883065
			],
			"to": [
				10.174432938956654,
				3.501999999999999,
				-0.7166472492883074
			],
			"faces": {
				"north": {
					"uv": [6, 6, 9.16796875, 7.30546875],
					"texture": "#3"
				},
				"up": {
					"uv": [
						0,
						0,
						3.168000000000001,
						1.0559999999999992
					],
					"texture": "#3",
					"rotation": 270
				},
				"down": {
					"uv": [
						0,
						0,
						3.168000000000001,
						1.0559999999999992
					],
					"texture": "#3",
					"rotation": 90
				}
			},
			"rotation": {
				"origin": [
					11.230432938956655,
					4.5,
					9.751556662274583
				],
				"axis": "y",
				"angle": 22.5
			}
		},
		{
			"name": "cube",
			"from": [
				5.844694244472654,
				2.195999999999998,
				-0.49130575552734257
			],
			"to": [
				10.068694244472654,
				3.501999999999999,
				0.5646942444726575
			],
			"faces": {
				"north": {
					"uv": [0, 6, 4.2234375, 7.30546875],
					"texture": "#3"
				},
				"up": {
					"uv": [0, 0, 4.224, 1.056],
					"texture": "#3",
					"rotation": 270
				},
				"down": {
					"uv": [0, 0, 4.224, 1.056],
					"texture": "#3",
					"rotation": 90
				}
			}
		},
		{
			"name": "cube",
			"from": [
				7.341339727781129,
				2.195999999999998,
				1.4868072203089673
			],
			"to": [
				10.50933972778113,
				3.501999999999999,
				2.5428072203089673
			],
			"faces": {
				"north": {
					"uv": [0, 6, 3.16796875, 7.30546875],
					"texture": "#3"
				},
				"up": {
					"uv": [0, 0, 3.168000000000001, 1.056],
					"texture": "#3",
					"rotation": 270
				},
				"down": {
					"uv": [0, 0, 3.168000000000001, 1.056],
					"texture": "#3",
					"rotation": 90
				}
			},
			"rotation": {
				"origin": [
					13.677339727781131,
					4.5,
					7.3534192677863714
				],
				"axis": "y",
				"angle": -22.5
			}
		},
		{
			"name": "cube",
			"from": [
				8.600124565142089,
				2.195999999999998,
				3.274487984663912
			],
			"to": [
				11.768124565142088,
				3.501999999999999,
				4.330487984663912
			],
			"faces": {
				"north": {
					"uv": [6, 10, 9.16796875, 11.30546875],
					"texture": "#3"
				},
				"up": {
					"uv": [0, 0, 3.1679999999999993, 1.056],
					"texture": "#3",
					"rotation": 270
				},
				"down": {
					"uv": [0, 0, 3.1679999999999993, 1.056],
					"texture": "#3",
					"rotation": 90
				}
			},
			"rotation": {
				"origin": [
					13.88012456514209,
					4.5,
					7.303503005861529
				],
				"axis": "y",
				"angle": -45
			}
		},
		{
			"name": "cube",
			"from": [
				15.06347958416221,
				2.195999999999998,
				5.72606721298771
			],
			"to": [
				16.119479584162207,
				3.501999999999999,
				8.89406721298771
			],
			"faces": {
				"east": {
					"uv": [0, 0, 3.168000000000001, 1.306000000000001],
					"texture": "#3"
				},
				"up": {
					"uv": [
						0,
						0,
						1.0559999999999974,
						3.168000000000001
					],
					"texture": "#3",
					"rotation": 180
				},
				"down": {
					"uv": [
						0,
						0,
						1.0559999999999974,
						3.168000000000001
					],
					"texture": "#3",
					"rotation": 180
				}
			},
			"rotation": {
				"origin": [
					8.727479584162209,
					4.5,
					6.565241776238384
				],
				"axis": "y",
				"angle": 22.5
			}
		},
		{
			"name": "cube",
			"from": [15.392, 2.195999999999998, 5.888],
			"to": [
				16.448,
				3.501999999999999,
				10.111999999999998
			],
			"faces": {
				"east": {
					"uv": [11, 7, 15.2234375, 8.30546875],
					"texture": "#3"
				},
				"up": {
					"uv": [0, 0, 1.056000000000001, 4.223999999999998],
					"texture": "#3",
					"rotation": 180
				},
				"down": {
					"uv": [0, 0, 1.056000000000001, 4.223999999999998],
					"texture": "#3",
					"rotation": 180
				}
			}
		},
		{
			"name": "cube",
			"from": [
				16.358796200254105,
				2.195999999999998,
				7.363587281625338
			],
			"to": [
				17.414796200254102,
				3.501999999999999,
				10.531587281625338
			],
			"faces": {
				"east": {
					"uv": [0, 6, 3.16796875, 7.30546875],
					"texture": "#3"
				},
				"up": {
					"uv": [0, 0, 1.0559999999999974, 3.168],
					"texture": "#3",
					"rotation": 180
				},
				"down": {
					"uv": [0, 0, 1.0559999999999974, 3.168],
					"texture": "#3",
					"rotation": 180
				}
			},
			"rotation": {
				"origin": [
					10.022796200254103,
					4.5,
					6.307587281625338
				],
				"axis": "y",
				"angle": -22.5
			}
		},
		{
			"name": "cube",
			"from": [
				6.222135081602423,
				2.195999999999998,
				12.654507510598808
			],
			"to": [
				9.390135081602423,
				3.501999999999999,
				13.71050751059881
			],
			"faces": {
				"south": {
					"uv": [0, 0, 3.168, 1.306000000000001],
					"texture": "#3"
				},
				"up": {
					"uv": [0, 0, 3.168, 1.056000000000001],
					"texture": "#3",
					"rotation": 270
				},
				"down": {
					"uv": [0, 0, 3.168, 1.056000000000001],
					"texture": "#3",
					"rotation": 90
				}
			},
			"rotation": {
				"origin": [
					11.502135081602423,
					4.5,
					6.318507510598809
				],
				"axis": "y",
				"angle": 45
			}
		},
		{
			"name": "cube",
			"from": [
				6.358796200254105,
				5.896000000000001,
				8.563587281625338
			],
			"to": [
				9.414796200254102,
				7.202000000000002,
				10.531587281625338
			],
			"faces": {
				"north": {
					"uv": [0, 6, 3.16796875, 7.30546875],
					"texture": "#3"
				},
				"east": {
					"uv": [0, 6, 3.16796875, 7.30546875],
					"texture": "#3"
				},
				"south": {
					"uv": [0, 6, 3.16796875, 7.30546875],
					"texture": "#3"
				},
				"west": {
					"uv": [0, 6, 3.16796875, 7.30546875],
					"texture": "#3"
				},
				"up": {
					"uv": [0, 0, 3.0559999999999974, 1.968],
					"texture": "#3",
					"rotation": 180
				},
				"down": {
					"uv": [0, 0, 1.0559999999999974, 3.168],
					"texture": "#3",
					"rotation": 180
				}
			},
			"rotation": {
				"origin": [
					2.0227962002541027,
					8.200000000000003,
					6.307587281625338
				],
				"axis": "y",
				"angle": -22.5
			}
		}
	]
}