{
	"credit": "Made with Blockbench, a free, modern block model editor by JannisX11",
	"textures": {
		"0": "blocks/anvil_base",
		"1": "blocks/liquid",
		"particle": "blocks/anvil_base"
	},
	"elements": [
		{
			"name": "cube",
			"from": [5, 0, 5],
			"to": [6, 8, 7],
			"faces": {
				"north": {"uv": [0, 0, 1, 8], "texture": "#0"},
				"east": {"uv": [0, 0, 2, 8], "texture": "#0"},
				"south": {"uv": [0, 0, 1, 8], "texture": "#0"},
				"west": {"uv": [6, 0, 8, 8], "texture": "#0"},
				"up": {"uv": [0, 0, 1, 2], "texture": "#0"},
				"down": {"uv": [0, 0, 1, 2], "texture": "#0"}
			}
		},
		{
			"name": "cube",
			"from": [10, 0, 5],
			"to": [11, 8, 7],
			"faces": {
				"north": {"uv": [0, 0, 1, 8], "texture": "#0"},
				"east": {"uv": [0, 0, 2, 8], "texture": "#0"},
				"south": {"uv": [0, 0, 1, 8], "texture": "#0"},
				"west": {"uv": [0, 0, 2, 8], "texture": "#0"},
				"up": {"uv": [0, 0, 1, 2], "texture": "#0"},
				"down": {"uv": [0, 0, 1, 2], "texture": "#0"}
			}
		},
		{
			"name": "cube",
			"from": [7, 0, 8],
			"to": [9, 8, 9],
			"faces": {
				"north": {"uv": [0, 0, 2, 8], "texture": "#0"},
				"east": {"uv": [0, 0, 1, 8], "texture": "#0"},
				"south": {"uv": [0, 0, 2, 8], "texture": "#0"},
				"west": {"uv": [0, 0, 1, 8], "texture": "#0"},
				"up": {
					"uv": [0, 0, 1, 2],
					"texture": "#0",
					"rotation": 90
				},
				"down": {
					"uv": [0, 0, 1, 2],
					"texture": "#0",
					"rotation": 270
				}
			}
		},
		{
			"name": "cube",
			"from": [7, 0, 3.0000000000000018],
			"to": [9, 8, 4.000000000000002],
			"faces": {
				"north": {"uv": [0, 0, 2, 8], "texture": "#0"},
				"east": {"uv": [0, 0, 1, 8], "texture": "#0"},
				"south": {"uv": [0, 0, 2, 8], "texture": "#0"},
				"west": {"uv": [0, 0, 1, 8], "texture": "#0"},
				"up": {
					"uv": [0, 0, 1, 2],
					"texture": "#0",
					"rotation": 90
				},
				"down": {
					"uv": [0, 0, 1, 2],
					"texture": "#0",
					"rotation": 270
				}
			}
		},
		{
			"name": "cube",
			"from": [7.376411699561409, 0, 3.9196888946291306],
			"to": [8.376411699561409, 8, 4.919688894629131],
			"faces": {
				"north": {"uv": [12, 0, 13, 8], "texture": "#0"},
				"east": {"uv": [0, 0, 1, 8], "texture": "#0"},
				"south": {"uv": [0, 0, 1, 8], "texture": "#0"},
				"west": {"uv": [0, 0, 1, 8], "texture": "#0"},
				"up": {
					"uv": [0, 0, 1, 1],
					"texture": "#0",
					"rotation": 90
				},
				"down": {
					"uv": [0, 0, 1, 1],
					"texture": "#0",
					"rotation": 270
				}
			},
			"rotation": {
				"origin": [5.376411699561409, 8, 6.919688894629129],
				"axis": "y",
				"angle": 22.5
			}
		},
		{
			"name": "cube",
			"from": [8.076120467488714, 0, 4.625324119484376],
			"to": [9.076120467488714, 8, 5.625324119484376],
			"faces": {
				"north": {"uv": [9, 0, 10, 8], "texture": "#0"},
				"east": {"uv": [0, 0, 1, 8], "texture": "#0"},
				"south": {"uv": [0, 0, 1, 8], "texture": "#0"},
				"west": {"uv": [0, 0, 1, 8], "texture": "#0"},
				"up": {
					"uv": [0, 0, 1, 1],
					"texture": "#0",
					"rotation": 90
				},
				"down": {
					"uv": [0, 0, 1, 1],
					"texture": "#0",
					"rotation": 270
				}
			},
			"rotation": {
				"origin": [6.076120467488714, 8, 7.625324119484375],
				"axis": "y",
				"angle": 45
			}
		},
		{
			"name": "cube",
			"from": [5.0020810949215235, 0, 5.989537629314164],
			"to": [6.0020810949215235, 8, 6.989537629314164],
			"faces": {
				"north": {"uv": [0, 0, 1, 8], "texture": "#0"},
				"east": {"uv": [0, 0, 1, 8], "texture": "#0"},
				"south": {"uv": [0, 0, 1, 8], "texture": "#0"},
				"west": {"uv": [3, 0, 4, 8], "texture": "#0"},
				"up": {"uv": [0, 0, 1, 1], "texture": "#0"},
				"down": {"uv": [0, 0, 1, 1], "texture": "#0"}
			},
			"rotation": {
				"origin": [
					10.002081094921524,
					8,
					5.989537629314164
				],
				"axis": "y",
				"angle": -22.5
			}
		},
		{
			"name": "cube",
			"from": [7.990520891819235, 0, 9.007398013259245],
			"to": [8.990520891819235, 8, 10.007398013259245],
			"faces": {
				"north": {"uv": [0, 0, 1, 8], "texture": "#0"},
				"east": {"uv": [12, 0, 13, 8], "texture": "#0"},
				"south": {"uv": [12, 0, 13, 8], "texture": "#0"},
				"west": {"uv": [0, 0, 1, 8], "texture": "#0"},
				"up": {
					"uv": [0, 0, 1, 1],
					"texture": "#0",
					"rotation": 180
				},
				"down": {
					"uv": [0, 0, 1, 1],
					"texture": "#0",
					"rotation": 180
				}
			},
			"rotation": {
				"origin": [5.990520891819235, 8, 7.007398013259245],
				"axis": "y",
				"angle": 22.5
			}
		},
		{
			"name": "cube",
			"from": [8.374675880515627, 0, 9.923879532511286],
			"to": [9.374675880515627, 8, 10.923879532511286],
			"faces": {
				"north": {"uv": [0, 0, 1, 8], "texture": "#0"},
				"east": {"uv": [9, 0, 10, 8], "texture": "#0"},
				"south": {"uv": [14, 0, 15, 8], "texture": "#0"},
				"west": {"uv": [0, 0, 1, 8], "texture": "#0"},
				"up": {
					"uv": [0, 0, 1, 1],
					"texture": "#0",
					"rotation": 180
				},
				"down": {
					"uv": [0, 0, 1, 1],
					"texture": "#0",
					"rotation": 180
				}
			},
			"rotation": {
				"origin": [6.374675880515625, 8, 7.923879532511286],
				"axis": "y",
				"angle": 45
			}
		},
		{
			"name": "cube",
			"from": [8.086582838174552, 0, 6.619397662556434],
			"to": [9.086582838174552, 8, 7.619397662556434],
			"faces": {
				"north": {"uv": [3, 0, 4, 8], "texture": "#0"},
				"east": {"uv": [1, 0, 2, 8], "texture": "#0"},
				"south": {"uv": [0, 0, 1, 8], "texture": "#0"},
				"west": {"uv": [0, 0, 1, 8], "texture": "#0"},
				"up": {
					"uv": [0, 0, 1, 1],
					"texture": "#0",
					"rotation": 90
				},
				"down": {
					"uv": [0, 0, 1, 1],
					"texture": "#0",
					"rotation": 270
				}
			},
			"rotation": {
				"origin": [
					9.086582838174552,
					8,
					11.619397662556434
				],
				"axis": "y",
				"angle": -22.5
			}
		},
		{
			"name": "cube",
			"from": [9.093980851433793, 0, 5.3900814456243324],
			"to": [10.093980851433793, 8, 6.3900814456243324],
			"faces": {
				"north": {"uv": [0, 0, 1, 8], "texture": "#0"},
				"east": {"uv": [12, 0, 13, 8], "texture": "#0"},
				"south": {"uv": [0, 0, 1, 8], "texture": "#0"},
				"west": {"uv": [0, 0, 1, 8], "texture": "#0"},
				"up": {
					"uv": [0, 0, 1, 1],
					"texture": "#0",
					"rotation": 180
				},
				"down": {
					"uv": [0, 0, 1, 1],
					"texture": "#0",
					"rotation": 180
				}
			},
			"rotation": {
				"origin": [
					7.093980851433793,
					8,
					3.3900814456243324
				],
				"axis": "y",
				"angle": 22.5
			}
		},
		{
			"name": "cube",
			"from": [8.388345626578548, 0, 6.0897902135516375],
			"to": [9.388345626578548, 8, 7.0897902135516375],
			"faces": {
				"north": {"uv": [0, 0, 1, 8], "texture": "#0"},
				"east": {"uv": [9, 0, 10, 8], "texture": "#0"},
				"south": {"uv": [0, 0, 1, 8], "texture": "#0"},
				"west": {"uv": [0, 0, 1, 8], "texture": "#0"},
				"up": {
					"uv": [0, 0, 1, 1],
					"texture": "#0",
					"rotation": 180
				},
				"down": {
					"uv": [0, 0, 1, 1],
					"texture": "#0",
					"rotation": 180
				}
			},
			"rotation": {
				"origin": [
					6.388345626578548,
					8,
					4.0897902135516375
				],
				"axis": "y",
				"angle": 45
			}
		},
		{
			"name": "cube",
			"from": [7.010462370685838, 0, 3.0020810949215253],
			"to": [8.010462370685838, 8, 4.002081094921525],
			"faces": {
				"north": {"uv": [3, 0, 4, 8], "texture": "#0"},
				"east": {"uv": [0, 0, 1, 8], "texture": "#0"},
				"south": {"uv": [0, 0, 1, 8], "texture": "#0"},
				"west": {"uv": [0, 0, 1, 8], "texture": "#0"},
				"up": {
					"uv": [0, 0, 1, 1],
					"texture": "#0",
					"rotation": 90
				},
				"down": {
					"uv": [0, 0, 1, 1],
					"texture": "#0",
					"rotation": 270
				}
			},
			"rotation": {
				"origin": [8.010462370685838, 8, 8.002081094921525],
				"axis": "y",
				"angle": -22.5
			}
		},
		{
			"name": "cube",
			"from": [8.003207375377087, 0, 8.011588651141402],
			"to": [9.003207375377087, 8, 9.011588651141402],
			"faces": {
				"north": {"uv": [0, 0, 1, 8], "texture": "#0"},
				"east": {"uv": [0, 0, 1, 8], "texture": "#0"},
				"south": {"uv": [3, 0, 4, 8], "texture": "#0"},
				"west": {"uv": [0, 0, 1, 8], "texture": "#0"},
				"up": {
					"uv": [0, 0, 1, 1],
					"texture": "#0",
					"rotation": 270
				},
				"down": {
					"uv": [0, 0, 1, 1],
					"texture": "#0",
					"rotation": 90
				}
			},
			"rotation": {
				"origin": [8.003207375377087, 8, 4.011588651141402],
				"axis": "y",
				"angle": -22.5
			}
		},
		{
			"name": "cube",
			"from": [5.919688894629129, 0, 5.623588300438591],
			"to": [6.919688894629129, 8, 6.623588300438591],
			"faces": {
				"north": {"uv": [0, 0, 1, 8], "texture": "#0"},
				"east": {"uv": [0, 0, 1, 8], "texture": "#0"},
				"south": {"uv": [0, 0, 1, 8], "texture": "#0"},
				"west": {"uv": [12, 0, 13, 8], "texture": "#0"},
				"up": {"uv": [0, 0, 1, 1], "texture": "#0"},
				"down": {"uv": [0, 0, 1, 1], "texture": "#0"}
			},
			"rotation": {
				"origin": [8.919688894629129, 8, 8.623588300438591],
				"axis": "y",
				"angle": 22.5
			}
		},
		{
			"name": "cube",
			"from": [6.625324119484375, 0, 4.923879532511287],
			"to": [7.625324119484375, 8, 5.923879532511287],
			"faces": {
				"north": {"uv": [0, 0, 1, 8], "texture": "#0"},
				"east": {"uv": [0, 0, 1, 8], "texture": "#0"},
				"south": {"uv": [0, 0, 1, 8], "texture": "#0"},
				"west": {"uv": [9, 0, 10, 8], "texture": "#0"},
				"up": {"uv": [0, 0, 1, 1], "texture": "#0"},
				"down": {"uv": [0, 0, 1, 1], "texture": "#0"}
			},
			"rotation": {
				"origin": [9.625324119484375, 8, 7.923879532511286],
				"axis": "y",
				"angle": 45
			}
		},
		{
			"name": "non-alcoholic-liquid",
			"from": [6, 0, 4],
			"to": [10, 7.25, 8],
			"faces": {
				"up": {"uv": [12, 0, 16, 4], "texture": "#1"}
			}
		},
		{
			"name": "cube",
			"from": [
				7.699747468305837,
				-2.6123881554251156,
				5.585786437626908
			],
			"to": [
				8.699747468305834,
				0.3876118445748844,
				6.585786437626908
			],
			"faces": {
				"north": {"uv": [0, 0, 1, 3], "texture": "#0"},
				"east": {"uv": [0, 0, 2, 8], "texture": "#0"},
				"south": {"uv": [0, 0, 1, 3], "texture": "#0"},
				"west": {"uv": [0, 0, 1, 3], "texture": "#0"},
				"up": {
					"uv": [0, 0, 1, 2],
					"texture": "#0",
					"rotation": 180
				},
				"down": {
					"uv": [0, 0, 1, 2],
					"texture": "#0",
					"rotation": 180
				}
			},
			"rotation": {
				"origin": [
					18.199747468305834,
					-1.1123881554251156,
					6.085786437626908
				],
				"axis": "z",
				"angle": -45
			}
		},
		{
			"name": "cube",
			"from": [
				7.699747468305837,
				9.028174593052022,
				5.585786437626908
			],
			"to": [
				8.699747468305837,
				12.028174593052022,
				6.585786437626908
			],
			"faces": {
				"north": {"uv": [0, 0, 1, 3], "texture": "#0"},
				"east": {"uv": [0, 0, 2, 8], "texture": "#0"},
				"south": {"uv": [0, 0, 1, 3], "texture": "#0"},
				"west": {"uv": [0, 0, 1, 3], "texture": "#0"},
				"up": {
					"uv": [0, 0, 1, 2],
					"texture": "#0",
					"rotation": 180
				},
				"down": {
					"uv": [0, 0, 1, 2],
					"texture": "#0",
					"rotation": 180
				}
			},
			"rotation": {
				"origin": [
					18.199747468305837,
					10.528174593052022,
					6.085786437626908
				],
				"axis": "z",
				"angle": 45
			}
		},
		{
			"name": "cube",
			"from": [
				11.835786437626908,
				2.042893218813452,
				5.585786437626908
			],
			"to": [
				12.835786437626908,
				7.372893218813452,
				6.585786437626908
			],
			"faces": {
				"north": {"uv": [0, 0, 1, 3], "texture": "#0"},
				"east": {"uv": [0, 0, 2, 8], "texture": "#0"},
				"south": {"uv": [0, 0, 1, 3], "texture": "#0"},
				"west": {"uv": [0, 0, 1, 3], "texture": "#0"},
				"up": {
					"uv": [0, 0, 1, 2],
					"texture": "#0",
					"rotation": 180
				},
				"down": {
					"uv": [0, 0, 1, 2],
					"texture": "#0",
					"rotation": 180
				}
			},
			"rotation": {
				"origin": [
					24.75,
					3.542893218813452,
					6.085786437626908
				],
				"axis": "z",
				"angle": 0
			}
		}
	]
}