{
	"credit": "Made with Blockbench, a free, modern block model editor by JannisX11",
	"textures": {
		"0": "blocks/anvil_base",
		"1": "blocks/liquid",
		"particle": "blocks/anvil_base"
	},
	"elements": [
		{
			"name": "cube",
			"from": [6, 0, 5],
			"to": [7, 8, 7],
			"faces": {
				"north": {"uv": [0, 0, 1, 8], "texture": "#0"},
				"east": {"uv": [0, 0, 2, 8], "texture": "#0"},
				"south": {"uv": [0, 0, 1, 8], "texture": "#0"},
				"west": {"uv": [6, 0, 8, 8], "texture": "#0"},
				"up": {"uv": [0, 0, 1, 2], "texture": "#0"},
				"down": {"uv": [0, 0, 1, 2], "texture": "#0"}
			}
		},
		{
			"name": "cube",
			"from": [11, 0, 5],
			"to": [12, 8, 7],
			"faces": {
				"north": {"uv": [0, 0, 1, 8], "texture": "#0"},
				"east": {"uv": [0, 0, 2, 8], "texture": "#0"},
				"south": {"uv": [0, 0, 1, 8], "texture": "#0"},
				"west": {"uv": [0, 0, 2, 8], "texture": "#0"},
				"up": {"uv": [0, 0, 1, 2], "texture": "#0"},
				"down": {"uv": [0, 0, 1, 2], "texture": "#0"}
			}
		},
		{
			"name": "cube",
			"from": [8, 0, 8],
			"to": [10, 8, 9],
			"faces": {
				"north": {"uv": [0, 0, 2, 8], "texture": "#0"},
				"east": {"uv": [0, 0, 1, 8], "texture": "#0"},
				"south": {"uv": [0, 0, 2, 8], "texture": "#0"},
				"west": {"uv": [0, 0, 1, 8], "texture": "#0"},
				"up": {
					"uv": [0, 0, 1, 2],
					"texture": "#0",
					"rotation": 90
				},
				"down": {
					"uv": [0, 0, 1, 2],
					"texture": "#0",
					"rotation": 270
				}
			}
		},
		{
			"name": "cube",
			"from": [8, 0, 3.000000000000001],
			"to": [10, 8, 4.000000000000001],
			"faces": {
				"north": {"uv": [0, 0, 2, 8], "texture": "#0"},
				"east": {"uv": [0, 0, 1, 8], "texture": "#0"},
				"south": {"uv": [0, 0, 2, 8], "texture": "#0"},
				"west": {"uv": [0, 0, 1, 8], "texture": "#0"},
				"up": {
					"uv": [0, 0, 1, 2],
					"texture": "#0",
					"rotation": 90
				},
				"down": {
					"uv": [0, 0, 1, 2],
					"texture": "#0",
					"rotation": 270
				}
			}
		},
		{
			"name": "cube",
			"from": [8.376411699561409, 0, 3.9196888946291297],
			"to": [9.376411699561409, 8, 4.91968889462913],
			"faces": {
				"north": {"uv": [12, 0, 13, 8], "texture": "#0"},
				"east": {"uv": [0, 0, 1, 8], "texture": "#0"},
				"south": {"uv": [0, 0, 1, 8], "texture": "#0"},
				"west": {"uv": [0, 0, 1, 8], "texture": "#0"},
				"up": {
					"uv": [0, 0, 1, 1],
					"texture": "#0",
					"rotation": 90
				},
				"down": {
					"uv": [0, 0, 1, 1],
					"texture": "#0",
					"rotation": 270
				}
			},
			"rotation": {
				"origin": [6.376411699561409, 8, 6.919688894629129],
				"axis": "y",
				"angle": 22.5
			}
		},
		{
			"name": "cube",
			"from": [9.076120467488714, 0, 4.625324119484375],
			"to": [10.076120467488714, 8, 5.625324119484375],
			"faces": {
				"north": {"uv": [9, 0, 10, 8], "texture": "#0"},
				"east": {"uv": [0, 0, 1, 8], "texture": "#0"},
				"south": {"uv": [0, 0, 1, 8], "texture": "#0"},
				"west": {"uv": [0, 0, 1, 8], "texture": "#0"},
				"up": {
					"uv": [0, 0, 1, 1],
					"texture": "#0",
					"rotation": 90
				},
				"down": {
					"uv": [0, 0, 1, 1],
					"texture": "#0",
					"rotation": 270
				}
			},
			"rotation": {
				"origin": [7.076120467488713, 8, 7.625324119484375],
				"axis": "y",
				"angle": 45
			}
		},
		{
			"name": "cube",
			"from": [6.0020810949215235, 0, 5.989537629314164],
			"to": [7.0020810949215235, 8, 6.989537629314164],
			"faces": {
				"north": {"uv": [0, 0, 1, 8], "texture": "#0"},
				"east": {"uv": [0, 0, 1, 8], "texture": "#0"},
				"south": {"uv": [0, 0, 1, 8], "texture": "#0"},
				"west": {"uv": [3, 0, 4, 8], "texture": "#0"},
				"up": {"uv": [0, 0, 1, 1], "texture": "#0"},
				"down": {"uv": [0, 0, 1, 1], "texture": "#0"}
			},
			"rotation": {
				"origin": [
					11.002081094921524,
					8,
					5.989537629314164
				],
				"axis": "y",
				"angle": -22.5
			}
		},
		{
			"name": "cube",
			"from": [8.990520891819235, 0, 9.007398013259245],
			"to": [9.990520891819235, 8, 10.007398013259245],
			"faces": {
				"north": {"uv": [0, 0, 1, 8], "texture": "#0"},
				"east": {"uv": [12, 0, 13, 8], "texture": "#0"},
				"south": {"uv": [12, 0, 13, 8], "texture": "#0"},
				"west": {"uv": [0, 0, 1, 8], "texture": "#0"},
				"up": {
					"uv": [0, 0, 1, 1],
					"texture": "#0",
					"rotation": 180
				},
				"down": {
					"uv": [0, 0, 1, 1],
					"texture": "#0",
					"rotation": 180
				}
			},
			"rotation": {
				"origin": [6.990520891819235, 8, 7.007398013259245],
				"axis": "y",
				"angle": 22.5
			}
		},
		{
			"name": "cube",
			"from": [9.374675880515627, 0, 9.923879532511286],
			"to": [10.374675880515627, 8, 10.923879532511286],
			"faces": {
				"north": {"uv": [0, 0, 1, 8], "texture": "#0"},
				"east": {"uv": [9, 0, 10, 8], "texture": "#0"},
				"south": {"uv": [14, 0, 15, 8], "texture": "#0"},
				"west": {"uv": [0, 0, 1, 8], "texture": "#0"},
				"up": {
					"uv": [0, 0, 1, 1],
					"texture": "#0",
					"rotation": 180
				},
				"down": {
					"uv": [0, 0, 1, 1],
					"texture": "#0",
					"rotation": 180
				}
			},
			"rotation": {
				"origin": [7.374675880515626, 8, 7.923879532511286],
				"axis": "y",
				"angle": 45
			}
		},
		{
			"name": "cube",
			"from": [9.086582838174552, 0, 6.619397662556434],
			"to": [10.086582838174552, 8, 7.619397662556434],
			"faces": {
				"north": {"uv": [3, 0, 4, 8], "texture": "#0"},
				"east": {"uv": [1, 0, 2, 8], "texture": "#0"},
				"south": {"uv": [0, 0, 1, 8], "texture": "#0"},
				"west": {"uv": [0, 0, 1, 8], "texture": "#0"},
				"up": {
					"uv": [0, 0, 1, 1],
					"texture": "#0",
					"rotation": 90
				},
				"down": {
					"uv": [0, 0, 1, 1],
					"texture": "#0",
					"rotation": 270
				}
			},
			"rotation": {
				"origin": [
					10.086582838174552,
					8,
					11.619397662556434
				],
				"axis": "y",
				"angle": -22.5
			}
		},
		{
			"name": "cube",
			"from": [10.093980851433793, 0, 5.3900814456243324],
			"to": [11.093980851433793, 8, 6.3900814456243324],
			"faces": {
				"north": {"uv": [0, 0, 1, 8], "texture": "#0"},
				"east": {"uv": [12, 0, 13, 8], "texture": "#0"},
				"south": {"uv": [0, 0, 1, 8], "texture": "#0"},
				"west": {"uv": [0, 0, 1, 8], "texture": "#0"},
				"up": {
					"uv": [0, 0, 1, 1],
					"texture": "#0",
					"rotation": 180
				},
				"down": {
					"uv": [0, 0, 1, 1],
					"texture": "#0",
					"rotation": 180
				}
			},
			"rotation": {
				"origin": [
					8.093980851433793,
					8,
					3.3900814456243324
				],
				"axis": "y",
				"angle": 22.5
			}
		},
		{
			"name": "cube",
			"from": [9.388345626578548, 0, 6.0897902135516375],
			"to": [10.388345626578548, 8, 7.0897902135516375],
			"faces": {
				"north": {"uv": [0, 0, 1, 8], "texture": "#0"},
				"east": {"uv": [9, 0, 10, 8], "texture": "#0"},
				"south": {"uv": [0, 0, 1, 8], "texture": "#0"},
				"west": {"uv": [0, 0, 1, 8], "texture": "#0"},
				"up": {
					"uv": [0, 0, 1, 1],
					"texture": "#0",
					"rotation": 180
				},
				"down": {
					"uv": [0, 0, 1, 1],
					"texture": "#0",
					"rotation": 180
				}
			},
			"rotation": {
				"origin": [
					7.388345626578547,
					8,
					4.0897902135516375
				],
				"axis": "y",
				"angle": 45
			}
		},
		{
			"name": "cube",
			"from": [8.010462370685838, 0, 3.0020810949215244],
			"to": [9.010462370685838, 8, 4.002081094921524],
			"faces": {
				"north": {"uv": [3, 0, 4, 8], "texture": "#0"},
				"east": {"uv": [0, 0, 1, 8], "texture": "#0"},
				"south": {"uv": [0, 0, 1, 8], "texture": "#0"},
				"west": {"uv": [0, 0, 1, 8], "texture": "#0"},
				"up": {
					"uv": [0, 0, 1, 1],
					"texture": "#0",
					"rotation": 90
				},
				"down": {
					"uv": [0, 0, 1, 1],
					"texture": "#0",
					"rotation": 270
				}
			},
			"rotation": {
				"origin": [9.010462370685838, 8, 8.002081094921525],
				"axis": "y",
				"angle": -22.5
			}
		},
		{
			"name": "cube",
			"from": [9.003207375377087, 0, 8.011588651141402],
			"to": [10.003207375377087, 8, 9.011588651141402],
			"faces": {
				"north": {"uv": [0, 0, 1, 8], "texture": "#0"},
				"east": {"uv": [0, 0, 1, 8], "texture": "#0"},
				"south": {"uv": [3, 0, 4, 8], "texture": "#0"},
				"west": {"uv": [0, 0, 1, 8], "texture": "#0"},
				"up": {
					"uv": [0, 0, 1, 1],
					"texture": "#0",
					"rotation": 270
				},
				"down": {
					"uv": [0, 0, 1, 1],
					"texture": "#0",
					"rotation": 90
				}
			},
			"rotation": {
				"origin": [9.003207375377087, 8, 4.011588651141402],
				"axis": "y",
				"angle": -22.5
			}
		},
		{
			"name": "cube",
			"from": [6.919688894629129, 0, 5.623588300438591],
			"to": [7.919688894629129, 8, 6.623588300438591],
			"faces": {
				"north": {"uv": [0, 0, 1, 8], "texture": "#0"},
				"east": {"uv": [0, 0, 1, 8], "texture": "#0"},
				"south": {"uv": [0, 0, 1, 8], "texture": "#0"},
				"west": {"uv": [12, 0, 13, 8], "texture": "#0"},
				"up": {"uv": [0, 0, 1, 1], "texture": "#0"},
				"down": {"uv": [0, 0, 1, 1], "texture": "#0"}
			},
			"rotation": {
				"origin": [9.919688894629129, 8, 8.623588300438591],
				"axis": "y",
				"angle": 22.5
			}
		},
		{
			"name": "cube",
			"from": [7.625324119484375, 0, 4.923879532511286],
			"to": [8.625324119484375, 8, 5.923879532511286],
			"faces": {
				"north": {"uv": [0, 0, 1, 8], "texture": "#0"},
				"east": {"uv": [0, 0, 1, 8], "texture": "#0"},
				"south": {"uv": [0, 0, 1, 8], "texture": "#0"},
				"west": {"uv": [9, 0, 10, 8], "texture": "#0"},
				"up": {"uv": [0, 0, 1, 1], "texture": "#0"},
				"down": {"uv": [0, 0, 1, 1], "texture": "#0"}
			},
			"rotation": {
				"origin": [
					10.625324119484375,
					8,
					7.923879532511286
				],
				"axis": "y",
				"angle": 45
			}
		},
		{
			"name": "non-alcoholic-liquid",
			"from": [7, 0, 4],
			"to": [11, 7.25, 8],
			"faces": {
				"up": {"uv": [0, 0, 4, 4], "texture": "#1"}
			}
		},
		{
			"name": "cube",
			"from": [
				8.5,
				-5.113961030678928,
				11.471825406947973
			],
			"to": [9.5, -2.1139610306789276, 12.471825406947971],
			"faces": {
				"north": {"uv": [0, 0, 2, 8], "texture": "#0"},
				"east": {"uv": [0, 0, 1, 3], "texture": "#0"},
				"south": {"uv": [0, 0, 1, 3], "texture": "#0"},
				"west": {"uv": [0, 0, 1, 3], "texture": "#0"},
				"up": {
					"uv": [0, 0, 1, 2],
					"texture": "#0",
					"rotation": 90
				},
				"down": {
					"uv": [0, 0, 1, 2],
					"texture": "#0",
					"rotation": 270
				}
			},
			"rotation": {
				"origin": [
					9,
					-3.6139610306789276,
					1.971825406947974
				],
				"axis": "x",
				"angle": -45
			}
		},
		{
			"name": "cube",
			"from": [
				8.5,
				11.529747468305832,
				11.471825406947975
			],
			"to": [9.5, 14.529747468305832, 12.471825406947975],
			"faces": {
				"north": {"uv": [0, 0, 2, 8], "texture": "#0"},
				"east": {"uv": [0, 0, 1, 3], "texture": "#0"},
				"south": {"uv": [0, 0, 1, 3], "texture": "#0"},
				"west": {"uv": [0, 0, 1, 3], "texture": "#0"},
				"up": {
					"uv": [0, 0, 1, 2],
					"texture": "#0",
					"rotation": 90
				},
				"down": {
					"uv": [0, 0, 1, 2],
					"texture": "#0",
					"rotation": 270
				}
			},
			"rotation": {
				"origin": [
					9,
					13.029747468305832,
					1.9718254069479757
				],
				"axis": "x",
				"angle": 45
			}
		},
		{
			"name": "cube",
			"from": [8.5, 2.042893218813452, 9.749999999999998],
			"to": [9.5, 7.372893218813452, 10.749999999999998],
			"faces": {
				"north": {"uv": [0, 0, 2, 8], "texture": "#0"},
				"east": {"uv": [0, 0, 1, 3], "texture": "#0"},
				"south": {"uv": [0, 0, 1, 3], "texture": "#0"},
				"west": {"uv": [0, 0, 1, 3], "texture": "#0"},
				"up": {
					"uv": [0, 0, 1, 2],
					"texture": "#0",
					"rotation": 90
				},
				"down": {
					"uv": [0, 0, 1, 2],
					"texture": "#0",
					"rotation": 270
				}
			},
			"rotation": {
				"origin": [
					9,
					3.542893218813452,
					-2.164213562373095
				],
				"axis": "x",
				"angle": 0
			}
		}
	]
}