{
	"credit": "Made with Blockbench, a free, modern block model editor by JannisX11",
	"textures": {
		"0": "blocks/planks_spruce",
		"1": "blocks/door_iron_lower",
		"particle": "blocks/planks_spruce"
	},
	"elements": [
		{
			"name": "cube",
			"from": [4, 0, 4],
			"to": [5, 12, 5],
			"faces": {
				"north": {"uv": [0, 0, 1, 12], "texture": "#1"},
				"east": {"uv": [0, 0, 1, 12], "texture": "#1"},
				"south": {"uv": [0, 0, 1, 12], "texture": "#1"},
				"west": {"uv": [0, 0, 1, 12], "texture": "#1"}
			}
		},
		{
			"name": "cube",
			"from": [3.5, 6, 4.5],
			"to": [4.5, 7, 11.5],
			"faces": {
				"north": {"uv": [0, 3, 7, 4], "texture": "#0"},
				"east": {"uv": [0, 3, 1, 4], "texture": "#0"},
				"south": {"uv": [0, 3, 7, 4], "texture": "#0"},
				"west": {"uv": [1, 3, 2, 4], "texture": "#0"},
				"up": {
					"uv": [0, 3, 7, 4],
					"texture": "#0",
					"rotation": 180
				},
				"down": {"uv": [9, 3, 16, 4], "texture": "#0"}
			}
		},
		{
			"name": "cube",
			"from": [4.5, 6, 3.5],
			"to": [11.5, 7, 4.5],
			"faces": {
				"north": {"uv": [0, 3, 7, 4], "texture": "#0"},
				"east": {"uv": [0, 3, 1, 4], "texture": "#0"},
				"south": {"uv": [0, 3, 7, 4], "texture": "#0"},
				"west": {"uv": [1, 3, 2, 4], "texture": "#0"},
				"up": {
					"uv": [0, 3, 7, 4],
					"texture": "#0",
					"rotation": 180
				},
				"down": {
					"uv": [9, 3, 16, 4],
					"texture": "#0",
					"rotation": 270
				}
			}
		},
		{
			"name": "cube",
			"from": [11.5, 6, 4.5],
			"to": [12.5, 7, 11.5],
			"faces": {
				"north": {"uv": [0, 3, 7, 4], "texture": "#0"},
				"east": {"uv": [0, 3, 1, 4], "texture": "#0"},
				"south": {"uv": [0, 3, 7, 4], "texture": "#0"},
				"west": {"uv": [1, 3, 2, 4], "texture": "#0"},
				"up": {
					"uv": [0, 3, 7, 4],
					"texture": "#0",
					"rotation": 180
				},
				"down": {
					"uv": [9, 3, 16, 4],
					"texture": "#0",
					"rotation": 180
				}
			}
		},
		{
			"name": "cube",
			"from": [4.5, 6, 11.5],
			"to": [11.5, 7, 12.5],
			"faces": {
				"north": {"uv": [0, 3, 7, 4], "texture": "#0"},
				"east": {"uv": [0, 3, 1, 4], "texture": "#0"},
				"south": {"uv": [0, 3, 7, 4], "texture": "#0"},
				"west": {"uv": [1, 3, 2, 4], "texture": "#0"},
				"up": {
					"uv": [0, 3, 7, 4],
					"texture": "#0",
					"rotation": 180
				},
				"down": {"uv": [9, 3, 16, 4], "texture": "#0"}
			}
		},
		{
			"name": "cube",
			"from": [3, 12, 3],
			"to": [13, 13, 13],
			"faces": {
				"north": {
					"uv": [0, 3, 10, 4],
					"texture": "#0",
					"rotation": 180
				},
				"east": {
					"uv": [0, 3, 10, 4],
					"texture": "#0",
					"rotation": 180
				},
				"south": {
					"uv": [0, 3, 10, 4],
					"texture": "#0",
					"rotation": 180
				},
				"west": {
					"uv": [0, 3, 10, 4],
					"texture": "#0",
					"rotation": 180
				},
				"up": {
					"uv": [0, 0, 10, 10],
					"texture": "#0",
					"rotation": 270
				},
				"down": {
					"uv": [0, 0, 10, 10],
					"texture": "#0",
					"rotation": 90
				}
			}
		},
		{
			"name": "cube",
			"from": [4, 0, 11],
			"to": [5, 12, 12],
			"faces": {
				"north": {"uv": [0, 0, 1, 12], "texture": "#1"},
				"east": {"uv": [0, 0, 1, 12], "texture": "#1"},
				"south": {"uv": [0, 0, 1, 12], "texture": "#1"},
				"west": {"uv": [0, 0, 1, 12], "texture": "#1"}
			}
		},
		{
			"name": "cube",
			"from": [11, 0, 11],
			"to": [12, 12, 12],
			"faces": {
				"north": {"uv": [0, 0, 1, 12], "texture": "#1"},
				"east": {"uv": [0, 0, 1, 12], "texture": "#1"},
				"south": {"uv": [0, 0, 1, 12], "texture": "#1"},
				"west": {"uv": [0, 0, 1, 12], "texture": "#1"}
			}
		},
		{
			"name": "cube",
			"from": [11, 0, 4],
			"to": [12, 12, 5],
			"faces": {
				"north": {"uv": [0, 0, 1, 12], "texture": "#1"},
				"east": {"uv": [0, 0, 1, 12], "texture": "#1"},
				"south": {"uv": [0, 0, 1, 12], "texture": "#1"},
				"west": {"uv": [0, 0, 1, 12], "texture": "#1"}
			}
		}
	]
}