{
	"credit": "Made with Blockbench, a free, modern block model editor by JannisX11",
	"textures": {
		"0": "blocks/anvil_base",
		"1": "blocks/liquid",
		"particle": "blocks/anvil_base"
	},
	"elements": [
		{
			"name": "cube",
			"from": [4, 0, 8],
			"to": [5, 8, 10],
			"faces": {
				"north": {"uv": [0, 0, 1, 8], "texture": "#0"},
				"east": {"uv": [0, 0, 2, 8], "texture": "#0"},
				"south": {"uv": [0, 0, 1, 8], "texture": "#0"},
				"west": {"uv": [6, 0, 8, 8], "texture": "#0"},
				"up": {"uv": [0, 0, 1, 2], "texture": "#0"},
				"down": {"uv": [0, 0, 1, 2], "texture": "#0"}
			}
		},
		{
			"name": "cube",
			"from": [9, 0, 8],
			"to": [10, 8, 10],
			"faces": {
				"north": {"uv": [0, 0, 1, 8], "texture": "#0"},
				"east": {"uv": [0, 0, 2, 8], "texture": "#0"},
				"south": {"uv": [0, 0, 1, 8], "texture": "#0"},
				"west": {"uv": [0, 0, 2, 8], "texture": "#0"},
				"up": {"uv": [0, 0, 1, 2], "texture": "#0"},
				"down": {"uv": [0, 0, 1, 2], "texture": "#0"}
			}
		},
		{
			"name": "cube",
			"from": [6, 0, 11],
			"to": [8, 8, 12],
			"faces": {
				"north": {"uv": [0, 0, 2, 8], "texture": "#0"},
				"east": {"uv": [0, 0, 1, 8], "texture": "#0"},
				"south": {"uv": [0, 0, 2, 8], "texture": "#0"},
				"west": {"uv": [0, 0, 1, 8], "texture": "#0"},
				"up": {
					"uv": [0, 0, 1, 2],
					"texture": "#0",
					"rotation": 90
				},
				"down": {
					"uv": [0, 0, 1, 2],
					"texture": "#0",
					"rotation": 270
				}
			}
		},
		{
			"name": "cube",
			"from": [6, 0, 6.000000000000001],
			"to": [8, 8, 7.000000000000001],
			"faces": {
				"north": {"uv": [0, 0, 2, 8], "texture": "#0"},
				"east": {"uv": [0, 0, 1, 8], "texture": "#0"},
				"south": {"uv": [0, 0, 2, 8], "texture": "#0"},
				"west": {"uv": [0, 0, 1, 8], "texture": "#0"},
				"up": {
					"uv": [0, 0, 1, 2],
					"texture": "#0",
					"rotation": 90
				},
				"down": {
					"uv": [0, 0, 1, 2],
					"texture": "#0",
					"rotation": 270
				}
			}
		},
		{
			"name": "cube",
			"from": [6.376411699561409, 0, 6.91968889462913],
			"to": [7.376411699561409, 8, 7.91968889462913],
			"faces": {
				"north": {"uv": [12, 0, 13, 8], "texture": "#0"},
				"east": {"uv": [0, 0, 1, 8], "texture": "#0"},
				"south": {"uv": [0, 0, 1, 8], "texture": "#0"},
				"west": {"uv": [0, 0, 1, 8], "texture": "#0"},
				"up": {
					"uv": [0, 0, 1, 1],
					"texture": "#0",
					"rotation": 90
				},
				"down": {
					"uv": [0, 0, 1, 1],
					"texture": "#0",
					"rotation": 270
				}
			},
			"rotation": {
				"origin": [4.376411699561409, 8, 9.919688894629129],
				"axis": "y",
				"angle": 22.5
			}
		},
		{
			"name": "cube",
			"from": [7.076120467488714, 0, 7.625324119484375],
			"to": [8.076120467488714, 8, 8.625324119484375],
			"faces": {
				"north": {"uv": [9, 0, 10, 8], "texture": "#0"},
				"east": {"uv": [0, 0, 1, 8], "texture": "#0"},
				"south": {"uv": [0, 0, 1, 8], "texture": "#0"},
				"west": {"uv": [0, 0, 1, 8], "texture": "#0"},
				"up": {
					"uv": [0, 0, 1, 1],
					"texture": "#0",
					"rotation": 90
				},
				"down": {
					"uv": [0, 0, 1, 1],
					"texture": "#0",
					"rotation": 270
				}
			},
			"rotation": {
				"origin": [
					5.076120467488713,
					8,
					10.625324119484375
				],
				"axis": "y",
				"angle": 45
			}
		},
		{
			"name": "cube",
			"from": [4.0020810949215235, 0, 8.989537629314164],
			"to": [5.0020810949215235, 8, 9.989537629314164],
			"faces": {
				"north": {"uv": [0, 0, 1, 8], "texture": "#0"},
				"east": {"uv": [0, 0, 1, 8], "texture": "#0"},
				"south": {"uv": [0, 0, 1, 8], "texture": "#0"},
				"west": {"uv": [3, 0, 4, 8], "texture": "#0"},
				"up": {"uv": [0, 0, 1, 1], "texture": "#0"},
				"down": {"uv": [0, 0, 1, 1], "texture": "#0"}
			},
			"rotation": {
				"origin": [9.002081094921524, 8, 8.989537629314164],
				"axis": "y",
				"angle": -22.5
			}
		},
		{
			"name": "cube",
			"from": [6.990520891819235, 0, 12.007398013259245],
			"to": [7.990520891819235, 8, 13.007398013259245],
			"faces": {
				"north": {"uv": [0, 0, 1, 8], "texture": "#0"},
				"east": {"uv": [12, 0, 13, 8], "texture": "#0"},
				"south": {"uv": [12, 0, 13, 8], "texture": "#0"},
				"west": {"uv": [0, 0, 1, 8], "texture": "#0"},
				"up": {
					"uv": [0, 0, 1, 1],
					"texture": "#0",
					"rotation": 180
				},
				"down": {
					"uv": [0, 0, 1, 1],
					"texture": "#0",
					"rotation": 180
				}
			},
			"rotation": {
				"origin": [
					4.990520891819235,
					8,
					10.007398013259245
				],
				"axis": "y",
				"angle": 22.5
			}
		},
		{
			"name": "cube",
			"from": [7.3746758805156265, 0, 12.923879532511286],
			"to": [8.374675880515627, 8, 13.923879532511286],
			"faces": {
				"north": {"uv": [0, 0, 1, 8], "texture": "#0"},
				"east": {"uv": [9, 0, 10, 8], "texture": "#0"},
				"south": {"uv": [14, 0, 15, 8], "texture": "#0"},
				"west": {"uv": [0, 0, 1, 8], "texture": "#0"},
				"up": {
					"uv": [0, 0, 1, 1],
					"texture": "#0",
					"rotation": 180
				},
				"down": {
					"uv": [0, 0, 1, 1],
					"texture": "#0",
					"rotation": 180
				}
			},
			"rotation": {
				"origin": [
					5.374675880515626,
					8,
					10.923879532511286
				],
				"axis": "y",
				"angle": 45
			}
		},
		{
			"name": "cube",
			"from": [7.086582838174552, 0, 9.619397662556434],
			"to": [8.086582838174552, 8, 10.619397662556434],
			"faces": {
				"north": {"uv": [3, 0, 4, 8], "texture": "#0"},
				"east": {"uv": [1, 0, 2, 8], "texture": "#0"},
				"south": {"uv": [0, 0, 1, 8], "texture": "#0"},
				"west": {"uv": [0, 0, 1, 8], "texture": "#0"},
				"up": {
					"uv": [0, 0, 1, 1],
					"texture": "#0",
					"rotation": 90
				},
				"down": {
					"uv": [0, 0, 1, 1],
					"texture": "#0",
					"rotation": 270
				}
			},
			"rotation": {
				"origin": [
					8.086582838174552,
					8,
					14.619397662556434
				],
				"axis": "y",
				"angle": -22.5
			}
		},
		{
			"name": "cube",
			"from": [8.093980851433793, 0, 8.390081445624332],
			"to": [9.093980851433793, 8, 9.390081445624332],
			"faces": {
				"north": {"uv": [0, 0, 1, 8], "texture": "#0"},
				"east": {"uv": [12, 0, 13, 8], "texture": "#0"},
				"south": {"uv": [0, 0, 1, 8], "texture": "#0"},
				"west": {"uv": [0, 0, 1, 8], "texture": "#0"},
				"up": {
					"uv": [0, 0, 1, 1],
					"texture": "#0",
					"rotation": 180
				},
				"down": {
					"uv": [0, 0, 1, 1],
					"texture": "#0",
					"rotation": 180
				}
			},
			"rotation": {
				"origin": [
					6.093980851433793,
					8,
					6.3900814456243324
				],
				"axis": "y",
				"angle": 22.5
			}
		},
		{
			"name": "cube",
			"from": [7.388345626578548, 0, 9.089790213551638],
			"to": [8.388345626578548, 8, 10.089790213551638],
			"faces": {
				"north": {"uv": [0, 0, 1, 8], "texture": "#0"},
				"east": {"uv": [9, 0, 10, 8], "texture": "#0"},
				"south": {"uv": [0, 0, 1, 8], "texture": "#0"},
				"west": {"uv": [0, 0, 1, 8], "texture": "#0"},
				"up": {
					"uv": [0, 0, 1, 1],
					"texture": "#0",
					"rotation": 180
				},
				"down": {
					"uv": [0, 0, 1, 1],
					"texture": "#0",
					"rotation": 180
				}
			},
			"rotation": {
				"origin": [
					5.388345626578547,
					8,
					7.0897902135516375
				],
				"axis": "y",
				"angle": 45
			}
		},
		{
			"name": "cube",
			"from": [6.010462370685838, 0, 6.002081094921524],
			"to": [7.010462370685838, 8, 7.002081094921524],
			"faces": {
				"north": {"uv": [3, 0, 4, 8], "texture": "#0"},
				"east": {"uv": [0, 0, 1, 8], "texture": "#0"},
				"south": {"uv": [0, 0, 1, 8], "texture": "#0"},
				"west": {"uv": [0, 0, 1, 8], "texture": "#0"},
				"up": {
					"uv": [0, 0, 1, 1],
					"texture": "#0",
					"rotation": 90
				},
				"down": {
					"uv": [0, 0, 1, 1],
					"texture": "#0",
					"rotation": 270
				}
			},
			"rotation": {
				"origin": [
					7.010462370685838,
					8,
					11.002081094921525
				],
				"axis": "y",
				"angle": -22.5
			}
		},
		{
			"name": "cube",
			"from": [7.003207375377087, 0, 11.011588651141402],
			"to": [8.003207375377087, 8, 12.011588651141402],
			"faces": {
				"north": {"uv": [0, 0, 1, 8], "texture": "#0"},
				"east": {"uv": [0, 0, 1, 8], "texture": "#0"},
				"south": {"uv": [3, 0, 4, 8], "texture": "#0"},
				"west": {"uv": [0, 0, 1, 8], "texture": "#0"},
				"up": {
					"uv": [0, 0, 1, 1],
					"texture": "#0",
					"rotation": 270
				},
				"down": {
					"uv": [0, 0, 1, 1],
					"texture": "#0",
					"rotation": 90
				}
			},
			"rotation": {
				"origin": [7.003207375377087, 8, 7.011588651141402],
				"axis": "y",
				"angle": -22.5
			}
		},
		{
			"name": "cube",
			"from": [4.919688894629129, 0, 8.623588300438591],
			"to": [5.919688894629129, 8, 9.623588300438591],
			"faces": {
				"north": {"uv": [0, 0, 1, 8], "texture": "#0"},
				"east": {"uv": [0, 0, 1, 8], "texture": "#0"},
				"south": {"uv": [0, 0, 1, 8], "texture": "#0"},
				"west": {"uv": [12, 0, 13, 8], "texture": "#0"},
				"up": {"uv": [0, 0, 1, 1], "texture": "#0"},
				"down": {"uv": [0, 0, 1, 1], "texture": "#0"}
			},
			"rotation": {
				"origin": [
					7.919688894629129,
					8,
					11.623588300438591
				],
				"axis": "y",
				"angle": 22.5
			}
		},
		{
			"name": "cube",
			"from": [5.625324119484375, 0, 7.923879532511286],
			"to": [6.625324119484375, 8, 8.923879532511286],
			"faces": {
				"north": {"uv": [0, 0, 1, 8], "texture": "#0"},
				"east": {"uv": [0, 0, 1, 8], "texture": "#0"},
				"south": {"uv": [0, 0, 1, 8], "texture": "#0"},
				"west": {"uv": [9, 0, 10, 8], "texture": "#0"},
				"up": {"uv": [0, 0, 1, 1], "texture": "#0"},
				"down": {"uv": [0, 0, 1, 1], "texture": "#0"}
			},
			"rotation": {
				"origin": [
					8.625324119484375,
					8,
					10.923879532511286
				],
				"axis": "y",
				"angle": 45
			}
		},
		{
			"name": "non-alcoholic-liquid",
			"from": [5, 0, 7],
			"to": [9, 7.25, 11],
			"faces": {
				"up": {"uv": [4, 4, 8, 8], "texture": "#1"}
			}
		},
		{
			"name": "cube",
			"from": [6.5, 1.25, 5.500000000000001],
			"to": [7.5, 4.25, 6.500000000000001],
			"faces": {
				"north": {"uv": [0, 0, 1, 3], "texture": "#0"},
				"east": {"uv": [0, 0, 1, 3], "texture": "#0"},
				"south": {"uv": [0, 0, 2, 8], "texture": "#0"},
				"west": {"uv": [0, 0, 1, 3], "texture": "#0"},
				"up": {
					"uv": [0, 0, 1, 2],
					"texture": "#0",
					"rotation": 90
				},
				"down": {
					"uv": [0, 0, 1, 2],
					"texture": "#0",
					"rotation": 270
				}
			},
			"rotation": {
				"origin": [7, 2.75, 6.000000000000001],
				"axis": "x",
				"angle": 45
			}
		},
		{
			"name": "cube",
			"from": [6.5, 3.75, 5.500000000000001],
			"to": [7.5, 6.75, 6.500000000000001],
			"faces": {
				"north": {"uv": [0, 0, 1, 3], "texture": "#0"},
				"east": {"uv": [0, 0, 1, 3], "texture": "#0"},
				"south": {"uv": [0, 0, 2, 8], "texture": "#0"},
				"west": {"uv": [0, 0, 1, 3], "texture": "#0"},
				"up": {
					"uv": [0, 0, 1, 2],
					"texture": "#0",
					"rotation": 90
				},
				"down": {
					"uv": [0, 0, 1, 2],
					"texture": "#0",
					"rotation": 270
				}
			},
			"rotation": {
				"origin": [7, 5.25, 6.000000000000001],
				"axis": "x",
				"angle": -45
			}
		},
		{
			"name": "cube",
			"from": [6.5, 1.3357864376269049, 4.292893218813453],
			"to": [7.5, 6.665786437626905, 5.292893218813453],
			"faces": {
				"north": {"uv": [0, 0, 1, 3], "texture": "#0"},
				"east": {"uv": [0, 0, 1, 3], "texture": "#0"},
				"south": {"uv": [0, 0, 2, 8], "texture": "#0"},
				"west": {"uv": [0, 0, 1, 3], "texture": "#0"},
				"up": {
					"uv": [0, 0, 1, 2],
					"texture": "#0",
					"rotation": 90
				},
				"down": {
					"uv": [0, 0, 1, 2],
					"texture": "#0",
					"rotation": 270
				}
			},
			"rotation": {
				"origin": [7, 2.835786437626905, 4.792893218813453],
				"axis": "x",
				"angle": 0
			}
		}
	]
}