{
	"credit": "Made with Blockbench, a free, modern block model editor by JannisX11",
	"textures": {
		"0": "blocks/planks_spruce",
		"1": "blocks/door_iron_lower",
		"particle": "blocks/planks_spruce"
	},
	"elements": [
		{
			"name": "cube",
			"from": [6.75, 0, 4],
			"to": [7.75, 12, 5],
			"faces": {
				"north": {"uv": [0, 0, 1, 12], "texture": "#1"},
				"east": {"uv": [0, 0, 1, 12], "texture": "#1"},
				"south": {"uv": [0, 0, 1, 12], "texture": "#1"},
				"west": {"uv": [0, 0, 1, 12], "texture": "#1"}
			}
		},
		{
			"name": "cube",
			"from": [0.25, 6, 3.5],
			"to": [7.25, 7, 4.5],
			"faces": {
				"north": {"uv": [1, 3, 2, 4], "texture": "#0"},
				"east": {"uv": [0, 3, 7, 4], "texture": "#0"},
				"south": {"uv": [0, 3, 1, 4], "texture": "#0"},
				"west": {"uv": [0, 3, 7, 4], "texture": "#0"},
				"up": {
					"uv": [0, 3, 7, 4],
					"texture": "#0",
					"rotation": 270
				},
				"down": {
					"uv": [9, 3, 16, 4],
					"texture": "#0",
					"rotation": 270
				}
			}
		},
		{
			"name": "cube",
			"from": [7.25, 6, 4.5],
			"to": [8.25, 7, 11.5],
			"faces": {
				"north": {"uv": [1, 3, 2, 4], "texture": "#0"},
				"east": {"uv": [0, 3, 7, 4], "texture": "#0"},
				"south": {"uv": [0, 3, 1, 4], "texture": "#0"},
				"west": {"uv": [0, 3, 7, 4], "texture": "#0"},
				"up": {
					"uv": [0, 3, 7, 4],
					"texture": "#0",
					"rotation": 270
				},
				"down": {
					"uv": [9, 3, 16, 4],
					"texture": "#0",
					"rotation": 180
				}
			}
		},
		{
			"name": "cube",
			"from": [0.25, 6, 11.5],
			"to": [7.25, 7, 12.5],
			"faces": {
				"north": {"uv": [1, 3, 2, 4], "texture": "#0"},
				"east": {"uv": [0, 3, 7, 4], "texture": "#0"},
				"south": {"uv": [0, 3, 1, 4], "texture": "#0"},
				"west": {"uv": [0, 3, 7, 4], "texture": "#0"},
				"up": {
					"uv": [0, 3, 7, 4],
					"texture": "#0",
					"rotation": 270
				},
				"down": {
					"uv": [9, 3, 16, 4],
					"texture": "#0",
					"rotation": 90
				}
			}
		},
		{
			"name": "cube",
			"from": [-0.75, 6, 4.5],
			"to": [0.25, 7, 11.5],
			"faces": {
				"north": {"uv": [1, 3, 2, 4], "texture": "#0"},
				"east": {"uv": [0, 3, 7, 4], "texture": "#0"},
				"south": {"uv": [0, 3, 1, 4], "texture": "#0"},
				"west": {"uv": [0, 3, 7, 4], "texture": "#0"},
				"up": {
					"uv": [0, 3, 7, 4],
					"texture": "#0",
					"rotation": 270
				},
				"down": {
					"uv": [9, 3, 16, 4],
					"texture": "#0",
					"rotation": 270
				}
			}
		},
		{
			"name": "cube",
			"from": [-1.25, 12, 3],
			"to": [8.75, 13, 13],
			"faces": {
				"north": {
					"uv": [0, 3, 10, 4],
					"texture": "#0",
					"rotation": 180
				},
				"east": {
					"uv": [0, 3, 10, 4],
					"texture": "#0",
					"rotation": 180
				},
				"south": {
					"uv": [0, 3, 10, 4],
					"texture": "#0",
					"rotation": 180
				},
				"west": {
					"uv": [0, 3, 10, 4],
					"texture": "#0",
					"rotation": 180
				},
				"up": {"uv": [0, 0, 10, 10], "texture": "#0"},
				"down": {"uv": [0, 0, 10, 10], "texture": "#0"}
			}
		},
		{
			"name": "cube",
			"from": [-0.25, 0, 4],
			"to": [0.75, 12, 5],
			"faces": {
				"north": {"uv": [0, 0, 1, 12], "texture": "#1"},
				"east": {"uv": [0, 0, 1, 12], "texture": "#1"},
				"south": {"uv": [0, 0, 1, 12], "texture": "#1"},
				"west": {"uv": [0, 0, 1, 12], "texture": "#1"}
			}
		},
		{
			"name": "cube",
			"from": [-0.25, 0, 11],
			"to": [0.75, 12, 12],
			"faces": {
				"north": {"uv": [0, 0, 1, 12], "texture": "#1"},
				"east": {"uv": [0, 0, 1, 12], "texture": "#1"},
				"south": {"uv": [0, 0, 1, 12], "texture": "#1"},
				"west": {"uv": [0, 0, 1, 12], "texture": "#1"}
			}
		},
		{
			"name": "cube",
			"from": [6.75, 0, 11],
			"to": [7.75, 12, 12],
			"faces": {
				"north": {"uv": [0, 0, 1, 12], "texture": "#1"},
				"east": {"uv": [0, 0, 1, 12], "texture": "#1"},
				"south": {"uv": [0, 0, 1, 12], "texture": "#1"},
				"west": {"uv": [0, 0, 1, 12], "texture": "#1"}
			}
		},
		{
			"name": "cube",
			"from": [
				13.875,
				18.53249859279643,
				0.4441871750431847
			],
			"to": [
				15.125,
				21.53249859279643,
				1.9441871750431847
			],
			"faces": {
				"north": {
					"uv": [0, 3, 1, 4],
					"texture": "#0",
					"rotation": 270
				},
				"east": {
					"uv": [3, 0, 5, 3],
					"texture": "#0",
					"rotation": 180
				},
				"south": {
					"uv": [0, 3, 1, 4],
					"texture": "#0",
					"rotation": 270
				},
				"west": {"uv": [3, 0, 5, 3], "texture": "#0"}
			}
		},
		{
			"name": "cube",
			"from": [
				13.875,
				22.519983575228174,
				-6.520235075017144
			],
			"to": [
				15.125,
				25.519983575228174,
				-5.020235075017144
			],
			"faces": {
				"north": {
					"uv": [0, 3, 1, 4],
					"texture": "#0",
					"rotation": 270
				},
				"east": {
					"uv": [3, 0, 5, 3],
					"texture": "#0",
					"rotation": 180
				},
				"south": {
					"uv": [0, 3, 1, 4],
					"texture": "#0",
					"rotation": 270
				},
				"west": {"uv": [3, 0, 5, 3], "texture": "#0"}
			},
			"rotation": {
				"origin": [
					7.125,
					4.519983575228174,
					-5.520235075017144
				],
				"axis": "x",
				"angle": 22.5
			}
		},
		{
			"name": "cube",
			"from": [
				13.875,
				28.869108347785886,
				-11.428577808032857
			],
			"to": [
				15.125,
				31.86910834778589,
				-9.928577808032857
			],
			"faces": {
				"north": {
					"uv": [0, 3, 1, 4],
					"texture": "#0",
					"rotation": 270
				},
				"east": {
					"uv": [3, 0, 5, 3],
					"texture": "#0",
					"rotation": 180
				},
				"south": {
					"uv": [0, 3, 1, 4],
					"texture": "#0",
					"rotation": 270
				},
				"west": {"uv": [3, 0, 5, 3], "texture": "#0"}
			},
			"rotation": {
				"origin": [
					7.125,
					10.869108347785886,
					-10.428577808032857
				],
				"axis": "x",
				"angle": 45
			}
		},
		{
			"name": "cube",
			"from": [
				13.875,
				18.11327621880703,
				5.466409662860025
			],
			"to": [15.125, 19.61327621880703, 8.466409662860025],
			"faces": {
				"east": {
					"uv": [3, 0, 5, 3],
					"texture": "#0",
					"rotation": 90
				},
				"west": {
					"uv": [3, 0, 5, 3],
					"texture": "#0",
					"rotation": 90
				},
				"up": {
					"uv": [0, 3, 1, 4],
					"texture": "#0",
					"rotation": 270
				},
				"down": {
					"uv": [0, 3, 1, 4],
					"texture": "#0",
					"rotation": 270
				}
			},
			"rotation": {
				"origin": [
					7.125,
					18.61327621880703,
					-12.533590337139975
				],
				"axis": "x",
				"angle": -22.5
			}
		},
		{
			"name": "cube",
			"from": [
				13.875,
				26.0735078309852,
				6.4851964132319555
			],
			"to": [15.125, 27.5735078309852, 9.485196413231956],
			"faces": {
				"east": {
					"uv": [3, 0, 5, 3],
					"texture": "#0",
					"rotation": 90
				},
				"west": {
					"uv": [3, 0, 5, 3],
					"texture": "#0",
					"rotation": 90
				},
				"up": {
					"uv": [0, 3, 1, 4],
					"texture": "#0",
					"rotation": 270
				},
				"down": {
					"uv": [0, 3, 1, 4],
					"texture": "#0",
					"rotation": 270
				}
			},
			"rotation": {
				"origin": [
					7.125,
					26.5735078309852,
					-11.514803586768044
				],
				"axis": "x",
				"angle": 0
			}
		},
		{
			"name": "cube",
			"from": [
				13.875,
				25.5565730330541,
				9.084003137725068
			],
			"to": [15.125, 27.0565730330541, 12.084003137725068],
			"faces": {
				"east": {
					"uv": [3, 0, 5, 3],
					"texture": "#0",
					"rotation": 90
				},
				"west": {
					"uv": [3, 0, 5, 3],
					"texture": "#0",
					"rotation": 90
				},
				"up": {
					"uv": [0, 3, 1, 4],
					"texture": "#0",
					"rotation": 270
				},
				"down": {
					"uv": [0, 3, 1, 4],
					"texture": "#0",
					"rotation": 270
				}
			},
			"rotation": {
				"origin": [
					14.5,
					26.3065730330541,
					10.584003137725068
				],
				"axis": "x",
				"angle": 22.5
			}
		},
		{
			"name": "cube",
			"from": [
				13.875,
				24.084467276220195,
				11.287165096655727
			],
			"to": [
				15.125,
				25.584467276220195,
				14.287165096655727
			],
			"faces": {
				"east": {
					"uv": [3, 0, 5, 3],
					"texture": "#0",
					"rotation": 90
				},
				"west": {
					"uv": [3, 0, 5, 3],
					"texture": "#0",
					"rotation": 90
				},
				"up": {
					"uv": [0, 3, 1, 4],
					"texture": "#0",
					"rotation": 270
				},
				"down": {
					"uv": [0, 3, 1, 4],
					"texture": "#0",
					"rotation": 270
				}
			},
			"rotation": {
				"origin": [
					14.5,
					24.834467276220195,
					12.787165096655727
				],
				"axis": "x",
				"angle": 45
			}
		},
		{
			"name": "cube",
			"from": [
				13.875,
				21.131305317289538,
				13.509270853489628
			],
			"to": [
				15.125,
				24.131305317289538,
				15.009270853489628
			],
			"faces": {
				"north": {
					"uv": [0, 3, 1, 4],
					"texture": "#0",
					"rotation": 270
				},
				"east": {"uv": [3, 0, 5, 3], "texture": "#0"},
				"south": {
					"uv": [0, 3, 1, 4],
					"texture": "#0",
					"rotation": 270
				},
				"west": {
					"uv": [3, 0, 5, 3],
					"texture": "#0",
					"rotation": 180
				}
			},
			"rotation": {
				"origin": [
					14.5,
					22.631305317289538,
					14.259270853489628
				],
				"axis": "x",
				"angle": -22.5
			}
		},
		{
			"name": "cube",
			"from": [
				13.875,
				18.53249859279643,
				14.026205651420728
			],
			"to": [
				15.125,
				21.53249859279643,
				15.526205651420728
			],
			"faces": {
				"north": {
					"uv": [0, 3, 1, 4],
					"texture": "#0",
					"rotation": 270
				},
				"east": {"uv": [3, 0, 5, 3], "texture": "#0"},
				"south": {
					"uv": [0, 3, 1, 4],
					"texture": "#0",
					"rotation": 270
				},
				"west": {
					"uv": [3, 0, 5, 3],
					"texture": "#0",
					"rotation": 180
				}
			},
			"rotation": {
				"origin": [
					14.5,
					20.03249859279643,
					14.776205651420728
				],
				"axis": "x",
				"angle": 0
			}
		},
		{
			"name": "cube",
			"from": [
				13.875,
				15.933691868303313,
				13.509270853489628
			],
			"to": [
				15.125,
				18.933691868303313,
				15.009270853489628
			],
			"faces": {
				"north": {
					"uv": [0, 3, 1, 4],
					"texture": "#0",
					"rotation": 270
				},
				"east": {"uv": [3, 0, 5, 3], "texture": "#0"},
				"south": {
					"uv": [0, 3, 1, 4],
					"texture": "#0",
					"rotation": 270
				},
				"west": {
					"uv": [3, 0, 5, 3],
					"texture": "#0",
					"rotation": 180
				}
			},
			"rotation": {
				"origin": [
					14.5,
					17.433691868303313,
					14.259270853489628
				],
				"axis": "x",
				"angle": 22.5
			}
		},
		{
			"name": "cube",
			"from": [
				13.875,
				13.730529909372656,
				12.037165096655729
			],
			"to": [
				15.125,
				16.730529909372656,
				13.537165096655729
			],
			"faces": {
				"north": {
					"uv": [0, 3, 1, 4],
					"texture": "#0",
					"rotation": 270
				},
				"east": {"uv": [3, 0, 5, 3], "texture": "#0"},
				"south": {
					"uv": [0, 3, 1, 4],
					"texture": "#0",
					"rotation": 270
				},
				"west": {
					"uv": [3, 0, 5, 3],
					"texture": "#0",
					"rotation": 180
				}
			},
			"rotation": {
				"origin": [
					14.5,
					15.230529909372656,
					12.787165096655729
				],
				"axis": "x",
				"angle": 45
			}
		},
		{
			"name": "cube",
			"from": [
				13.875,
				13.008424152538755,
				9.08400313772507
			],
			"to": [
				15.125,
				14.508424152538755,
				12.08400313772507
			],
			"faces": {
				"east": {
					"uv": [3, 0, 5, 3],
					"texture": "#0",
					"rotation": 270
				},
				"west": {
					"uv": [3, 0, 5, 3],
					"texture": "#0",
					"rotation": 270
				},
				"up": {
					"uv": [0, 3, 1, 4],
					"texture": "#0",
					"rotation": 270
				},
				"down": {
					"uv": [0, 3, 1, 4],
					"texture": "#0",
					"rotation": 270
				}
			},
			"rotation": {
				"origin": [
					14.5,
					13.758424152538755,
					10.58400313772507
				],
				"axis": "x",
				"angle": -22.5
			}
		},
		{
			"name": "cube",
			"from": [
				13.875,
				12.491489354607655,
				6.485196413231957
			],
			"to": [
				15.125,
				13.991489354607655,
				9.485196413231957
			],
			"faces": {
				"east": {
					"uv": [3, 0, 5, 3],
					"texture": "#0",
					"rotation": 270
				},
				"west": {
					"uv": [3, 0, 5, 3],
					"texture": "#0",
					"rotation": 270
				},
				"up": {
					"uv": [0, 3, 1, 4],
					"texture": "#0",
					"rotation": 270
				},
				"down": {
					"uv": [0, 3, 1, 4],
					"texture": "#0",
					"rotation": 270
				}
			},
			"rotation": {
				"origin": [
					14.5,
					13.241489354607655,
					7.985196413231957
				],
				"axis": "x",
				"angle": 0
			}
		},
		{
			"name": "cube",
			"from": [
				13.875,
				13.008424152538755,
				3.886389688738845
			],
			"to": [
				15.125,
				14.508424152538755,
				6.886389688738845
			],
			"faces": {
				"east": {
					"uv": [3, 0, 5, 3],
					"texture": "#0",
					"rotation": 270
				},
				"west": {
					"uv": [3, 0, 5, 3],
					"texture": "#0",
					"rotation": 270
				},
				"up": {
					"uv": [0, 3, 1, 4],
					"texture": "#0",
					"rotation": 270
				},
				"down": {
					"uv": [0, 3, 1, 4],
					"texture": "#0",
					"rotation": 270
				}
			},
			"rotation": {
				"origin": [
					14.5,
					13.758424152538755,
					5.386389688738845
				],
				"axis": "x",
				"angle": 22.5
			}
		},
		{
			"name": "cube",
			"from": [
				13.875,
				14.480529909372656,
				1.683227729808186
			],
			"to": [
				15.125,
				15.980529909372656,
				4.683227729808186
			],
			"faces": {
				"east": {
					"uv": [3, 0, 5, 3],
					"texture": "#0",
					"rotation": 270
				},
				"west": {
					"uv": [3, 0, 5, 3],
					"texture": "#0",
					"rotation": 270
				},
				"up": {
					"uv": [0, 3, 1, 4],
					"texture": "#0",
					"rotation": 270
				},
				"down": {
					"uv": [0, 3, 1, 4],
					"texture": "#0",
					"rotation": 270
				}
			},
			"rotation": {
				"origin": [
					14.5,
					15.230529909372656,
					3.183227729808186
				],
				"axis": "x",
				"angle": 45
			}
		},
		{
			"name": "cube",
			"from": [
				13.875,
				15.933691868303317,
				0.9611219729742846
			],
			"to": [
				15.125,
				18.933691868303317,
				2.4611219729742846
			],
			"faces": {
				"north": {
					"uv": [0, 3, 1, 4],
					"texture": "#0",
					"rotation": 270
				},
				"east": {
					"uv": [3, 0, 5, 3],
					"texture": "#0",
					"rotation": 180
				},
				"south": {
					"uv": [0, 3, 1, 4],
					"texture": "#0",
					"rotation": 270
				},
				"west": {"uv": [3, 0, 5, 3], "texture": "#0"}
			},
			"rotation": {
				"origin": [
					14.5,
					17.433691868303317,
					1.7111219729742846
				],
				"axis": "x",
				"angle": -22.5
			}
		},
		{
			"name": "cube",
			"from": [14.5, 11, 7.5],
			"to": [15.5, 29, 8.5],
			"faces": {
				"north": {
					"uv": [0, 3, 16, 4],
					"texture": "#0",
					"rotation": 90
				},
				"east": {
					"uv": [0, 3, 16, 4],
					"texture": "#0",
					"rotation": 90
				},
				"south": {
					"uv": [0, 3, 16, 4],
					"texture": "#0",
					"rotation": 90
				},
				"west": {
					"uv": [0, 3, 16, 4],
					"texture": "#0",
					"rotation": 90
				},
				"up": {
					"uv": [0, 3, 1, 4],
					"texture": "#0",
					"rotation": 90
				},
				"down": {
					"uv": [0, 3, 1, 4],
					"texture": "#0",
					"rotation": 90
				}
			},
			"rotation": {
				"origin": [15, 20, 8],
				"axis": "y",
				"angle": 0
			}
		},
		{
			"name": "cube",
			"from": [14.5, 11, 7.5],
			"to": [15.5, 29, 8.5],
			"faces": {
				"north": {
					"uv": [0, 3, 16, 4],
					"texture": "#0",
					"rotation": 90
				},
				"east": {
					"uv": [0, 3, 16, 4],
					"texture": "#0",
					"rotation": 90
				},
				"south": {
					"uv": [0, 3, 16, 4],
					"texture": "#0",
					"rotation": 90
				},
				"west": {
					"uv": [0, 3, 16, 4],
					"texture": "#0",
					"rotation": 90
				},
				"up": {
					"uv": [0, 3, 1, 4],
					"texture": "#0",
					"rotation": 90
				},
				"down": {
					"uv": [0, 3, 1, 4],
					"texture": "#0",
					"rotation": 90
				}
			},
			"rotation": {
				"origin": [15, 20, 8],
				"axis": "x",
				"angle": 45
			}
		},
		{
			"name": "cube",
			"from": [14.5, 19.5, -1],
			"to": [15.5, 20.5, 17],
			"faces": {
				"north": {
					"uv": [0, 3, 1, 4],
					"texture": "#0",
					"rotation": 90
				},
				"east": {
					"uv": [0, 3, 16, 4],
					"texture": "#0",
					"rotation": 180
				},
				"south": {
					"uv": [0, 3, 1, 4],
					"texture": "#0",
					"rotation": 90
				},
				"west": {
					"uv": [0, 3, 16, 4],
					"texture": "#0",
					"rotation": 180
				},
				"up": {
					"uv": [0, 3, 16, 4],
					"texture": "#0",
					"rotation": 90
				},
				"down": {
					"uv": [0, 3, 16, 4],
					"texture": "#0",
					"rotation": 90
				}
			},
			"rotation": {
				"origin": [15, 20, 8],
				"axis": "x",
				"angle": 0
			}
		},
		{
			"name": "cube",
			"from": [14.5, 19.5, -1],
			"to": [15.5, 20.5, 17],
			"faces": {
				"north": {
					"uv": [0, 3, 1, 4],
					"texture": "#0",
					"rotation": 90
				},
				"east": {
					"uv": [0, 3, 16, 4],
					"texture": "#0",
					"rotation": 180
				},
				"south": {
					"uv": [0, 3, 1, 4],
					"texture": "#0",
					"rotation": 90
				},
				"west": {
					"uv": [0, 3, 16, 4],
					"texture": "#0",
					"rotation": 180
				},
				"up": {
					"uv": [0, 3, 16, 4],
					"texture": "#0",
					"rotation": 90
				},
				"down": {
					"uv": [0, 3, 16, 4],
					"texture": "#0",
					"rotation": 90
				}
			},
			"rotation": {
				"origin": [15, 20, 8],
				"axis": "x",
				"angle": 45
			}
		},
		{
			"name": "cube",
			"from": [13.75, 18.5, 6.5],
			"to": [15.75, 21.5, 9.5],
			"faces": {
				"north": {
					"uv": [11, 5, 13, 9],
					"texture": "#1",
					"rotation": 180
				},
				"east": {
					"uv": [3, 4, 4, 5],
					"texture": "#1",
					"rotation": 90
				},
				"south": {"uv": [11, 5, 13, 9], "texture": "#1"},
				"west": {
					"uv": [10, 0, 14, 4],
					"texture": "#1",
					"rotation": 90
				},
				"up": {"uv": [11, 5, 13, 9], "texture": "#1"},
				"down": {"uv": [11, 5, 13, 9], "texture": "#1"}
			}
		},
		{
			"name": "cube",
			"from": [15.75, -0.5, 3.5],
			"to": [17.75, 21.5, 5.5],
			"faces": {
				"north": {"uv": [7, 0, 9, 15], "texture": "#1"},
				"east": {"uv": [7, 0, 9, 15], "texture": "#1"},
				"south": {"uv": [7, 0, 9, 15], "texture": "#1"},
				"west": {"uv": [7, 0, 9, 15], "texture": "#1"},
				"up": {"uv": [11, 1, 13, 3], "texture": "#1"},
				"down": {"uv": [11, 1, 13, 3], "texture": "#1"}
			},
			"rotation": {
				"origin": [7.5, 9, 5],
				"axis": "x",
				"angle": 22.5
			}
		},
		{
			"name": "cube",
			"from": [15.5, -0.5, 10.5],
			"to": [17.5, 21.5, 12.5],
			"faces": {
				"north": {"uv": [9, 0, 7, 15], "texture": "#1"},
				"east": {"uv": [9, 0, 7, 15], "texture": "#1"},
				"south": {"uv": [9, 0, 7, 15], "texture": "#1"},
				"west": {"uv": [9, 0, 7, 15], "texture": "#1"},
				"up": {"uv": [11, 3, 13, 1], "texture": "#1"},
				"down": {"uv": [11, 3, 13, 1], "texture": "#1"}
			},
			"rotation": {
				"origin": [7.25, 9, 11],
				"axis": "x",
				"angle": -22.5
			}
		},
		{
			"name": "cube",
			"from": [16.25, 7, 4.5],
			"to": [17.25, 8, 11.5],
			"faces": {
				"north": {"uv": [1, 3, 2, 4], "texture": "#0"},
				"east": {"uv": [0, 3, 7, 4], "texture": "#0"},
				"south": {"uv": [0, 3, 1, 4], "texture": "#0"},
				"west": {"uv": [0, 4, 7, 5], "texture": "#0"},
				"up": {
					"uv": [0, 4, 7, 5],
					"texture": "#0",
					"rotation": 90
				},
				"down": {
					"uv": [9, 3, 16, 4],
					"texture": "#0",
					"rotation": 270
				}
			}
		}
	],
	"display": {
		"thirdperson_righthand": {"scale": [1, 1, 1]},
		"fixed": {"scale": [1, 1, 1]},
		"gui": {
			"scale": [0.49, 0.49, 0.49],
			"rotation": [32, 40, 0],
			"translation": [-1, -2.2, 0]
		},
		"thirdperson_lefthand": {"scale": [1, 1, 1]},
		"firstperson_righthand": {
			"scale": [0.5, 0.5, 0.5],
			"rotation": [0, 38, 0]
		},
		"firstperson_lefthand": {
			"scale": [0.5, 0.5, 0.5],
			"rotation": [0, -142, 0],
			"translation": [0, 0, 0]
		},
		"head": {
			"scale": [1.6, 1.6, 1.6],
			"translation": [0, -30.5, 0]
		}
	}
}