{
	"credit": "Made with Blockbench, a free, modern block model editor by JannisX11",
	"textures": {
		"1": "blocks/planks_spruce",
		"2": "blocks/anvil_base",
		"3": "blocks/treasure",
		"4": "blocks/ruby",
		"particle": "blocks/planks_spruce"
	},
	"elements": [
		{
			"name": "cube",
			"from": [6.5, 0.25, 0.5],
			"to": [15.5, 8, 15.5],
			"faces": {
				"north": {"uv": [0, 0, 9, 8], "texture": "#1"},
				"east": {"uv": [0, 0, 15, 8], "texture": "#1"},
				"south": {"uv": [0, 0, 9, 8], "texture": "#1"},
				"west": {"uv": [0, 0, 15, 8], "texture": "#1"},
				"up": {"uv": [0, 0, 9, 15], "texture": "#3"},
				"down": {"uv": [0, 0, 9, 15], "texture": "#1"}
			}
		},
		{
			"name": "cube",
			"from": [6, 0, 0],
			"to": [7, 9, 1],
			"faces": {
				"north": {"uv": [0, 0, 1, 9], "texture": "#2"},
				"east": {"uv": [0, 0, 1, 9], "texture": "#2"},
				"south": {"uv": [0, 0, 1, 9], "texture": "#2"},
				"west": {"uv": [0, 0, 1, 9], "texture": "#2"},
				"up": {"uv": [0, 0, 1, 1], "texture": "#2"},
				"down": {"uv": [0, 0, 1, 1], "texture": "#2"}
			}
		},
		{
			"name": "cube",
			"from": [6, 0, 15],
			"to": [7, 9, 16],
			"faces": {
				"north": {"uv": [0, 0, 1, 9], "texture": "#2"},
				"east": {"uv": [0, 0, 1, 9], "texture": "#2"},
				"south": {"uv": [0, 0, 1, 9], "texture": "#2"},
				"west": {"uv": [0, 0, 1, 9], "texture": "#2"},
				"up": {"uv": [0, 0, 1, 1], "texture": "#2"},
				"down": {"uv": [0, 0, 1, 1], "texture": "#2"}
			}
		},
		{
			"name": "cube",
			"from": [6, 0, 1],
			"to": [7, 1, 15],
			"faces": {
				"east": {"uv": [0, 0, 14, 1], "texture": "#2"},
				"west": {"uv": [0, 0, 14, 1], "texture": "#2"},
				"up": {"uv": [0, 0, 1, 14], "texture": "#2"},
				"down": {"uv": [0, 0, 1, 14], "texture": "#2"}
			}
		},
		{
			"name": "cube",
			"from": [6, 8, 1],
			"to": [7, 9, 15],
			"faces": {
				"east": {"uv": [0, 0, 14, 1], "texture": "#2"},
				"west": {"uv": [0, 0, 14, 1], "texture": "#2"},
				"up": {"uv": [0, 0, 1, 14], "texture": "#2"},
				"down": {"uv": [0, 0, 1, 14], "texture": "#2"}
			}
		},
		{
			"name": "cube",
			"from": [7, 0, 15],
			"to": [15, 1, 16],
			"faces": {
				"north": {"uv": [0, 0, 8, 1], "texture": "#2"},
				"south": {"uv": [0, 0, 8, 1], "texture": "#2"},
				"up": {"uv": [0, 0, 8, 1], "texture": "#2"},
				"down": {"uv": [0, 0, 8, 1], "texture": "#2"}
			}
		},
		{
			"name": "cube",
			"from": [7, 8, 15],
			"to": [15, 9, 16],
			"faces": {
				"north": {"uv": [0, 0, 8, 1], "texture": "#2"},
				"south": {"uv": [0, 0, 8, 1], "texture": "#2"},
				"up": {"uv": [0, 0, 8, 1], "texture": "#2"},
				"down": {"uv": [0, 0, 8, 1], "texture": "#2"}
			}
		},
		{
			"name": "cube",
			"from": [7, 8, 0],
			"to": [15, 9, 1],
			"faces": {
				"north": {"uv": [0, 0, 8, 1], "texture": "#2"},
				"south": {"uv": [0, 0, 8, 1], "texture": "#2"},
				"up": {"uv": [0, 0, 8, 1], "texture": "#2"},
				"down": {"uv": [0, 0, 8, 1], "texture": "#2"}
			}
		},
		{
			"name": "cube",
			"from": [7, 0, 0],
			"to": [15, 1, 1],
			"faces": {
				"north": {"uv": [0, 0, 8, 1], "texture": "#2"},
				"south": {"uv": [0, 0, 8, 1], "texture": "#2"},
				"up": {"uv": [0, 0, 8, 1], "texture": "#2"},
				"down": {"uv": [0, 0, 8, 1], "texture": "#2"}
			}
		},
		{
			"name": "cube",
			"from": [15, 0, 0],
			"to": [16, 9, 1],
			"faces": {
				"north": {"uv": [0, 0, 1, 9], "texture": "#2"},
				"east": {"uv": [0, 0, 1, 9], "texture": "#2"},
				"south": {"uv": [0, 0, 1, 9], "texture": "#2"},
				"west": {"uv": [0, 0, 1, 9], "texture": "#2"},
				"up": {"uv": [0, 0, 1, 1], "texture": "#2"},
				"down": {"uv": [0, 0, 1, 1], "texture": "#2"}
			}
		},
		{
			"name": "cube",
			"from": [15, 0, 15],
			"to": [16, 9, 16],
			"faces": {
				"north": {"uv": [0, 0, 1, 9], "texture": "#2"},
				"east": {"uv": [0, 0, 1, 9], "texture": "#2"},
				"south": {"uv": [0, 0, 1, 9], "texture": "#2"},
				"west": {"uv": [0, 0, 1, 9], "texture": "#2"},
				"up": {"uv": [0, 0, 1, 1], "texture": "#2"},
				"down": {"uv": [0, 0, 1, 1], "texture": "#2"}
			}
		},
		{
			"name": "cube",
			"from": [15, 8, 1],
			"to": [16, 9, 15],
			"faces": {
				"east": {"uv": [0, 0, 14, 1], "texture": "#2"},
				"west": {"uv": [0, 0, 14, 1], "texture": "#2"},
				"up": {"uv": [0, 0, 1, 14], "texture": "#2"},
				"down": {"uv": [0, 0, 1, 14], "texture": "#2"}
			}
		},
		{
			"name": "cube",
			"from": [15, 0, 1],
			"to": [16, 1, 15],
			"faces": {
				"east": {"uv": [0, 0, 14, 1], "texture": "#2"},
				"west": {"uv": [0, 0, 14, 1], "texture": "#2"},
				"up": {"uv": [0, 0, 1, 14], "texture": "#2"},
				"down": {"uv": [0, 0, 1, 14], "texture": "#2"}
			}
		},
		{
			"name": "cube",
			"from": [6, 9.7, 0.5],
			"to": [15, 12.7, 15.5],
			"faces": {
				"north": {"uv": [0, 1, 9, 4], "texture": "#1"},
				"east": {"uv": [0, 1, 15, 4], "texture": "#1"},
				"south": {"uv": [0, 1, 9, 4], "texture": "#1"},
				"west": {"uv": [0, 1, 15, 4], "texture": "#1"},
				"down": {
					"uv": [0, 3, 15, 12],
					"texture": "#1",
					"rotation": 90
				}
			},
			"rotation": {
				"origin": [13.5, 7.699999999999999, 8],
				"axis": "z",
				"angle": -22.5
			}
		},
		{
			"name": "cube",
			"from": [
				5.166301183330263,
				11.179115765208952,
				0.5099999999999998
			],
			"to": [7.166301183330263, 13.179115765208952, 15.49],
			"faces": {
				"north": {"uv": [1, 0, 3, 2], "texture": "#1"},
				"south": {"uv": [1, 0, 3, 2], "texture": "#1"},
				"west": {"uv": [0, 8, 15, 10], "texture": "#1"}
			},
			"rotation": {
				"origin": [
					11.666301183330262,
					9.179115765208952,
					8.01
				],
				"axis": "z",
				"angle": -45
			}
		},
		{
			"name": "cube",
			"from": [
				14.799236460592379,
				11.7453725140088,
				0.5099999999999998
			],
			"to": [16.79923646059238, 13.7453725140088, 15.49],
			"faces": {
				"north": {"uv": [1, 0, 3, 2], "texture": "#1"},
				"east": {"uv": [0, 5, 15, 7], "texture": "#1"},
				"south": {"uv": [1, 0, 3, 2], "texture": "#1"}
			},
			"rotation": {
				"origin": [
					21.29923646059238,
					9.7453725140088,
					8.01
				],
				"axis": "z",
				"angle": 0
			}
		},
		{
			"name": "cube",
			"from": [
				15.222061221623349,
				15.61968889462913,
				0.4800000000000004
			],
			"to": [
				17.22206122162335,
				17.619688894629128,
				15.440000000000001
			],
			"faces": {
				"north": {"uv": [1, 0, 3, 2], "texture": "#1"},
				"east": {"uv": [0, 0, 15, 2], "texture": "#1"},
				"south": {"uv": [1, 0, 3, 2], "texture": "#1"}
			},
			"rotation": {
				"origin": [
					21.72206122162335,
					13.61968889462913,
					7.98
				],
				"axis": "z",
				"angle": 22.5
			}
		},
		{
			"name": "cube",
			"from": [
				10.934484921147616,
				17.395661147995636,
				0.4800000000000004
			],
			"to": [
				12.934484921147616,
				19.395661147995636,
				15.440000000000001
			],
			"faces": {
				"north": {"uv": [1, 0, 3, 2], "texture": "#1"},
				"south": {"uv": [1, 0, 3, 2], "texture": "#1"},
				"up": {
					"uv": [0, 0, 15, 2],
					"texture": "#1",
					"rotation": 90
				}
			},
			"rotation": {
				"origin": [
					17.434484921147615,
					15.395661147995636,
					7.98
				],
				"axis": "z",
				"angle": 22.5
			}
		},
		{
			"name": "cube",
			"from": [
				11.287489395532663,
				13.762540867521501,
				0.5
			],
			"to": [15.927489395532664, 17.062540867521502, 15.5],
			"faces": {
				"north": {"uv": [0, 4, 5, 7], "texture": "#1"},
				"east": {"uv": [0, 1, 15, 4], "texture": "#1"},
				"south": {"uv": [0, 4, 5, 7], "texture": "#1"},
				"west": {"uv": [0, 1, 15, 4], "texture": "#1"},
				"up": {
					"uv": [0, 3, 15, 8],
					"texture": "#1",
					"rotation": 90
				}
			},
			"rotation": {
				"origin": [
					12.287489395532663,
					16.062540867521502,
					8
				],
				"axis": "z",
				"angle": -22.5
			}
		},
		{
			"name": "cube",
			"from": [6.785979138822832, 11.780879345496707, 0],
			"to": [14.385979138822831, 12.780879345496707, 1],
			"faces": {
				"north": {"uv": [0, 0, 8, 1], "texture": "#2"},
				"south": {"uv": [0, 0, 8, 1], "texture": "#2"},
				"up": {"uv": [0, 0, 8, 1], "texture": "#2"},
				"down": {"uv": [0, 0, 8, 1], "texture": "#2"}
			},
			"rotation": {
				"origin": [8.035979138822832, 8.780879345496707, 8],
				"axis": "z",
				"angle": -22.5
			}
		},
		{
			"name": "cube",
			"from": [5.479416173946456, 12.23968324535051, 0],
			"to": [6.479416173946456, 15.239683245350513, 1],
			"faces": {
				"north": {"uv": [4, 3, 5, 6], "texture": "#2"},
				"east": {"uv": [0, 0, 1, 9], "texture": "#2"},
				"south": {
					"uv": [0, 0, 1, 3.0000000000000018],
					"texture": "#2"
				},
				"west": {
					"uv": [0, 0, 1, 3.0000000000000018],
					"texture": "#2"
				},
				"down": {"uv": [0, 0, 1, 1], "texture": "#2"}
			},
			"rotation": {
				"origin": [6.729416173946456, 8.23968324535051, 8],
				"axis": "z",
				"angle": -22.5
			}
		},
		{
			"name": "cube",
			"from": [5.05880713659997, 15.472883662156507, 0],
			"to": [6.05880713659997, 17.472883662156505, 1],
			"faces": {
				"north": {"uv": [4, 3, 5, 6], "texture": "#2"},
				"east": {"uv": [0, 0, 1, 9], "texture": "#2"},
				"south": {
					"uv": [0, 0, 1, 3.0000000000000018],
					"texture": "#2"
				},
				"west": {
					"uv": [0, 0, 1, 3.0000000000000018],
					"texture": "#2"
				}
			},
			"rotation": {
				"origin": [6.30880713659997, 11.472883662156505, 8],
				"axis": "z",
				"angle": -45
			}
		},
		{
			"name": "cube",
			"from": [9.744725362185545, 16.211493208050964, 0],
			"to": [12.244725362185543, 17.211493208050964, 1],
			"faces": {
				"north": {
					"uv": [4, 3, 5, 6],
					"texture": "#2",
					"rotation": 270
				},
				"south": {
					"uv": [0, 0, 1, 3.0000000000000018],
					"texture": "#2",
					"rotation": 90
				},
				"up": {
					"uv": [0, 0, 1, 3.0000000000000018],
					"texture": "#2",
					"rotation": 90
				},
				"down": {
					"uv": [0, 0, 1, 9],
					"texture": "#2",
					"rotation": 270
				}
			},
			"rotation": {
				"origin": [
					11.244725362185543,
					16.711493208050964,
					0.5
				],
				"axis": "z",
				"angle": 22.5
			}
		},
		{
			"name": "cube",
			"from": [11.67174076109867, 16.020151491868422, 0],
			"to": [16.17174076109867, 17.020151491868422, 1],
			"faces": {
				"north": {
					"uv": [4, 3, 5, 6],
					"texture": "#2",
					"rotation": 270
				},
				"south": {
					"uv": [0, 0, 1, 3.0000000000000018],
					"texture": "#2",
					"rotation": 90
				},
				"up": {
					"uv": [0, 0, 1, 3.0000000000000018],
					"texture": "#2",
					"rotation": 90
				},
				"down": {
					"uv": [0, 0, 1, 9],
					"texture": "#2",
					"rotation": 270
				}
			},
			"rotation": {
				"origin": [
					13.171740761098668,
					16.520151491868422,
					0.5
				],
				"axis": "z",
				"angle": -22.5
			}
		},
		{
			"name": "cube",
			"from": [15.746806457107063, 13.256879946079321, 0],
			"to": [16.746806457107063, 15.756879946079321, 1],
			"faces": {
				"north": {
					"uv": [4, 3, 5, 6],
					"texture": "#2",
					"rotation": 180
				},
				"east": {
					"uv": [0, 0, 1, 3.0000000000000018],
					"texture": "#2",
					"rotation": 180
				},
				"south": {
					"uv": [0, 0, 1, 3.0000000000000018],
					"texture": "#2",
					"rotation": 180
				},
				"west": {
					"uv": [0, 0, 1, 9],
					"texture": "#2",
					"rotation": 180
				}
			},
			"rotation": {
				"origin": [
					16.246806457107063,
					14.256879946079321,
					0.5
				],
				"axis": "z",
				"angle": 22.5
			}
		},
		{
			"name": "cube",
			"from": [16.091429655727797, 11.524342129750579, 0],
			"to": [17.091429655727797, 13.524342129750579, 1],
			"faces": {
				"north": {
					"uv": [4, 3, 5, 6],
					"texture": "#2",
					"rotation": 180
				},
				"east": {
					"uv": [0, 0, 1, 3.0000000000000018],
					"texture": "#2",
					"rotation": 180
				},
				"south": {
					"uv": [0, 0, 1, 3.0000000000000018],
					"texture": "#2",
					"rotation": 180
				},
				"west": {
					"uv": [0, 0, 1, 9],
					"texture": "#2",
					"rotation": 180
				}
			},
			"rotation": {
				"origin": [
					16.591429655727797,
					12.524342129750579,
					0.5
				],
				"axis": "z",
				"angle": 0
			}
		},
		{
			"name": "cube",
			"from": [13.393615512299991, 8.961514544080298, 0],
			"to": [14.393615512299991, 11.9615145440803, 1],
			"faces": {
				"north": {"uv": [4, 3, 5, 6], "texture": "#2"},
				"east": {"uv": [0, 0, 1, 9], "texture": "#2"},
				"south": {
					"uv": [0, 0, 1, 3.0000000000000018],
					"texture": "#2"
				},
				"west": {
					"uv": [0, 0, 1, 3.0000000000000018],
					"texture": "#2"
				},
				"down": {"uv": [0, 0, 1, 1], "texture": "#2"}
			},
			"rotation": {
				"origin": [
					14.643615512299991,
					4.961514544080298,
					8
				],
				"axis": "z",
				"angle": -22.5
			}
		},
		{
			"name": "cube",
			"from": [9.5, 7.25, 3],
			"to": [11.5, 9.25, 5],
			"faces": {
				"north": {"uv": [0, 0, 2, 2], "texture": "#3"},
				"east": {"uv": [0, 0, 2, 2], "texture": "#3"},
				"south": {"uv": [0, 0, 2, 2], "texture": "#3"},
				"west": {"uv": [0, 0, 2, 2], "texture": "#3"},
				"up": {"uv": [0, 0, 2, 2], "texture": "#3"}
			}
		},
		{
			"name": "cube",
			"from": [10.5, 7.550000000000001, 7],
			"to": [13.5, 8.55, 13],
			"faces": {
				"north": {"uv": [0, 0, 3, 1], "texture": "#3"},
				"east": {"uv": [0, 0, 6, 1], "texture": "#3"},
				"south": {"uv": [0, 0, 3, 1], "texture": "#3"},
				"west": {"uv": [0, 0, 6, 1], "texture": "#3"},
				"up": {"uv": [0, 0, 3, 6], "texture": "#3"},
				"down": {"uv": [0, 0, 2, 2], "texture": "#3"}
			}
		},
		{
			"name": "cube",
			"from": [8.5, 7.25, 10],
			"to": [10.5, 9.25, 12],
			"faces": {
				"north": {"uv": [0, 0, 2, 2], "texture": "#4"},
				"east": {"uv": [0, 0, 2, 2], "texture": "#4"},
				"south": {"uv": [0, 0, 2, 2], "texture": "#4"},
				"west": {"uv": [0, 0, 2, 2], "texture": "#4"},
				"up": {"uv": [0, 0, 2, 2], "texture": "#4"},
				"down": {"uv": [0, 0, 0, 0], "texture": "#4"}
			},
			"rotation": {
				"origin": [9.5, 8.25, 11],
				"axis": "x",
				"angle": 22.5
			}
		},
		{
			"name": "cube",
			"from": [5.422325823329921, 11.952670671076692, 1],
			"to": [6.422325823329921, 12.952670671076692, 15],
			"faces": {
				"east": {"uv": [0, 0, 14, 1], "texture": "#2"},
				"west": {"uv": [0, 0, 14, 1], "texture": "#2"},
				"up": {"uv": [0, 0, 1, 14], "texture": "#2"},
				"down": {"uv": [0, 0, 1, 14], "texture": "#2"}
			},
			"rotation": {
				"origin": [7.422325823329921, 7.952670671076692, 8],
				"axis": "z",
				"angle": -22.5
			}
		},
		{
			"name": "cube",
			"from": [13.336525161683454, 8.674501969806482, 1],
			"to": [14.336525161683454, 9.674501969806482, 15],
			"faces": {
				"east": {"uv": [0, 0, 14, 1], "texture": "#2"},
				"west": {"uv": [0, 0, 14, 1], "texture": "#2"},
				"up": {"uv": [0, 0, 1, 14], "texture": "#2"},
				"down": {"uv": [0, 0, 1, 14], "texture": "#2"}
			},
			"rotation": {
				"origin": [
					15.336525161683454,
					4.674501969806482,
					8
				],
				"axis": "z",
				"angle": -22.5
			}
		},
		{
			"name": "cube",
			"from": [5.479416173946456, 12.23968324535051, 15],
			"to": [6.479416173946456, 15.239683245350513, 16],
			"faces": {
				"north": {"uv": [4, 3, 5, 6], "texture": "#2"},
				"east": {"uv": [0, 0, 1, 9], "texture": "#2"},
				"south": {
					"uv": [0, 0, 1, 3.0000000000000018],
					"texture": "#2"
				},
				"west": {
					"uv": [0, 0, 1, 3.0000000000000018],
					"texture": "#2"
				},
				"down": {"uv": [0, 0, 1, 1], "texture": "#2"}
			},
			"rotation": {
				"origin": [6.729416173946456, 8.23968324535051, 23],
				"axis": "z",
				"angle": -22.5
			}
		},
		{
			"name": "cube",
			"from": [6.785979138822832, 11.780879345496707, 15],
			"to": [14.385979138822831, 12.780879345496707, 16],
			"faces": {
				"north": {"uv": [0, 0, 8, 1], "texture": "#2"},
				"south": {"uv": [0, 0, 8, 1], "texture": "#2"},
				"up": {"uv": [0, 0, 8, 1], "texture": "#2"},
				"down": {"uv": [0, 0, 8, 1], "texture": "#2"}
			},
			"rotation": {
				"origin": [
					8.035979138822832,
					8.780879345496707,
					23
				],
				"axis": "z",
				"angle": -22.5
			}
		},
		{
			"name": "cube",
			"from": [13.393615512299991, 8.961514544080298, 15],
			"to": [14.393615512299991, 11.9615145440803, 16],
			"faces": {
				"north": {"uv": [4, 3, 5, 6], "texture": "#2"},
				"east": {"uv": [0, 0, 1, 9], "texture": "#2"},
				"south": {
					"uv": [0, 0, 1, 3.0000000000000018],
					"texture": "#2"
				},
				"west": {
					"uv": [0, 0, 1, 3.0000000000000018],
					"texture": "#2"
				},
				"down": {"uv": [0, 0, 1, 1], "texture": "#2"}
			},
			"rotation": {
				"origin": [
					14.643615512299991,
					4.961514544080298,
					23
				],
				"axis": "z",
				"angle": -22.5
			}
		},
		{
			"name": "cube",
			"from": [15.746806457107063, 13.256879946079321, 15],
			"to": [16.746806457107063, 15.756879946079321, 16],
			"faces": {
				"north": {
					"uv": [4, 3, 5, 6],
					"texture": "#2",
					"rotation": 180
				},
				"east": {
					"uv": [0, 0, 1, 3.0000000000000018],
					"texture": "#2",
					"rotation": 180
				},
				"south": {
					"uv": [0, 0, 1, 3.0000000000000018],
					"texture": "#2",
					"rotation": 180
				},
				"west": {
					"uv": [0, 0, 1, 9],
					"texture": "#2",
					"rotation": 180
				}
			},
			"rotation": {
				"origin": [
					16.246806457107063,
					14.256879946079321,
					15.5
				],
				"axis": "z",
				"angle": 22.5,
				"made_by":"sirbenet"
			}
		},
		{
			"name": "cube",
			"from": [11.67174076109867, 16.020151491868422, 15],
			"to": [16.17174076109867, 17.020151491868422, 16],
			"faces": {
				"north": {
					"uv": [4, 3, 5, 6],
					"texture": "#2",
					"rotation": 270
				},
				"south": {
					"uv": [0, 0, 1, 3.0000000000000018],
					"texture": "#2",
					"rotation": 90
				},
				"up": {
					"uv": [0, 0, 1, 3.0000000000000018],
					"texture": "#2",
					"rotation": 90
				},
				"down": {
					"uv": [0, 0, 1, 9],
					"texture": "#2",
					"rotation": 270
				}
			},
			"rotation": {
				"origin": [
					13.171740761098668,
					16.520151491868422,
					15.5
				],
				"axis": "z",
				"angle": -22.5
			}
		},
		{
			"name": "cube",
			"from": [9.744725362185545, 16.211493208050964, 15],
			"to": [12.244725362185543, 17.211493208050964, 16],
			"faces": {
				"north": {
					"uv": [4, 3, 5, 6],
					"texture": "#2",
					"rotation": 270
				},
				"south": {
					"uv": [0, 0, 1, 3.0000000000000018],
					"texture": "#2",
					"rotation": 90
				},
				"up": {
					"uv": [0, 0, 1, 3.0000000000000018],
					"texture": "#2",
					"rotation": 90
				},
				"down": {
					"uv": [0, 0, 1, 9],
					"texture": "#2",
					"rotation": 270
				}
			},
			"rotation": {
				"origin": [
					11.244725362185543,
					16.711493208050964,
					15.5
				],
				"axis": "z",
				"angle": 22.5
			}
		},
		{
			"name": "cube",
			"from": [5.05880713659997, 15.472883662156507, 15],
			"to": [6.05880713659997, 17.472883662156505, 16],
			"faces": {
				"north": {"uv": [4, 3, 5, 6], "texture": "#2"},
				"east": {"uv": [0, 0, 1, 9], "texture": "#2"},
				"south": {
					"uv": [0, 0, 1, 3.0000000000000018],
					"texture": "#2"
				},
				"west": {
					"uv": [0, 0, 1, 3.0000000000000018],
					"texture": "#2"
				}
			},
			"rotation": {
				"origin": [
					6.30880713659997,
					11.472883662156505,
					23
				],
				"axis": "z",
				"angle": -45
			}
		},
		{
			"name": "cube",
			"from": [16.091429655727797, 11.524342129750579, 15],
			"to": [17.091429655727797, 13.524342129750579, 16],
			"faces": {
				"north": {
					"uv": [4, 3, 5, 6],
					"texture": "#2",
					"rotation": 180
				},
				"east": {
					"uv": [0, 0, 1, 3.0000000000000018],
					"texture": "#2",
					"rotation": 180
				},
				"south": {
					"uv": [0, 0, 1, 3.0000000000000018],
					"texture": "#2",
					"rotation": 180
				},
				"west": {
					"uv": [0, 0, 1, 9],
					"texture": "#2",
					"rotation": 180
				}
			},
			"rotation": {
				"origin": [
					16.591429655727797,
					12.524342129750579,
					15.5
				],
				"axis": "z",
				"angle": 0
			}
		}
	],
	"display": {
		"thirdperson_righthand": {
			"scale": [0.5, 0.5, 0.5],
			"rotation": [59, -66, 0],
			"translation": [-1, 4, 0]
		},
		"thirdperson_lefthand": {
			"scale": [0.5, 0.5, 0.5],
			"rotation": [59, 116, 0],
			"translation": [-1, 4, 0]
		},
		"firstperson_righthand": {
			"scale": [0.7, 0.7, 0.7],
			"translation": [0.5, 2.5, 0]
		},
		"firstperson_lefthand": {
			"scale": [0.7, 0.7, 0.7],
			"rotation": [0, 180, 0],
			"translation": [0.5, 2.5, 0]
		},
		"head": {
			"scale": [1.6, 1.6, 1.6],
			"rotation": [0, -90, 0],
			"translation": [0, -30.5, 0]
		},
		"ground": {
			"scale": [0.5, 0.5, 0.5],
			"translation": [0, 3, 0]
		},
		"fixed": {
			"scale": [1, 1, 1],
			"rotation": [0, -90, 0],
			"translation": [0, 0, -8]
		},
		"gui": {
			"scale": [0.7, 0.7, 0.7],
			"translation": [-1.5, -0.8, 0],
			"rotation": [26, 51, 0]
		}
	}
}