{
	"credit": "Made with Blockbench, a free, modern block model editor by JannisX11",
	"textures": {
		"0": "blocks/sign",
		"2": "blocks/anvil_base",
		"particle": "blocks/sign"
	},
	"elements": [
		{
			"name": "post",
			"from": [7, 29, -8.5],
			"to": [9, 31, 31],
			"faces": {
				"north": {"uv": [0, 15.5, 1, 16], "texture": "#0"},
				"east": {"uv": [0, 15.5, 14, 16], "texture": "#0"},
				"west": {"uv": [0, 15.5, 14, 16], "texture": "#0"},
				"up": {
					"uv": [0, 15.5, 14, 16],
					"texture": "#0",
					"rotation": 90
				},
				"down": {
					"uv": [0, 15.5, 14, 16],
					"texture": "#0",
					"rotation": 90
				}
			}
		},
		{
			"name": "support",
			"from": [6, 28, 30],
			"to": [10, 32, 32],
			"faces": {
				"north": {"uv": [0, 0, 4, 4], "texture": "#2"},
				"east": {"uv": [0, 0, 2, 4], "texture": "#2"},
				"south": {"uv": [0, 0, 4, 4], "texture": "#2"},
				"west": {"uv": [0, 0, 2, 4], "texture": "#2"},
				"up": {
					"uv": [0, 0, 2, 4],
					"texture": "#2",
					"rotation": 90
				},
				"down": {
					"uv": [0, 0, 2, 4],
					"texture": "#2",
					"rotation": 90
				}
			}
		},
		{
			"name": "sign",
			"from": [7.5, 13, -6.5],
			"to": [8.25, 27, 21.5],
			"faces": {
				"north": {
					"uv": [0, 12.5, 7, 13],
					"texture": "#0",
					"rotation": 90
				},
				"east": {"uv": [0, 7, 14, 14], "texture": "#0"},
				"south": {
					"uv": [0, 12.5, 7, 13],
					"texture": "#0",
					"rotation": 90
				},
				"west": {"uv": [0, 0, 14, 7], "texture": "#0"},
				"up": {
					"uv": [0, 12.5, 14, 13],
					"texture": "#0",
					"rotation": 90
				},
				"down": {
					"uv": [0, 12.5, 14, 13],
					"texture": "#0",
					"rotation": 90
				}
			}
		},
		{
			"name": "string1",
			"from": [7.5, 27, -3.5],
			"to": [8.25, 29, -2.5],
			"faces": {
				"north": {
					"uv": [14, 0, 14.25, 0.5],
					"texture": "#0"
				},
				"east": {
					"uv": [14, 0, 14.25, 0.5],
					"texture": "#0"
				},
				"south": {
					"uv": [14, 0, 14.25, 0.5],
					"texture": "#0"
				},
				"west": {"uv": [14, 0, 14.25, 0.5], "texture": "#0"}
			}
		},
		{
			"name": "string2",
			"from": [7.5, 27, 17.5],
			"to": [8.25, 29, 18.5],
			"faces": {
				"north": {
					"uv": [14, 0, 14.25, 0.5],
					"texture": "#0"
				},
				"east": {
					"uv": [14, 0, 14.25, 0.5],
					"texture": "#0"
				},
				"south": {
					"uv": [14, 0, 14.25, 0.5],
					"texture": "#0"
				},
				"west": {"uv": [14, 0, 14.25, 0.5], "texture": "#0"}
			}
		},
		{
			"name": "string2",
			"from": [6.75, 28.75, -3.5],
			"to": [9.25, 31.25, -2.5],
			"faces": {
				"north": {
					"uv": [14, 0, 14.25, 0.5],
					"texture": "#0"
				},
				"east": {
					"uv": [14, 0, 14.25, 0.5],
					"texture": "#0"
				},
				"south": {
					"uv": [14, 0, 14.25, 0.5],
					"texture": "#0"
				},
				"west": {
					"uv": [14, 0, 14.25, 0.5],
					"texture": "#0"
				},
				"up": {
					"uv": [14, 0, 14.25, 0.5],
					"texture": "#0",
					"rotation": 90
				},
				"down": {
					"uv": [14, 0, 14.25, 0.5],
					"texture": "#0",
					"rotation": 90
				}
			}
		},
		{
			"name": "string3",
			"from": [6.75, 28.75, 17.5],
			"to": [9.25, 31.25, 18.5],
			"faces": {
				"north": {
					"uv": [14, 0, 14.25, 0.5],
					"texture": "#0"
				},
				"east": {
					"uv": [14, 0, 14.25, 0.5],
					"texture": "#0"
				},
				"south": {
					"uv": [14, 0, 14.25, 0.5],
					"texture": "#0"
				},
				"west": {
					"uv": [14, 0, 14.25, 0.5],
					"texture": "#0"
				},
				"up": {
					"uv": [14, 0, 14.25, 0.5],
					"texture": "#0",
					"rotation": 90
				},
				"down": {
					"uv": [14, 0, 14.25, 0.5],
					"texture": "#0",
					"rotation": 90
				}
			}
		}
	]
}