{
	"credit": "Made with Blockbench, a free, modern block model editor by JannisX11",
	"textures": {
		"0": "blocks/anvil_base",
		"1": "blocks/planks_spruce",
		"2": "blocks/concrete_black",
		"particle": "blocks/anvil_base"
	},
	"elements": [
		{
			"name": "cube",
			"from": [11, 8, 1.75],
			"to": [14, 11, 14],
			"faces": {
				"north": {"uv": [0, 0, 3, 3], "texture": "#0"},
				"east": {"uv": [0, 0, 16, 3], "texture": "#0"},
				"south": {"uv": [0, 0, 3, 3], "texture": "#0"},
				"west": {"uv": [0, 0, 16, 3], "texture": "#0"},
				"up": {
					"uv": [0, 0, 16, 3],
					"texture": "#0",
					"rotation": 270
				},
				"down": {
					"uv": [0, 0, 16, 3],
					"texture": "#0",
					"rotation": 90
				}
			}
		},
		{
			"name": "cube",
			"from": [0, 10, 4.5],
			"to": [20, 13, 5.5],
			"faces": {
				"north": {"uv": [0, 0, 16, 3], "texture": "#0"},
				"east": {"uv": [0, 0, 1, 3], "texture": "#0"},
				"south": {"uv": [0, 0, 16, 3], "texture": "#0"},
				"west": {"uv": [0, 0, 1, 3], "texture": "#0"},
				"up": {
					"uv": [0, 0, 16, 1],
					"texture": "#0",
					"rotation": 180
				},
				"down": {
					"uv": [0, 0, 1, 16],
					"texture": "#0",
					"rotation": 90
				}
			},
			"rotation": {
				"origin": [7.5, 10, 17],
				"axis": "z",
				"angle": 22.5
			}
		},
		{
			"name": "cube",
			"from": [0, 10, 10.5],
			"to": [20, 13, 11.5],
			"faces": {
				"north": {"uv": [0, 0, 16, 3], "texture": "#0"},
				"east": {"uv": [0, 0, 1, 3], "texture": "#0"},
				"south": {"uv": [0, 0, 16, 3], "texture": "#0"},
				"west": {"uv": [0, 0, 1, 3], "texture": "#0"},
				"up": {
					"uv": [0, 0, 16, 1],
					"texture": "#0",
					"rotation": 180
				},
				"down": {
					"uv": [0, 0, 1, 16],
					"texture": "#0",
					"rotation": 90
				}
			},
			"rotation": {
				"origin": [7.5, 10, 17],
				"axis": "z",
				"angle": 22.5
			}
		},
		{
			"name": "cube",
			"from": [0, 14, 6.5],
			"to": [20, 15, 9.5],
			"faces": {
				"north": {
					"uv": [0, 0, 16, 1],
					"texture": "#0",
					"rotation": 180
				},
				"east": {
					"uv": [0, 0, 1, 3],
					"texture": "#0",
					"rotation": 270
				},
				"south": {
					"uv": [0, 0, 16, 1],
					"texture": "#0",
					"rotation": 180
				},
				"west": {
					"uv": [0, 0, 1, 3],
					"texture": "#0",
					"rotation": 90
				},
				"up": {
					"uv": [0, 0, 3, 16],
					"texture": "#0",
					"rotation": 90
				},
				"down": {
					"uv": [0, 0, 3, 16],
					"texture": "#0",
					"rotation": 270
				}
			},
			"rotation": {
				"origin": [7.5, 10, 17],
				"axis": "z",
				"angle": 22.5
			}
		},
		{
			"name": "cube",
			"from": [0, 8, 6.5],
			"to": [20, 9, 9.5],
			"faces": {
				"north": {"uv": [0, 0, 16, 1], "texture": "#0"},
				"east": {
					"uv": [0, 0, 3, 1],
					"texture": "#0",
					"rotation": 270
				},
				"south": {
					"uv": [0, 0, 16, 1],
					"texture": "#0",
					"rotation": 180
				},
				"west": {
					"uv": [0, 0, 16, 3],
					"texture": "#0",
					"rotation": 90
				},
				"up": {
					"uv": [0, 0, 16, 3],
					"texture": "#0",
					"rotation": 180
				},
				"down": {
					"uv": [0, 0, 16, 3],
					"texture": "#0",
					"rotation": 180
				}
			},
			"rotation": {
				"origin": [7.5, 10, 17],
				"axis": "z",
				"angle": 22.5
			}
		},
		{
			"name": "cube",
			"from": [-1, 9, 5.5],
			"to": [16, 14, 10.5],
			"faces": {
				"north": {
					"uv": [0, 0, 3, 5],
					"texture": "#0",
					"rotation": 90
				},
				"east": {
					"uv": [0, 0, 0, 0],
					"texture": "#2",
					"rotation": 270
				},
				"south": {
					"uv": [0, 0, 16, 5],
					"texture": "#0",
					"rotation": 180
				},
				"west": {
					"uv": [0, 0, 5, 5],
					"texture": "#0",
					"rotation": 90
				},
				"up": {
					"uv": [0, 0, 5, 16],
					"texture": "#0",
					"rotation": 90
				},
				"down": {
					"uv": [0, 0, 3, 3],
					"texture": "#0",
					"rotation": 180
				}
			},
			"rotation": {
				"origin": [7.5, 10, 17],
				"axis": "z",
				"angle": 22.5
			}
		},
		{
			"name": "cube",
			"from": [15.51206605837438, 13.4530095742831, 9.5],
			"to": [19.51206605837438, 14.4530095742831, 10.5],
			"faces": {
				"north": {
					"uv": [0, 0, 1, 3.9999999999999982],
					"texture": "#0",
					"rotation": 270
				},
				"east": {"uv": [0, 0, 1, 3], "texture": "#0"},
				"south": {
					"uv": [0, 0, 3.9999999999999982, 1],
					"texture": "#0"
				},
				"west": {"uv": [0, 0, 1, 3], "texture": "#0"},
				"up": {
					"uv": [0, 0, 1, 3.9999999999999982],
					"texture": "#0",
					"rotation": 270
				},
				"down": {
					"uv": [0, 0, 1, 3.9999999999999982],
					"texture": "#0",
					"rotation": 270
				}
			},
			"rotation": {
				"origin": [
					8.39474949073947,
					11.4530095742831,
					16.61731656763491
				],
				"axis": "z",
				"angle": 22.5
			}
		},
		{
			"name": "cube",
			"from": [
				15.207584188419526,
				14.983743303743463,
				5.5
			],
			"to": [19.207584188419524, 15.983743303743463, 6.5],
			"faces": {
				"north": {
					"uv": [0, 0, 3.9999999999999982, 1],
					"texture": "#0"
				},
				"east": {"uv": [0, 0, 1, 3], "texture": "#0"},
				"south": {
					"uv": [0, 0, 1, 3.9999999999999982],
					"texture": "#0",
					"rotation": 270
				},
				"west": {"uv": [0, 0, 1, 3], "texture": "#0"},
				"up": {
					"uv": [0, 0, 1, 3],
					"texture": "#0",
					"rotation": 270
				},
				"down": {
					"uv": [0, 0, 1, 3.9999999999999982],
					"texture": "#0",
					"rotation": 270
				}
			},
			"rotation": {
				"origin": [
					12.090267620784616,
					12.983743303743463,
					16.61731656763491
				],
				"axis": "z",
				"angle": 22.5
			}
		},
		{
			"name": "cube",
			"from": [16.85483808496715, 10.70243873607141, 5.5],
			"to": [20.85483808496715, 11.70243873607141, 6.5],
			"faces": {
				"north": {"uv": [0, 0, 4, 1], "texture": "#0"},
				"east": {"uv": [0, 0, 1, 3], "texture": "#0"},
				"south": {
					"uv": [0, 0, 1, 3.9999999999999982],
					"texture": "#0",
					"rotation": 270
				},
				"west": {"uv": [0, 0, 1, 3], "texture": "#0"},
				"up": {
					"uv": [0, 0, 1, 3],
					"texture": "#0",
					"rotation": 270
				},
				"down": {
					"uv": [0, 0, 1, 3.9999999999999982],
					"texture": "#0",
					"rotation": 270
				}
			},
			"rotation": {
				"origin": [
					12.206787787871882,
					8.70243873607141,
					18.148050297095267
				],
				"axis": "z",
				"angle": 22.5
			}
		},
		{
			"name": "cube",
			"from": [17.159319954922005, 9.171705006611052, 9.5],
			"to": [21.159319954922005, 10.171705006611052, 10.5],
			"faces": {
				"north": {
					"uv": [0, 0, 1, 3.9999999999999982],
					"texture": "#0",
					"rotation": 270
				},
				"east": {"uv": [0, 0, 1, 3], "texture": "#0"},
				"south": {
					"uv": [0, 0, 1, 3.9999999999999982],
					"texture": "#0",
					"rotation": 270
				},
				"west": {"uv": [0, 0, 1, 3], "texture": "#0"},
				"up": {
					"uv": [0, 0, 1, 3],
					"texture": "#0",
					"rotation": 270
				},
				"down": {
					"uv": [0, 0, 1, 3.9999999999999982],
					"texture": "#0",
					"rotation": 270
				}
			},
			"rotation": {
				"origin": [
					8.511269657826736,
					7.171705006611052,
					18.148050297095267
				],
				"axis": "z",
				"angle": 22.5
			}
		},
		{
			"name": "cube",
			"from": [
				-2.408512667781107,
				10.019557502612336,
				6.75
			],
			"to": [
				-0.15851266778110684,
				12.519557502612336,
				9.25
			],
			"faces": {
				"north": {
					"uv": [6, 5, 8, 7],
					"texture": "#0",
					"rotation": 90
				},
				"east": {
					"uv": [0, 0, 1, 3],
					"texture": "#0",
					"rotation": 270
				},
				"south": {
					"uv": [6, 5, 8, 7],
					"texture": "#0",
					"rotation": 90
				},
				"west": {
					"uv": [6, 5, 8, 7],
					"texture": "#0",
					"rotation": 90
				},
				"up": {"uv": [6, 5, 8, 7], "texture": "#0"},
				"down": {
					"uv": [6, 5, 8, 7],
					"texture": "#0",
					"rotation": 180
				}
			},
			"rotation": {
				"origin": [
					8.5,
					7.769557502612337,
					16.841487332218893
				],
				"axis": "z",
				"angle": 22.5
			}
		},
		{
			"name": "cube",
			"from": [7, 2, 2.25],
			"to": [15, 10.5, 3.25],
			"faces": {
				"north": {"uv": [0, 0, 8, 8.5], "texture": "#1"},
				"east": {
					"uv": [0, 3, 8, 4],
					"texture": "#1",
					"rotation": 90
				},
				"south": {"uv": [0, 0, 8, 8.5], "texture": "#1"},
				"west": {
					"uv": [0, 3, 8, 4],
					"texture": "#1",
					"rotation": 90
				},
				"up": {"uv": [0, 3, 8, 4], "texture": "#1"},
				"down": {
					"uv": [0, 3, 8, 4],
					"texture": "#1",
					"rotation": 90
				}
			}
		},
		{
			"name": "cube",
			"from": [3, 2, 2.25],
			"to": [7, 8.5, 3.25],
			"faces": {
				"north": {"uv": [0, 2, 4, 8.5], "texture": "#1"},
				"south": {"uv": [0, 2, 4, 8.5], "texture": "#1"},
				"west": {
					"uv": [0, 3, 8, 4],
					"texture": "#1",
					"rotation": 90
				},
				"up": {"uv": [0, 3, 8, 4], "texture": "#1"},
				"down": {
					"uv": [0, 3, 8, 4],
					"texture": "#1",
					"rotation": 90
				}
			}
		},
		{
			"name": "cube",
			"from": [-1, 2, 2.25],
			"to": [3, 5.5, 3.25],
			"faces": {
				"north": {"uv": [0, 1, 4, 4.5], "texture": "#1"},
				"south": {"uv": [0, 1, 4, 4.5], "texture": "#1"},
				"west": {
					"uv": [0, 3, 8, 4],
					"texture": "#1",
					"rotation": 90
				},
				"up": {"uv": [0, 3, 8, 4], "texture": "#1"},
				"down": {
					"uv": [0, 3, 8, 4],
					"texture": "#1",
					"rotation": 90
				}
			}
		},
		{
			"name": "cube",
			"from": [9.5, 0, 2],
			"to": [14, 4.5, 3.5],
			"faces": {
				"north": {"uv": [0, 0, 4.5, 4.5], "texture": "#0"},
				"east": {"uv": [0, 0, 1.5, 3.5], "texture": "#0"},
				"south": {"uv": [0, 0, 4.5, 4.5], "texture": "#0"},
				"west": {"uv": [0, 0, 1.5, 3.5], "texture": "#0"},
				"up": {
					"uv": [0, 0, 1.5, 3.5],
					"texture": "#0",
					"rotation": 270
				},
				"down": {
					"uv": [0, 0, 1.5, 3.5],
					"texture": "#0",
					"rotation": 90
				}
			}
		},
		{
			"name": "cube",
			"from": [0.5, 0, 2],
			"to": [4, 3.5, 3.5],
			"faces": {
				"north": {"uv": [0, 0, 3.5, 3.5], "texture": "#0"},
				"east": {"uv": [0, 0, 1.5, 3.5], "texture": "#0"},
				"south": {"uv": [0, 0, 3.5, 3.5], "texture": "#0"},
				"west": {"uv": [0, 0, 1.5, 3.5], "texture": "#0"},
				"up": {
					"uv": [0, 0, 1.5, 3.5],
					"texture": "#0",
					"rotation": 270
				},
				"down": {
					"uv": [0, 0, 1.5, 3.5],
					"texture": "#0",
					"rotation": 90
				}
			}
		},
		{
			"name": "cube",
			"from": [7, 2, 12.5],
			"to": [15, 10.5, 13.5],
			"faces": {
				"north": {"uv": [0, 0, 8, 8.5], "texture": "#1"},
				"east": {
					"uv": [0, 3, 8, 4],
					"texture": "#1",
					"rotation": 90
				},
				"south": {"uv": [0, 0, 8, 8.5], "texture": "#1"},
				"west": {
					"uv": [0, 3, 8, 4],
					"texture": "#1",
					"rotation": 90
				},
				"up": {"uv": [0, 3, 8, 4], "texture": "#1"},
				"down": {
					"uv": [0, 3, 8, 4],
					"texture": "#1",
					"rotation": 90
				}
			}
		},
		{
			"name": "cube",
			"from": [9.5, 0, 12.25],
			"to": [14, 4.5, 13.75],
			"faces": {
				"north": {"uv": [0, 0, 4.5, 4.5], "texture": "#0"},
				"east": {"uv": [0, 0, 1.5, 3.5], "texture": "#0"},
				"south": {"uv": [0, 0, 4.5, 4.5], "texture": "#0"},
				"west": {"uv": [0, 0, 1.5, 3.5], "texture": "#0"},
				"up": {
					"uv": [0, 0, 1.5, 3.5],
					"texture": "#0",
					"rotation": 270
				},
				"down": {
					"uv": [0, 0, 1.5, 3.5],
					"texture": "#0",
					"rotation": 90,
					"made_by":"sirbenet"
				}
			}
		},
		{
			"name": "cube",
			"from": [3, 2, 12.5],
			"to": [7, 8.5, 13.5],
			"faces": {
				"north": {"uv": [0, 2, 4, 8.5], "texture": "#1"},
				"south": {"uv": [0, 2, 4, 8.5], "texture": "#1"},
				"west": {
					"uv": [0, 3, 8, 4],
					"texture": "#1",
					"rotation": 90
				},
				"up": {"uv": [0, 3, 8, 4], "texture": "#1"},
				"down": {
					"uv": [0, 3, 8, 4],
					"texture": "#1",
					"rotation": 90
				}
			}
		},
		{
			"name": "cube",
			"from": [0.5, 0, 12.25],
			"to": [4, 3.5, 13.75],
			"faces": {
				"north": {"uv": [0, 0, 3.5, 3.5], "texture": "#0"},
				"east": {"uv": [0, 0, 1.5, 3.5], "texture": "#0"},
				"south": {"uv": [0, 0, 3.5, 3.5], "texture": "#0"},
				"west": {"uv": [0, 0, 1.5, 3.5], "texture": "#0"},
				"up": {
					"uv": [0, 0, 1.5, 3.5],
					"texture": "#0",
					"rotation": 270
				},
				"down": {
					"uv": [0, 0, 1.5, 3.5],
					"texture": "#0",
					"rotation": 90
				}
			}
		},
		{
			"name": "cube",
			"from": [-1, 2, 12.5],
			"to": [3, 5.5, 13.5],
			"faces": {
				"north": {"uv": [0, 1, 4, 4.5], "texture": "#1"},
				"south": {"uv": [0, 1, 4, 4.5], "texture": "#1"},
				"west": {
					"uv": [0, 3, 8, 4],
					"texture": "#1",
					"rotation": 90
				},
				"up": {"uv": [0, 3, 8, 4], "texture": "#1"},
				"down": {
					"uv": [0, 3, 8, 4],
					"texture": "#1",
					"rotation": 90
				}
			}
		}
	],
	"display": {
		"thirdperson_righthand": {
			"scale": [0.5, 0.5, 0.5],
			"rotation": [89, 76, 0],
			"translation": [0.5, 1, 0]
		},
		"thirdperson_lefthand": {
			"scale": [0.5, 0.5, 0.5],
			"rotation": [89, -110, 0],
			"translation": [0.5, 1, 0]
		},
		"firstperson_righthand": {
			"scale": [0.6, 0.6, 0.6],
			"rotation": [0, 100, 0],
			"translation": [0, 2.5, 0]
		},
		"firstperson_lefthand": {
			"scale": [0.6, 0.6, 0.6],
			"rotation": [0, -80, 0],
			"translation": [0, 2.5, 0]
		},
		"ground": {
			"scale": [0.5, 0.5, 0.5],
			"translation": [0, 3.5, 0]
		},
		"gui": {
			"scale": [0.7, 0.7, 0.7],
			"rotation": [34, -56, 0],
			"translation": [0, 1, 0]
		},
		"head": {
			"scale": [1.6, 1.6, 1.6],
			"rotation": [0, 90, 0],
			"translation": [0, -30.5, 0]
		}
	}
}