{
    "__comment": "Model generated using MrCrayfish's Model Creator (http://mrcrayfish.com/modelcreator/)",
    "textures": {
        "particle": "blocks/blocks/blocks/quartz_block_side",
        "0": "blocks/quartz_block_side"
    },
    "elements": [
        {
            "name": "Element",
            "from": [ 0.0, 0.0, 15.899999998509884 ], 
            "to": [ 16.0, 1.0, 16.0 ], 
            "faces": {
                "north": { "texture": "#0", "uv": [ 0.0, 15.0, 16.0, 16.0 ] },
                "east": { "texture": "#0", "uv": [ 0.0, 13.0, 1.0, 14.0 ] },
                "south": { "texture": "#0", "uv": [ 0.0, 15.0, 16.0, 16.0 ] },
                "west": { "texture": "#0", "uv": [ 15.0, 13.0, 16.0, 14.0 ] },
                "up": { "texture": "#0", "uv": [ 0.0, 15.0, 16.0, 16.0 ] },
                "down": { "texture": "#0", "uv": [ 0.0, 0.0, 16.0, 1.0 ] }
            }
        },
        {
            "name": "Element",
            "from": [ 0.0, 15.0, 15.899999998509884 ], 
            "to": [ 16.0, 16.0, 16.0 ], 
            "faces": {
                "north": { "texture": "#0", "uv": [ 0.0, 1.0, 16.0, 2.0 ] },
                "east": { "texture": "#0", "uv": [ 0.0, 2.0, 1.0, 3.0 ] },
                "south": { "texture": "#0", "uv": [ 0.0, 2.0, 16.0, 3.0 ] },
                "west": { "texture": "#0", "uv": [ 15.0, 2.0, 16.0, 3.0 ] },
                "up": { "texture": "#0", "uv": [ 0.0, 15.0, 16.0, 16.0 ] },
                "down": { "texture": "#0", "uv": [ 0.0, 0.0, 16.0, 1.0 ] }
            }
        },
        {
            "name": "Element",
            "from": [ 0.0, 1.0, 15.899999998509884 ], 
            "to": [ 1.0, 15.0, 16.0 ], 
            "faces": {
                "north": { "texture": "#0", "uv": [ 13.0, 1.0, 14.0, 15.0 ] },
                "east": { "texture": "#0", "uv": [ 0.0, 1.0, 1.0, 15.0 ] },
                "south": { "texture": "#0", "uv": [ 2.0, 1.0, 3.0, 15.0 ] },
                "west": { "texture": "#0", "uv": [ 15.0, 1.0, 16.0, 15.0 ] }
            }
        },
        {
            "name": "Element",
            "from": [ 15.0, 1.0, 15.899999998509884 ], 
            "to": [ 16.0, 15.0, 16.0 ], 
            "faces": {
                "north": { "texture": "#0", "uv": [ 2.0, 1.0, 3.0, 15.0 ] },
                "east": { "texture": "#0", "uv": [ 0.0, 1.0, 1.0, 15.0 ] },
                "south": { "texture": "#0", "uv": [ 13.0, 1.0, 14.0, 15.0 ] },
                "west": { "texture": "#0", "uv": [ 15.0, 1.0, 16.0, 15.0 ] }
            }
        }
    ]
}