{
	"__comment": "Elements Battle Item Designed by BlackNight_AY",
	"parent": "item/chaoswand/chaoswand_model",
	"display": {
		"thirdperson_righthand": {
			"rotation":  [ 22.5, 20, 0 ],
			"translation":  [ 0, 4.5, 4 ]
		},
		"thirdperson_lefthand": {
			"rotation":  [ 22.5, 20, 0 ],
			"translation":  [ 0, 4.5, 4 ]
		},
		"firstperson_righthand": {
			"rotation":  [ -30, -50, -12.5 ],
			"translation":  [ -1, 13.75, -1 ]
		},
		"firstperson_lefthand": {
			"rotation":  [ -40, -50, -20 ],
			"translation":  [ 0, 1.5, 0 ]
		},
		"gui": {
			"rotation":  [ -30, 170, 30 ],
			"translation":  [ 2, 4, 0 ],
			"scale":  [ 1.5, 1.5, 1.5 ]
		},
		"ground": {
			"rotation":  [ -30, 0, 0 ],
			"translation":  [ 0, 15, 0 ]
		},
		"fixed": {
			"rotation":  [ 0, 0, 20 ],
			"translation":  [ -2, 4, 0 ],
			"scale":  [ 3, 3, 3 ]
		}
	}
}