{	"ambientocclusion": false,
    "textures": {
        "particle": "items/box",
        "1": "items/box"
    },
    "elements": [
        {	"from": [ 0, 0, 0 ],
            "to": [ 16, 16, 16 ],
            "faces": {
                "down":  { "uv": [ 0, 0, 16, 16 ], "texture": "#1" },
                "up":    { "uv": [ 0, 0, 16, 16 ], "texture": "#1" },
                "north": { "uv": [ 0, 0, 16, 16 ], "texture": "#1" },
                "south": { "uv": [ 0, 0, 16, 16 ], "texture": "#1" },
                "west":  { "uv": [ 0, 0, 16, 16 ], "texture": "#1" },
                "east":  { "uv": [ 0, 0, 16, 16 ], "texture": "#1" }
            }
        }
    ],
    "display": {
        "thirdperson_righthand": {
            "scale": [ 0, 0, 0 ]
        },
        "firstperson_righthand": {
            "scale": [ 0, 0, 0 ]
        },
        "gui": {
            "scale": [ 0, 0, 0 ]
        },
		"ground": {
            "scale": [ 0.3, 0.3, 0.3 ],
            "translation": [ 0, 3, 0 ]
        }
    }
}
