{
    "variants": {
        "facing=east,half=bottom,shape=straight":  { "model": "red_sandstone_stairs" },
        "facing=west,half=bottom,shape=straight":  { "model": "red_sandstone_stairs", "y": 180 },
        "facing=south,half=bottom,shape=straight": { "model": "red_sandstone_stairs", "y": 90 },
        "facing=north,half=bottom,shape=straight": { "model": "red_sandstone_stairs", "y": 270 },
        "facing=east,half=bottom,shape=outer_right":  { "model": "red_sandstone_stairs" },
        "facing=west,half=bottom,shape=outer_right":  { "model": "red_sandstone_stairs", "y": 180 },
        "facing=south,half=bottom,shape=outer_right": { "model": "red_sandstone_stairs", "y": 90 },
        "facing=north,half=bottom,shape=outer_right": { "model": "red_sandstone_stairs", "y": 270 },
        "facing=east,half=bottom,shape=outer_left":  { "model": "red_sandstone_stairs" },
        "facing=west,half=bottom,shape=outer_left":  { "model": "red_sandstone_stairs", "y": 180 },
        "facing=south,half=bottom,shape=outer_left": { "model": "red_sandstone_stairs", "y": 90 },
        "facing=north,half=bottom,shape=outer_left": { "model": "red_sandstone_stairs", "y": 270 },
        "facing=east,half=bottom,shape=inner_right":  { "model": "red_sandstone_stairs" },
        "facing=west,half=bottom,shape=inner_right":  { "model": "red_sandstone_stairs", "y": 180 },
        "facing=south,half=bottom,shape=inner_right": { "model": "red_sandstone_stairs", "y": 90 },
        "facing=north,half=bottom,shape=inner_right": { "model": "red_sandstone_stairs", "y": 270 },
        "facing=east,half=bottom,shape=inner_left":  { "model": "red_sandstone_stairs" },
        "facing=west,half=bottom,shape=inner_left":  { "model": "red_sandstone_stairs", "y": 180 },
        "facing=south,half=bottom,shape=inner_left": { "model": "red_sandstone_stairs", "y": 90 },
        "facing=north,half=bottom,shape=inner_left": { "model": "red_sandstone_stairs", "y": 270 },
        "facing=east,half=top,shape=straight":  { "model": "red_sandstone_stairs" },
        "facing=west,half=top,shape=straight":  { "model": "red_sandstone_stairs", "y": 180 },
        "facing=south,half=top,shape=straight": { "model": "red_sandstone_stairs", "y": 90 },
        "facing=north,half=top,shape=straight": { "model": "red_sandstone_stairs", "y": 270 },
        "facing=east,half=top,shape=outer_right":  { "model": "red_sandstone_stairs" },
        "facing=west,half=top,shape=outer_right":  { "model": "red_sandstone_stairs", "y": 180 },
        "facing=south,half=top,shape=outer_right": { "model": "red_sandstone_stairs", "y": 90 },
        "facing=north,half=top,shape=outer_right": { "model": "red_sandstone_stairs", "y": 270 },
        "facing=east,half=top,shape=outer_left":  { "model": "red_sandstone_stairs" },
        "facing=west,half=top,shape=outer_left":  { "model": "red_sandstone_stairs", "y": 180 },
        "facing=south,half=top,shape=outer_left": { "model": "red_sandstone_stairs", "y": 90 },
        "facing=north,half=top,shape=outer_left": { "model": "red_sandstone_stairs", "y": 270 },
        "facing=east,half=top,shape=inner_right":  { "model": "red_sandstone_stairs" },
        "facing=west,half=top,shape=inner_right":  { "model": "red_sandstone_stairs", "y": 180 },
        "facing=south,half=top,shape=inner_right": { "model": "red_sandstone_stairs", "y": 90 },
        "facing=north,half=top,shape=inner_right": { "model": "red_sandstone_stairs", "y": 270 },
        "facing=east,half=top,shape=inner_left":  { "model": "red_sandstone_stairs" },
        "facing=west,half=top,shape=inner_left":  { "model": "red_sandstone_stairs", "y": 180 },
        "facing=south,half=top,shape=inner_left": { "model": "red_sandstone_stairs", "y": 90 },
        "facing=north,half=top,shape=inner_left": { "model": "red_sandstone_stairs", "y": 270 }
    }
}
