{
    "__comment": "Model generated using MrCrayfish's Model Creator (http://mrcrayfish.com/modelcreator/)",
    "textures": {
        "0": "blocks/hardened_clay",
        "1": "blocks/concrete_black"
    },
    "elements": [
        {
            "name": "Cube",
            "from": [ -2.0, -8.0, -2.0 ], 
            "to": [ 18.0, -6.0, 18.0 ], 
            "faces": {
                "north": { "texture": "#0", "uv": [ 0.0, 0.0, 10.0, 1.0 ] },
                "east": { "texture": "#0", "uv": [ 0.0, 0.0, 10.0, 1.0 ] },
                "south": { "texture": "#0", "uv": [ 0.0, 0.0, 10.0, 1.0 ] },
                "west": { "texture": "#0", "uv": [ 0.0, 0.0, 10.0, 1.0 ] },
                "up": { "texture": "#0", "uv": [ 0.0, 0.0, 10.0, 10.0 ] },
                "down": { "texture": "#0", "uv": [ 0.0, 0.0, 10.0, 10.0 ] }
            }
        },
        {
            "name": "Cube",
            "from": [ -4.0, -6.0, -4.0 ], 
            "to": [ 20.0, -2.0, 20.0 ], 
            "faces": {
                "north": { "texture": "#0", "uv": [ 0.0, 0.0, 12.0, 2.0 ] },
                "east": { "texture": "#0", "uv": [ 0.0, 0.0, 12.0, 2.0 ] },
                "south": { "texture": "#0", "uv": [ 0.0, 0.0, 12.0, 2.0 ] },
                "west": { "texture": "#0", "uv": [ 0.0, 0.0, 12.0, 2.0 ] },
                "up": { "texture": "#0", "uv": [ 0.0, 0.0, 12.0, 12.0 ] },
                "down": { "texture": "#0", "uv": [ 0.0, 0.0, 12.0, 12.0 ] }
            }
        },
        {
            "name": "Cube",
            "from": [ -6.0, -2.0, -6.0 ], 
            "to": [ 22.0, 8.0, 22.0 ], 
            "faces": {
                "north": { "texture": "#0", "uv": [ 0.0, 0.0, 14.0, 5.0 ] },
                "east": { "texture": "#0", "uv": [ 0.0, 0.0, 14.0, 5.0 ] },
                "south": { "texture": "#0", "uv": [ 0.0, 0.0, 14.0, 5.0 ] },
                "west": { "texture": "#0", "uv": [ 0.0, 0.0, 14.0, 5.0 ] },
                "up": { "texture": "#0", "uv": [ 0.0, 0.0, 14.0, 14.0 ] },
                "down": { "texture": "#0", "uv": [ 0.0, 0.0, 14.0, 14.0 ] }
            }
        },
        {
            "name": "Cube",
            "from": [ -4.0, 8.0, -4.0 ], 
            "to": [ 20.0, 14.0, 20.0 ], 
            "faces": {
                "north": { "texture": "#0", "uv": [ 0.0, 0.0, 12.0, 3.0 ] },
                "east": { "texture": "#0", "uv": [ 0.0, 0.0, 12.0, 3.0 ] },
                "south": { "texture": "#0", "uv": [ 0.0, 0.0, 12.0, 3.0 ] },
                "west": { "texture": "#0", "uv": [ 0.0, 0.0, 12.0, 3.0 ] },
                "up": { "texture": "#0", "uv": [ 0.0, 0.0, 12.0, 12.0 ] },
                "down": { "texture": "#0", "uv": [ 0.0, 0.0, 12.0, 12.0 ] }
            }
        },
        {
            "name": "Cube",
            "from": [ -2.0, 14.0, -2.0 ], 
            "to": [ 18.0, 18.0, 18.0 ], 
            "faces": {
                "north": { "texture": "#0", "uv": [ 0.0, 0.0, 10.0, 2.0 ] },
                "east": { "texture": "#0", "uv": [ 0.0, 0.0, 10.0, 2.0 ] },
                "south": { "texture": "#0", "uv": [ 0.0, 0.0, 10.0, 2.0 ] },
                "west": { "texture": "#0", "uv": [ 0.0, 0.0, 10.0, 2.0 ] },
                "up": { "texture": "#0", "uv": [ 0.0, 0.0, 10.0, 10.0 ] },
                "down": { "texture": "#0", "uv": [ 0.0, 0.0, 10.0, 10.0 ] }
            }
        },
        {
            "name": "Cube",
            "from": [ 0.0, 18.0, 0.0 ], 
            "to": [ 16.0, 20.0, 16.0 ], 
            "faces": {
                "north": { "texture": "#0", "uv": [ 0.0, 0.0, 8.0, 1.0 ] },
                "east": { "texture": "#0", "uv": [ 0.0, 0.0, 8.0, 1.0 ] },
                "south": { "texture": "#0", "uv": [ 0.0, 0.0, 8.0, 1.0 ] },
                "west": { "texture": "#0", "uv": [ 0.0, 0.0, 8.0, 1.0 ] },
                "up": { "texture": "#0", "uv": [ 0.0, 0.0, 8.0, 8.0 ] },
                "down": { "texture": "#0", "uv": [ 0.0, 0.0, 8.0, 8.0 ] }
            }
        },
        {
            "name": "Cube",
            "from": [ 2.0, 20.0, 2.0 ], 
            "to": [ 14.0, 22.0, 14.0 ], 
            "faces": {
                "north": { "texture": "#0", "uv": [ 0.0, 0.0, 6.0, 1.0 ] },
                "east": { "texture": "#0", "uv": [ 0.0, 0.0, 6.0, 1.0 ] },
                "south": { "texture": "#0", "uv": [ 0.0, 0.0, 6.0, 1.0 ] },
                "west": { "texture": "#0", "uv": [ 0.0, 0.0, 6.0, 1.0 ] },
                "up": { "texture": "#1", "uv": [ 0.0, 0.0, 6.0, 6.0 ] },
                "down": { "texture": "#0", "uv": [ 0.0, 0.0, 6.0, 6.0 ] }
            }
        },
        {
            "name": "Cube",
            "from": [ 0.0, 22.0, 0.0 ], 
            "to": [ 16.0, 24.0, 2.0 ], 
            "faces": {
                "north": { "texture": "#0", "uv": [ 0.0, 0.0, 8.0, 1.0 ] },
                "east": { "texture": "#0", "uv": [ 0.0, 0.0, 1.0, 1.0 ] },
                "south": { "texture": "#0", "uv": [ 0.0, 0.0, 8.0, 1.0 ] },
                "west": { "texture": "#0", "uv": [ 0.0, 0.0, 1.0, 1.0 ] },
                "up": { "texture": "#0", "uv": [ 0.0, 0.0, 8.0, 1.0 ] },
                "down": { "texture": "#0", "uv": [ 0.0, 0.0, 8.0, 1.0 ] }
            }
        },
        {
            "name": "Cube",
            "from": [ 0.0, 22.0, 14.0 ], 
            "to": [ 16.0, 24.0, 16.0 ], 
            "faces": {
                "north": { "texture": "#0", "uv": [ 0.0, 0.0, 8.0, 1.0 ] },
                "east": { "texture": "#0", "uv": [ 0.0, 0.0, 1.0, 1.0 ] },
                "south": { "texture": "#0", "uv": [ 0.0, 0.0, 8.0, 1.0 ] },
                "west": { "texture": "#0", "uv": [ 0.0, 0.0, 1.0, 1.0 ] },
                "up": { "texture": "#0", "uv": [ 0.0, 0.0, 8.0, 1.0 ] },
                "down": { "texture": "#0", "uv": [ 0.0, 0.0, 8.0, 1.0 ] }
            }
        },
        {
            "name": "Cube",
            "from": [ 0.0, 22.0, 2.0 ], 
            "to": [ 2.0, 24.0, 14.0 ], 
            "faces": {
                "north": { "texture": "#0", "uv": [ 0.0, 0.0, 1.0, 1.0 ] },
                "east": { "texture": "#0", "uv": [ 0.0, 0.0, 6.0, 1.0 ] },
                "south": { "texture": "#0", "uv": [ 0.0, 0.0, 1.0, 1.0 ] },
                "west": { "texture": "#0", "uv": [ 0.0, 0.0, 6.0, 1.0 ] },
                "up": { "texture": "#0", "uv": [ 0.0, 0.0, 1.0, 6.0 ] },
                "down": { "texture": "#0", "uv": [ 0.0, 0.0, 1.0, 6.0 ] }
            }
        },
        {
            "name": "Cube",
            "from": [ 14.0, 22.0, 2.0 ], 
            "to": [ 16.0, 24.0, 14.0 ], 
            "faces": {
                "north": { "texture": "#0", "uv": [ 0.0, 0.0, 1.0, 1.0 ] },
                "east": { "texture": "#0", "uv": [ 0.0, 0.0, 6.0, 1.0 ] },
                "south": { "texture": "#0", "uv": [ 0.0, 0.0, 1.0, 1.0 ] },
                "west": { "texture": "#0", "uv": [ 0.0, 0.0, 6.0, 1.0 ] },
                "up": { "texture": "#0", "uv": [ 0.0, 0.0, 1.0, 6.0 ] },
                "down": { "texture": "#0", "uv": [ 0.0, 0.0, 1.0, 6.0 ] }
            }
        }
    ],
    "display": {
        "head": {
            "rotation": [-30,0,0],
            "translation": [0,-18.5, -14],
            "scale": [3,3,3]
        }
	}
}