{
    "__comment": "Model generated using MrCrayfish's Model Creator (http://mrcrayfish.com/modelcreator/)",
    "textures": {
        "0": "blocks/hardened_clay_stained_white"
    },
    "elements": [
        {
            "name": "Cube",
            "from": [ -6.100000001490116, 2.0, -6.100000001490116 ], 
            "to": [ -6.0, 6.0, -2.0 ], 
            "faces": {
                "north": { "texture": "#0", "uv": [ 0.0, 0.0, 0.10000000149011612, 2.0] , "tintindex": 0 },
                "east": { "texture": "#0", "uv": [ 0.0, 0.0, 14.0, 2.0] , "tintindex": 0 },
                "south": { "texture": "#0", "uv": [ 0.0, 0.0, 0.10000000149011612, 2.0] , "tintindex": 0 },
                "west": { "texture": "#0", "uv": [ 0.0, 0.0, 14.0, 4.0] , "tintindex": 0 },
                "up": { "texture": "#0", "uv": [ 0.0, 0.0, 0.10000000149011612, 14.0] , "tintindex": 0 },
                "down": { "texture": "#0", "uv": [ 0.0, 0.0, 0.10000000149011612, 14.0] , "tintindex": 0 }
            }
        },
        {
            "name": "Cube",
            "from": [ 22.0, 2.0, 18.0 ], 
            "to": [ 22.100000001490116, 6.0, 22.100000001490116 ], 
            "faces": {
                "north": { "texture": "#0", "uv": [ 0.0, 0.0, 0.10000000149011612, 2.0] , "tintindex": 0 },
                "east": { "texture": "#0", "uv": [ 0.0, 0.0, 14.0, 2.0] , "tintindex": 0 },
                "south": { "texture": "#0", "uv": [ 0.0, 0.0, 0.10000000149011612, 2.0] , "tintindex": 0 },
                "west": { "texture": "#0", "uv": [ 0.0, 0.0, 14.0, 4.0] , "tintindex": 0 },
                "up": { "texture": "#0", "uv": [ 0.0, 0.0, 0.10000000149011612, 14.0] , "tintindex": 0 },
                "down": { "texture": "#0", "uv": [ 0.0, 0.0, 0.10000000149011612, 14.0] , "tintindex": 0 }
            }
        },
        {
            "name": "Cube",
            "from": [ 18.0, 0.0, -6.100000001490116 ], 
            "to": [ 22.100000001490116, 4.0, -6.0000000014901165 ], 
            "faces": {
                "north": { "texture": "#0", "uv": [ 0.0, 0.0, 0.10000000149011612, 2.0] , "tintindex": 0 },
                "east": { "texture": "#0", "uv": [ 0.0, 0.0, 14.0, 2.0] , "tintindex": 0 },
                "south": { "texture": "#0", "uv": [ 0.0, 0.0, 0.10000000149011612, 2.0] , "tintindex": 0 },
                "west": { "texture": "#0", "uv": [ 0.0, 0.0, 14.0, 4.0] , "tintindex": 0 },
                "up": { "texture": "#0", "uv": [ 0.0, 0.0, 0.10000000149011612, 14.0] , "tintindex": 0 },
                "down": { "texture": "#0", "uv": [ 0.0, 0.0, 0.10000000149011612, 14.0] , "tintindex": 0 }
            }
        },
        {
            "name": "Cube",
            "from": [ -6.100000001490116, 0.0, 22.0 ], 
            "to": [ -2.0, 4.0, 22.1 ], 
            "faces": {
                "north": { "texture": "#0", "uv": [ 0.0, 0.0, 0.10000000149011612, 2.0] , "tintindex": 0 },
                "east": { "texture": "#0", "uv": [ 0.0, 0.0, 14.0, 2.0] , "tintindex": 0 },
                "south": { "texture": "#0", "uv": [ 0.0, 0.0, 0.10000000149011612, 2.0] , "tintindex": 0 },
                "west": { "texture": "#0", "uv": [ 0.0, 0.0, 14.0, 4.0] , "tintindex": 0 },
                "up": { "texture": "#0", "uv": [ 0.0, 0.0, 0.10000000149011612, 14.0] , "tintindex": 0 },
                "down": { "texture": "#0", "uv": [ 0.0, 0.0, 0.10000000149011612, 14.0] , "tintindex": 0 }
            }
        },
        {
            "name": "Cube",
            "from": [ -2.0, 2.0, 22.0 ], 
            "to": [ 2.0, 6.0, 22.1 ], 
            "faces": {
                "north": { "texture": "#0", "uv": [ 0.0, 0.0, 0.10000000149011612, 2.0] , "tintindex": 0 },
                "east": { "texture": "#0", "uv": [ 0.0, 0.0, 14.0, 2.0] , "tintindex": 0 },
                "south": { "texture": "#0", "uv": [ 0.0, 0.0, 0.10000000149011612, 2.0] , "tintindex": 0 },
                "west": { "texture": "#0", "uv": [ 0.0, 0.0, 14.0, 4.0] , "tintindex": 0 },
                "up": { "texture": "#0", "uv": [ 0.0, 0.0, 0.10000000149011612, 14.0] , "tintindex": 0 },
                "down": { "texture": "#0", "uv": [ 0.0, 0.0, 0.10000000149011612, 14.0] , "tintindex": 0 }
            }
        },
        {
            "name": "Cube",
            "from": [ 2.0, 0.0, 22.0 ], 
            "to": [ 6.0, 4.0, 22.1 ], 
            "faces": {
                "north": { "texture": "#0", "uv": [ 0.0, 0.0, 0.10000000149011612, 2.0] , "tintindex": 0 },
                "east": { "texture": "#0", "uv": [ 0.0, 0.0, 14.0, 2.0] , "tintindex": 0 },
                "south": { "texture": "#0", "uv": [ 0.0, 0.0, 0.10000000149011612, 2.0] , "tintindex": 0 },
                "west": { "texture": "#0", "uv": [ 0.0, 0.0, 14.0, 4.0] , "tintindex": 0 },
                "up": { "texture": "#0", "uv": [ 0.0, 0.0, 0.10000000149011612, 14.0] , "tintindex": 0 },
                "down": { "texture": "#0", "uv": [ 0.0, 0.0, 0.10000000149011612, 14.0] , "tintindex": 0 }
            }
        },
        {
            "name": "Cube",
            "from": [ 6.0, 2.0, 22.0 ], 
            "to": [ 10.0, 6.0, 22.1 ], 
            "faces": {
                "north": { "texture": "#0", "uv": [ 0.0, 0.0, 0.10000000149011612, 2.0] , "tintindex": 0 },
                "east": { "texture": "#0", "uv": [ 0.0, 0.0, 14.0, 2.0] , "tintindex": 0 },
                "south": { "texture": "#0", "uv": [ 0.0, 0.0, 0.10000000149011612, 2.0] , "tintindex": 0 },
                "west": { "texture": "#0", "uv": [ 0.0, 0.0, 14.0, 4.0] , "tintindex": 0 },
                "up": { "texture": "#0", "uv": [ 0.0, 0.0, 0.10000000149011612, 14.0] , "tintindex": 0 },
                "down": { "texture": "#0", "uv": [ 0.0, 0.0, 0.10000000149011612, 14.0] , "tintindex": 0 }
            }
        },
        {
            "name": "Cube",
            "from": [ 10.0, 0.0, 22.0 ], 
            "to": [ 14.0, 4.0, 22.1 ], 
            "faces": {
                "north": { "texture": "#0", "uv": [ 0.0, 0.0, 0.10000000149011612, 2.0] , "tintindex": 0 },
                "east": { "texture": "#0", "uv": [ 0.0, 0.0, 14.0, 2.0] , "tintindex": 0 },
                "south": { "texture": "#0", "uv": [ 0.0, 0.0, 0.10000000149011612, 2.0] , "tintindex": 0 },
                "west": { "texture": "#0", "uv": [ 0.0, 0.0, 14.0, 4.0] , "tintindex": 0 },
                "up": { "texture": "#0", "uv": [ 0.0, 0.0, 0.10000000149011612, 14.0] , "tintindex": 0 },
                "down": { "texture": "#0", "uv": [ 0.0, 0.0, 0.10000000149011612, 14.0] , "tintindex": 0 }
            }
        },
        {
            "name": "Cube",
            "from": [ 14.0, 2.0, 22.0 ], 
            "to": [ 18.0, 6.0, 22.1 ], 
            "faces": {
                "north": { "texture": "#0", "uv": [ 0.0, 0.0, 0.10000000149011612, 2.0] , "tintindex": 0 },
                "east": { "texture": "#0", "uv": [ 0.0, 0.0, 14.0, 2.0] , "tintindex": 0 },
                "south": { "texture": "#0", "uv": [ 0.0, 0.0, 0.10000000149011612, 2.0] , "tintindex": 0 },
                "west": { "texture": "#0", "uv": [ 0.0, 0.0, 14.0, 4.0] , "tintindex": 0 },
                "up": { "texture": "#0", "uv": [ 0.0, 0.0, 0.10000000149011612, 14.0] , "tintindex": 0 },
                "down": { "texture": "#0", "uv": [ 0.0, 0.0, 0.10000000149011612, 14.0] , "tintindex": 0 }
            }
        },
        {
            "name": "Cube",
            "from": [ 18.0, 0.0, 22.0 ], 
            "to": [ 22.0, 4.0, 22.1 ], 
            "faces": {
                "north": { "texture": "#0", "uv": [ 0.0, 0.0, 0.10000000149011612, 2.0] , "tintindex": 0 },
                "east": { "texture": "#0", "uv": [ 0.0, 0.0, 14.0, 2.0] , "tintindex": 0 },
                "south": { "texture": "#0", "uv": [ 0.0, 0.0, 0.10000000149011612, 2.0] , "tintindex": 0 },
                "west": { "texture": "#0", "uv": [ 0.0, 0.0, 14.0, 4.0] , "tintindex": 0 },
                "up": { "texture": "#0", "uv": [ 0.0, 0.0, 0.10000000149011612, 14.0] , "tintindex": 0 },
                "down": { "texture": "#0", "uv": [ 0.0, 0.0, 0.10000000149011612, 14.0] , "tintindex": 0 }
            }
        },
        {
            "name": "Cube",
            "from": [ 14.0, 2.0, -6.100000001490116 ], 
            "to": [ 18.0, 6.0, -6.0000000014901165 ], 
            "faces": {
                "north": { "texture": "#0", "uv": [ 0.0, 0.0, 0.10000000149011612, 2.0] , "tintindex": 0 },
                "east": { "texture": "#0", "uv": [ 0.0, 0.0, 14.0, 2.0] , "tintindex": 0 },
                "south": { "texture": "#0", "uv": [ 0.0, 0.0, 0.10000000149011612, 2.0] , "tintindex": 0 },
                "west": { "texture": "#0", "uv": [ 0.0, 0.0, 14.0, 4.0] , "tintindex": 0 },
                "up": { "texture": "#0", "uv": [ 0.0, 0.0, 0.10000000149011612, 14.0] , "tintindex": 0 },
                "down": { "texture": "#0", "uv": [ 0.0, 0.0, 0.10000000149011612, 14.0] , "tintindex": 0 }
            }
        },
        {
            "name": "Cube",
            "from": [ 10.0, 0.0, -6.100000001490116 ], 
            "to": [ 14.0, 4.0, -6.0000000014901165 ], 
            "faces": {
                "north": { "texture": "#0", "uv": [ 0.0, 0.0, 0.10000000149011612, 2.0] , "tintindex": 0 },
                "east": { "texture": "#0", "uv": [ 0.0, 0.0, 14.0, 2.0] , "tintindex": 0 },
                "south": { "texture": "#0", "uv": [ 0.0, 0.0, 0.10000000149011612, 2.0] , "tintindex": 0 },
                "west": { "texture": "#0", "uv": [ 0.0, 0.0, 14.0, 4.0] , "tintindex": 0 },
                "up": { "texture": "#0", "uv": [ 0.0, 0.0, 0.10000000149011612, 14.0] , "tintindex": 0 },
                "down": { "texture": "#0", "uv": [ 0.0, 0.0, 0.10000000149011612, 14.0] , "tintindex": 0 }
            }
        },
        {
            "name": "Cube",
            "from": [ 6.0, 2.0, -6.100000001490116 ], 
            "to": [ 10.0, 6.0, -6.0000000014901165 ], 
            "faces": {
                "north": { "texture": "#0", "uv": [ 0.0, 0.0, 0.10000000149011612, 2.0] , "tintindex": 0 },
                "east": { "texture": "#0", "uv": [ 0.0, 0.0, 14.0, 2.0] , "tintindex": 0 },
                "south": { "texture": "#0", "uv": [ 0.0, 0.0, 0.10000000149011612, 2.0] , "tintindex": 0 },
                "west": { "texture": "#0", "uv": [ 0.0, 0.0, 14.0, 4.0] , "tintindex": 0 },
                "up": { "texture": "#0", "uv": [ 0.0, 0.0, 0.10000000149011612, 14.0] , "tintindex": 0 },
                "down": { "texture": "#0", "uv": [ 0.0, 0.0, 0.10000000149011612, 14.0] , "tintindex": 0 }
            }
        },
        {
            "name": "Cube",
            "from": [ 2.0, 0.0, -6.100000001490116 ], 
            "to": [ 6.0, 4.0, -6.0000000014901165 ], 
            "faces": {
                "north": { "texture": "#0", "uv": [ 0.0, 0.0, 0.10000000149011612, 2.0] , "tintindex": 0 },
                "east": { "texture": "#0", "uv": [ 0.0, 0.0, 14.0, 2.0] , "tintindex": 0 },
                "south": { "texture": "#0", "uv": [ 0.0, 0.0, 0.10000000149011612, 2.0] , "tintindex": 0 },
                "west": { "texture": "#0", "uv": [ 0.0, 0.0, 14.0, 4.0] , "tintindex": 0 },
                "up": { "texture": "#0", "uv": [ 0.0, 0.0, 0.10000000149011612, 14.0] , "tintindex": 0 },
                "down": { "texture": "#0", "uv": [ 0.0, 0.0, 0.10000000149011612, 14.0] , "tintindex": 0 }
            }
        },
        {
            "name": "Cube",
            "from": [ -2.0, 2.0, -6.100000001490116 ], 
            "to": [ 2.0, 6.0, -6.0000000014901165 ], 
            "faces": {
                "north": { "texture": "#0", "uv": [ 0.0, 0.0, 0.10000000149011612, 2.0] , "tintindex": 0 },
                "east": { "texture": "#0", "uv": [ 0.0, 0.0, 14.0, 2.0] , "tintindex": 0 },
                "south": { "texture": "#0", "uv": [ 0.0, 0.0, 0.10000000149011612, 2.0] , "tintindex": 0 },
                "west": { "texture": "#0", "uv": [ 0.0, 0.0, 14.0, 4.0] , "tintindex": 0 },
                "up": { "texture": "#0", "uv": [ 0.0, 0.0, 0.10000000149011612, 14.0] , "tintindex": 0 },
                "down": { "texture": "#0", "uv": [ 0.0, 0.0, 0.10000000149011612, 14.0] , "tintindex": 0 }
            }
        },
        {
            "name": "Cube",
            "from": [ -6.0, 0.0, -6.100000001490116 ], 
            "to": [ -2.0, 4.0, -6.0000000014901165 ], 
            "faces": {
                "north": { "texture": "#0", "uv": [ 0.0, 0.0, 0.10000000149011612, 2.0] , "tintindex": 0 },
                "east": { "texture": "#0", "uv": [ 0.0, 0.0, 14.0, 2.0] , "tintindex": 0 },
                "south": { "texture": "#0", "uv": [ 0.0, 0.0, 0.10000000149011612, 2.0] , "tintindex": 0 },
                "west": { "texture": "#0", "uv": [ 0.0, 0.0, 14.0, 4.0] , "tintindex": 0 },
                "up": { "texture": "#0", "uv": [ 0.0, 0.0, 0.10000000149011612, 14.0] , "tintindex": 0 },
                "down": { "texture": "#0", "uv": [ 0.0, 0.0, 0.10000000149011612, 14.0] , "tintindex": 0 }
            }
        },
        {
            "name": "Cube",
            "from": [ 22.0, 0.0, 14.0 ], 
            "to": [ 22.100000001490116, 4.0, 18.0 ], 
            "faces": {
                "north": { "texture": "#0", "uv": [ 0.0, 0.0, 0.10000000149011612, 2.0] , "tintindex": 0 },
                "east": { "texture": "#0", "uv": [ 0.0, 0.0, 14.0, 2.0] , "tintindex": 0 },
                "south": { "texture": "#0", "uv": [ 0.0, 0.0, 0.10000000149011612, 2.0] , "tintindex": 0 },
                "west": { "texture": "#0", "uv": [ 0.0, 0.0, 14.0, 4.0] , "tintindex": 0 },
                "up": { "texture": "#0", "uv": [ 0.0, 0.0, 0.10000000149011612, 14.0] , "tintindex": 0 },
                "down": { "texture": "#0", "uv": [ 0.0, 0.0, 0.10000000149011612, 14.0] , "tintindex": 0 }
            }
        },
        {
            "name": "Cube",
            "from": [ 22.0, 2.0, 10.0 ], 
            "to": [ 22.100000001490116, 6.0, 14.0 ], 
            "faces": {
                "north": { "texture": "#0", "uv": [ 0.0, 0.0, 0.10000000149011612, 2.0] , "tintindex": 0 },
                "east": { "texture": "#0", "uv": [ 0.0, 0.0, 14.0, 2.0] , "tintindex": 0 },
                "south": { "texture": "#0", "uv": [ 0.0, 0.0, 0.10000000149011612, 2.0] , "tintindex": 0 },
                "west": { "texture": "#0", "uv": [ 0.0, 0.0, 14.0, 4.0] , "tintindex": 0 },
                "up": { "texture": "#0", "uv": [ 0.0, 0.0, 0.10000000149011612, 14.0] , "tintindex": 0 },
                "down": { "texture": "#0", "uv": [ 0.0, 0.0, 0.10000000149011612, 14.0] , "tintindex": 0 }
            }
        },
        {
            "name": "Cube",
            "from": [ 22.0, 0.0, 6.0 ], 
            "to": [ 22.100000001490116, 4.0, 10.0 ], 
            "faces": {
                "north": { "texture": "#0", "uv": [ 0.0, 0.0, 0.10000000149011612, 2.0] , "tintindex": 0 },
                "east": { "texture": "#0", "uv": [ 0.0, 0.0, 14.0, 2.0] , "tintindex": 0 },
                "south": { "texture": "#0", "uv": [ 0.0, 0.0, 0.10000000149011612, 2.0] , "tintindex": 0 },
                "west": { "texture": "#0", "uv": [ 0.0, 0.0, 14.0, 4.0] , "tintindex": 0 },
                "up": { "texture": "#0", "uv": [ 0.0, 0.0, 0.10000000149011612, 14.0] , "tintindex": 0 },
                "down": { "texture": "#0", "uv": [ 0.0, 0.0, 0.10000000149011612, 14.0] , "tintindex": 0 }
            }
        },
        {
            "name": "Cube",
            "from": [ 22.0, 2.0, 2.0 ], 
            "to": [ 22.100000001490116, 6.0, 6.0 ], 
            "faces": {
                "north": { "texture": "#0", "uv": [ 0.0, 0.0, 0.10000000149011612, 2.0] , "tintindex": 0 },
                "east": { "texture": "#0", "uv": [ 0.0, 0.0, 14.0, 2.0] , "tintindex": 0 },
                "south": { "texture": "#0", "uv": [ 0.0, 0.0, 0.10000000149011612, 2.0] , "tintindex": 0 },
                "west": { "texture": "#0", "uv": [ 0.0, 0.0, 14.0, 4.0] , "tintindex": 0 },
                "up": { "texture": "#0", "uv": [ 0.0, 0.0, 0.10000000149011612, 14.0] , "tintindex": 0 },
                "down": { "texture": "#0", "uv": [ 0.0, 0.0, 0.10000000149011612, 14.0] , "tintindex": 0 }
            }
        },
        {
            "name": "Cube",
            "from": [ 22.0, 0.0, -2.0 ], 
            "to": [ 22.100000001490116, 4.0, 2.0 ], 
            "faces": {
                "north": { "texture": "#0", "uv": [ 0.0, 0.0, 0.10000000149011612, 2.0] , "tintindex": 0 },
                "east": { "texture": "#0", "uv": [ 0.0, 0.0, 14.0, 2.0] , "tintindex": 0 },
                "south": { "texture": "#0", "uv": [ 0.0, 0.0, 0.10000000149011612, 2.0] , "tintindex": 0 },
                "west": { "texture": "#0", "uv": [ 0.0, 0.0, 14.0, 4.0] , "tintindex": 0 },
                "up": { "texture": "#0", "uv": [ 0.0, 0.0, 0.10000000149011612, 14.0] , "tintindex": 0 },
                "down": { "texture": "#0", "uv": [ 0.0, 0.0, 0.10000000149011612, 14.0] , "tintindex": 0 }
            }
        },
        {
            "name": "Cube",
            "from": [ 22.0, 2.0, -6.0 ], 
            "to": [ 22.100000001490116, 6.0, -2.0 ], 
            "faces": {
                "north": { "texture": "#0", "uv": [ 0.0, 0.0, 0.10000000149011612, 2.0] , "tintindex": 0 },
                "east": { "texture": "#0", "uv": [ 0.0, 0.0, 14.0, 2.0] , "tintindex": 0 },
                "south": { "texture": "#0", "uv": [ 0.0, 0.0, 0.10000000149011612, 2.0] , "tintindex": 0 },
                "west": { "texture": "#0", "uv": [ 0.0, 0.0, 14.0, 4.0] , "tintindex": 0 },
                "up": { "texture": "#0", "uv": [ 0.0, 0.0, 0.10000000149011612, 14.0] , "tintindex": 0 },
                "down": { "texture": "#0", "uv": [ 0.0, 0.0, 0.10000000149011612, 14.0] , "tintindex": 0 }
            }
        },
        {
            "name": "Cube",
            "from": [ -6.100000001490116, 0.0, -2.0 ], 
            "to": [ -6.0, 4.0, 2.0 ], 
            "faces": {
                "north": { "texture": "#0", "uv": [ 0.0, 0.0, 0.10000000149011612, 2.0] , "tintindex": 0 },
                "east": { "texture": "#0", "uv": [ 0.0, 0.0, 14.0, 2.0] , "tintindex": 0 },
                "south": { "texture": "#0", "uv": [ 0.0, 0.0, 0.10000000149011612, 2.0] , "tintindex": 0 },
                "west": { "texture": "#0", "uv": [ 0.0, 0.0, 14.0, 4.0] , "tintindex": 0 },
                "up": { "texture": "#0", "uv": [ 0.0, 0.0, 0.10000000149011612, 14.0] , "tintindex": 0 },
                "down": { "texture": "#0", "uv": [ 0.0, 0.0, 0.10000000149011612, 14.0] , "tintindex": 0 }
            }
        },
        {
            "name": "Cube",
            "from": [ -6.100000001490116, 2.0, 2.0 ], 
            "to": [ -6.0, 6.0, 6.0 ], 
            "faces": {
                "north": { "texture": "#0", "uv": [ 0.0, 0.0, 0.10000000149011612, 2.0] , "tintindex": 0 },
                "east": { "texture": "#0", "uv": [ 0.0, 0.0, 14.0, 2.0] , "tintindex": 0 },
                "south": { "texture": "#0", "uv": [ 0.0, 0.0, 0.10000000149011612, 2.0] , "tintindex": 0 },
                "west": { "texture": "#0", "uv": [ 0.0, 0.0, 14.0, 4.0] , "tintindex": 0 },
                "up": { "texture": "#0", "uv": [ 0.0, 0.0, 0.10000000149011612, 14.0] , "tintindex": 0 },
                "down": { "texture": "#0", "uv": [ 0.0, 0.0, 0.10000000149011612, 14.0] , "tintindex": 0 }
            }
        },
        {
            "name": "Cube",
            "from": [ -6.100000001490116, 0.0, 6.0 ], 
            "to": [ -6.0, 4.0, 10.0 ], 
            "faces": {
                "north": { "texture": "#0", "uv": [ 0.0, 0.0, 0.10000000149011612, 2.0] , "tintindex": 0 },
                "east": { "texture": "#0", "uv": [ 0.0, 0.0, 14.0, 2.0] , "tintindex": 0 },
                "south": { "texture": "#0", "uv": [ 0.0, 0.0, 0.10000000149011612, 2.0] , "tintindex": 0 },
                "west": { "texture": "#0", "uv": [ 0.0, 0.0, 14.0, 4.0] , "tintindex": 0 },
                "up": { "texture": "#0", "uv": [ 0.0, 0.0, 0.10000000149011612, 14.0] , "tintindex": 0 },
                "down": { "texture": "#0", "uv": [ 0.0, 0.0, 0.10000000149011612, 14.0] , "tintindex": 0 }
            }
        },
        {
            "name": "Cube",
            "from": [ -6.100000001490116, 2.0, 10.0 ], 
            "to": [ -6.0, 6.0, 14.0 ], 
            "faces": {
                "north": { "texture": "#0", "uv": [ 0.0, 0.0, 0.10000000149011612, 2.0] , "tintindex": 0 },
                "east": { "texture": "#0", "uv": [ 0.0, 0.0, 14.0, 2.0] , "tintindex": 0 },
                "south": { "texture": "#0", "uv": [ 0.0, 0.0, 0.10000000149011612, 2.0] , "tintindex": 0 },
                "west": { "texture": "#0", "uv": [ 0.0, 0.0, 14.0, 4.0] , "tintindex": 0 },
                "up": { "texture": "#0", "uv": [ 0.0, 0.0, 0.10000000149011612, 14.0] , "tintindex": 0 },
                "down": { "texture": "#0", "uv": [ 0.0, 0.0, 0.10000000149011612, 14.0] , "tintindex": 0 }
            }
        },
        {
            "name": "Cube",
            "from": [ -6.100000001490116, 0.0, 14.0 ], 
            "to": [ -6.0, 4.0, 18.0 ], 
            "faces": {
                "north": { "texture": "#0", "uv": [ 0.0, 0.0, 0.10000000149011612, 2.0] , "tintindex": 0 },
                "east": { "texture": "#0", "uv": [ 0.0, 0.0, 14.0, 2.0] , "tintindex": 0 },
                "south": { "texture": "#0", "uv": [ 0.0, 0.0, 0.10000000149011612, 2.0] , "tintindex": 0 },
                "west": { "texture": "#0", "uv": [ 0.0, 0.0, 14.0, 4.0] , "tintindex": 0 },
                "up": { "texture": "#0", "uv": [ 0.0, 0.0, 0.10000000149011612, 14.0] , "tintindex": 0 },
                "down": { "texture": "#0", "uv": [ 0.0, 0.0, 0.10000000149011612, 14.0] , "tintindex": 0 }
            }
        },
        {
            "name": "Cube",
            "from": [ -6.100000001490116, 2.0, 18.0 ], 
            "to": [ -6.0, 6.0, 22.0 ], 
            "faces": {
                "north": { "texture": "#0", "uv": [ 0.0, 0.0, 0.10000000149011612, 2.0] , "tintindex": 0 },
                "east": { "texture": "#0", "uv": [ 0.0, 0.0, 14.0, 2.0] , "tintindex": 0 },
                "south": { "texture": "#0", "uv": [ 0.0, 0.0, 0.10000000149011612, 2.0] , "tintindex": 0 },
                "west": { "texture": "#0", "uv": [ 0.0, 0.0, 14.0, 4.0] , "tintindex": 0 },
                "up": { "texture": "#0", "uv": [ 0.0, 0.0, 0.10000000149011612, 14.0] , "tintindex": 0 },
                "down": { "texture": "#0", "uv": [ 0.0, 0.0, 0.10000000149011612, 14.0] , "tintindex": 0 }
            }
        }
    ],
    "display": {
        "head": {
            "rotation": [-30,0,0],
            "translation": [0,-18.5, -14],
            "scale": [3,3,3]
        },
        "thirdperson_righthand": {
            "rotation": [90,0,0],
            "translation": [-5.9,9,8.5],
            "scale": [1.89,1.89,1.89]
        },
        "thirdperson_lefthand": {
            "rotation": [90,0,0],
            "translation": [-6.1,9,8.5],
            "scale": [1.895,1.895,1.895]
        }
    }
}