{
    "providers": [
		{"type": "bitmap", "file": "minecraft:font/character/exclamation.png", "ascent": 6.5, "height": 6.5, "chars": ["\u0021"]},
		{"type": "bitmap", "file": "minecraft:font/character/double_quotes.png", "ascent": 6.5, "height": 6.5, "chars": ["\""]},
		{"type": "bitmap", "file": "minecraft:font/character/hashtag.png", "ascent": 6.5, "height": 6.5, "chars": ["\u0023"]},
		{"type": "bitmap", "file": "minecraft:font/character/money.png", "ascent": 6.5, "height": 6.5, "chars": ["\u0024"]},
		{"type": "bitmap", "file": "minecraft:font/character/percent.png", "ascent": 6.5, "height": 6.5, "chars": ["\u0025"]},
		{"type": "bitmap", "file": "minecraft:font/character/and.png", "ascent": 6.5, "height": 6.5, "chars": ["\u0026"]},
		{"type": "bitmap", "file": "minecraft:font/character/quotes.png", "ascent": 6.5, "height": 6.5, "chars": ["\u0027"]},
		{"type": "bitmap", "file": "minecraft:font/character/bracket_1.png", "ascent": 6.75, "height": 8.5, "chars": ["\u0028"]},
		{"type": "bitmap", "file": "minecraft:font/character/bracket_2.png", "ascent": 6.75, "height": 8.5, "chars": ["\u0029"]},
		{"type": "bitmap", "file": "minecraft:font/character/multiply.png", "ascent": 6.5, "height": 6.5, "chars": ["\u002a"]},
		{"type": "bitmap", "file": "minecraft:font/character/plus.png", "ascent": 6.5, "height": 6.5, "chars": ["\u002b"]},
		{"type": "bitmap", "file": "minecraft:font/character/comma.png", "ascent": 6.5, "height": 7.5, "chars": ["\u002c"]},
		{"type": "bitmap", "file": "minecraft:font/character/minus.png", "ascent": 6.5, "height": 6.5, "chars": ["\u002d"]},
		{"type": "bitmap", "file": "minecraft:font/character/point.png", "ascent": 6.5, "height": 6.5, "chars": ["\u002e"]},
		{"type": "bitmap", "file": "minecraft:font/character/slash.png", "ascent": 6.5, "height": 6.5, "chars": ["\u002f"]},
		
		{"type": "bitmap", "file": "minecraft:font/character/0.png", "ascent": 6.5, "height": 6.5, "chars": ["\u0030"]},
		{"type": "bitmap", "file": "minecraft:font/character/1.png", "ascent": 6.5, "height": 6.5, "chars": ["\u0031"]},
		{"type": "bitmap", "file": "minecraft:font/character/2.png", "ascent": 6.5, "height": 6.5, "chars": ["\u0032"]},
		{"type": "bitmap", "file": "minecraft:font/character/3.png", "ascent": 6.5, "height": 6.5, "chars": ["\u0033"]},
		{"type": "bitmap", "file": "minecraft:font/character/4.png", "ascent": 6.5, "height": 6.5, "chars": ["\u0034"]},
		{"type": "bitmap", "file": "minecraft:font/character/5.png", "ascent": 6.5, "height": 6.5, "chars": ["\u0035"]},
		{"type": "bitmap", "file": "minecraft:font/character/6.png", "ascent": 6.5, "height": 6.5, "chars": ["\u0036"]},
		{"type": "bitmap", "file": "minecraft:font/character/7.png", "ascent": 6.5, "height": 6.5, "chars": ["\u0037"]},
		{"type": "bitmap", "file": "minecraft:font/character/8.png", "ascent": 6.5, "height": 6.5, "chars": ["\u0038"]},
		{"type": "bitmap", "file": "minecraft:font/character/9.png", "ascent": 6.5, "height": 6.5, "chars": ["\u0039"]},
		{"type": "bitmap", "file": "minecraft:font/character/colon.png", "ascent": 6.5, "height": 6.5, "chars": ["\u003a"]},
		{"type": "bitmap", "file": "minecraft:font/character/semicolon.png", "ascent": 6.5, "height": 7.5, "chars": ["\u003b"]},
		{"type": "bitmap", "file": "minecraft:font/character/less.png", "ascent": 6.5, "height": 6.5, "chars": ["\u003c"]},
		{"type": "bitmap", "file": "minecraft:font/character/equal.png", "ascent": 6.5, "height": 6.5, "chars": ["\u003d"]},
		{"type": "bitmap", "file": "minecraft:font/character/more.png", "ascent": 6.5, "height": 6.5, "chars": ["\u003e"]},
		{"type": "bitmap", "file": "minecraft:font/character/question.png", "ascent": 6.5, "height": 6.5, "chars": ["\u003f"]},
		
		{"type": "bitmap", "file": "minecraft:font/character/at.png", "ascent": 6.5, "height": 6.5, "chars": ["\u0040"]},
		{"type": "bitmap", "file": "minecraft:font/character/capital_a.png", "ascent": 6.5, "height": 6.5, "chars": ["\u0041"]},
		{"type": "bitmap", "file": "minecraft:font/character/capital_b.png", "ascent": 6.5, "height": 6.5, "chars": ["\u0042"]},
		{"type": "bitmap", "file": "minecraft:font/character/capital_c.png", "ascent": 6.5, "height": 6.5, "chars": ["\u0043"]},
		{"type": "bitmap", "file": "minecraft:font/character/capital_d.png", "ascent": 6.5, "height": 6.5, "chars": ["\u0044"]},
		{"type": "bitmap", "file": "minecraft:font/character/capital_e.png", "ascent": 6.5, "height": 6.5, "chars": ["\u0045"]},
		{"type": "bitmap", "file": "minecraft:font/character/capital_f.png", "ascent": 6.5, "height": 6.5, "chars": ["\u0046"]},
		{"type": "bitmap", "file": "minecraft:font/character/capital_g.png", "ascent": 6.5, "height": 6.5, "chars": ["\u0047"]},
		{"type": "bitmap", "file": "minecraft:font/character/capital_h.png", "ascent": 6.5, "height": 6.5, "chars": ["\u0048"]},
		{"type": "bitmap", "file": "minecraft:font/character/capital_i.png", "ascent": 6.5, "height": 6.5, "chars": ["\u0049"]},
		{"type": "bitmap", "file": "minecraft:font/character/capital_j.png", "ascent": 6.5, "height": 6.5, "chars": ["\u004a"]},
		{"type": "bitmap", "file": "minecraft:font/character/capital_k.png", "ascent": 6.5, "height": 6.5, "chars": ["\u004b"]},
		{"type": "bitmap", "file": "minecraft:font/character/capital_l.png", "ascent": 6.5, "height": 6.5, "chars": ["\u004c"]},
		{"type": "bitmap", "file": "minecraft:font/character/capital_m.png", "ascent": 6.5, "height": 6.5, "chars": ["\u004d"]},
		{"type": "bitmap", "file": "minecraft:font/character/capital_n.png", "ascent": 6.5, "height": 6.5, "chars": ["\u004e"]},
		{"type": "bitmap", "file": "minecraft:font/character/capital_o.png", "ascent": 6.5, "height": 6.5, "chars": ["\u004f"]},
		{"type": "bitmap", "file": "minecraft:font/character/capital_p.png", "ascent": 6.5, "height": 6.5, "chars": ["\u0050"]},
		{"type": "bitmap", "file": "minecraft:font/character/capital_q.png", "ascent": 6.5, "height": 7.5, "chars": ["\u0051"]},
		{"type": "bitmap", "file": "minecraft:font/character/capital_r.png", "ascent": 6.5, "height": 6.5, "chars": ["\u0052"]},
		{"type": "bitmap", "file": "minecraft:font/character/capital_s.png", "ascent": 6.5, "height": 6.5, "chars": ["\u0053"]},
		{"type": "bitmap", "file": "minecraft:font/character/capital_t.png", "ascent": 6.5, "height": 6.5, "chars": ["\u0054"]},
		{"type": "bitmap", "file": "minecraft:font/character/capital_u.png", "ascent": 6.5, "height": 6.5, "chars": ["\u0055"]},
		{"type": "bitmap", "file": "minecraft:font/character/capital_v.png", "ascent": 6.5, "height": 6.5, "chars": ["\u0056"]},
		{"type": "bitmap", "file": "minecraft:font/character/capital_w.png", "ascent": 6.5, "height": 6.5, "chars": ["\u0057"]},
		{"type": "bitmap", "file": "minecraft:font/character/capital_x.png", "ascent": 6.5, "height": 6.5, "chars": ["\u0058"]},
		{"type": "bitmap", "file": "minecraft:font/character/capital_y.png", "ascent": 6.5, "height": 6.5, "chars": ["\u0059"]},
		{"type": "bitmap", "file": "minecraft:font/character/capital_z.png", "ascent": 6.5, "height": 6.5, "chars": ["\u005a"]},
		{"type": "bitmap", "file": "minecraft:font/character/square_bracket_1.png", "ascent": 6.5, "height": 7.5, "chars": ["\u005b"]},
		{"type": "bitmap", "file": "minecraft:font/character/backslash.png", "ascent": 6.5, "height": 6.5, "chars": ["\\"]},
		{"type": "bitmap", "file": "minecraft:font/character/square_bracket_2.png", "ascent": 6.5, "height": 7.5, "chars": ["\u005d"]},
		{"type": "bitmap", "file": "minecraft:font/character/mark_1.png", "ascent": 6.5, "height": 6.5, "chars": ["\u005e"]},
		{"type": "bitmap", "file": "minecraft:font/character/mark_2.png", "ascent": 6.5, "height": 7.5, "chars": ["\u005f"]},
		
		{"type": "bitmap", "file": "minecraft:font/character/a.png", "ascent": 6.5, "height": 6.5, "chars": ["\u0061"]},
		{"type": "bitmap", "file": "minecraft:font/character/b.png", "ascent": 6.5, "height": 6.5, "chars": ["\u0062"]},
		{"type": "bitmap", "file": "minecraft:font/character/c.png", "ascent": 6.5, "height": 6.5, "chars": ["\u0063"]},
		{"type": "bitmap", "file": "minecraft:font/character/d.png", "ascent": 6.5, "height": 6.5, "chars": ["\u0064"]},
		{"type": "bitmap", "file": "minecraft:font/character/e.png", "ascent": 6.5, "height": 6.5, "chars": ["\u0065"]},
		{"type": "bitmap", "file": "minecraft:font/character/f.png", "ascent": 6.5, "height": 6.5, "chars": ["\u0066"]},
		{"type": "bitmap", "file": "minecraft:font/character/g.png", "ascent": 6.5, "height": 7.5, "chars": ["\u0067"]},
		{"type": "bitmap", "file": "minecraft:font/character/h.png", "ascent": 6.5, "height": 6.5, "chars": ["\u0068"]},
		{"type": "bitmap", "file": "minecraft:font/character/i.png", "ascent": 6.5, "height": 6.5, "chars": ["\u0069"]},
		{"type": "bitmap", "file": "minecraft:font/character/j.png", "ascent": 6.5, "height": 7.5, "chars": ["\u006a"]},
		{"type": "bitmap", "file": "minecraft:font/character/k.png", "ascent": 6.5, "height": 6.5, "chars": ["\u006b"]},
		{"type": "bitmap", "file": "minecraft:font/character/l.png", "ascent": 6.5, "height": 6.5, "chars": ["\u006c"]},
		{"type": "bitmap", "file": "minecraft:font/character/m.png", "ascent": 6.5, "height": 6.5, "chars": ["\u006d"]},
		{"type": "bitmap", "file": "minecraft:font/character/n.png", "ascent": 6.5, "height": 6.5, "chars": ["\u006e"]},
		{"type": "bitmap", "file": "minecraft:font/character/o.png", "ascent": 6.5, "height": 6.5, "chars": ["\u006f"]},
		{"type": "bitmap", "file": "minecraft:font/character/p.png", "ascent": 6.5, "height": 7.5, "chars": ["\u0070"]},
		{"type": "bitmap", "file": "minecraft:font/character/q.png", "ascent": 6.5, "height": 7.5, "chars": ["\u0071"]},
		{"type": "bitmap", "file": "minecraft:font/character/r.png", "ascent": 6.5, "height": 6.5, "chars": ["\u0072"]},
		{"type": "bitmap", "file": "minecraft:font/character/s.png", "ascent": 6.5, "height": 6.5, "chars": ["\u0073"]},
		{"type": "bitmap", "file": "minecraft:font/character/t.png", "ascent": 6.5, "height": 6.5, "chars": ["\u0074"]},
		{"type": "bitmap", "file": "minecraft:font/character/u.png", "ascent": 6.5, "height": 6.5, "chars": ["\u0075"]},
		{"type": "bitmap", "file": "minecraft:font/character/v.png", "ascent": 6.5, "height": 6.5, "chars": ["\u0076"]},
		{"type": "bitmap", "file": "minecraft:font/character/w.png", "ascent": 6.5, "height": 6.5, "chars": ["\u0077"]},
		{"type": "bitmap", "file": "minecraft:font/character/x.png", "ascent": 6.5, "height": 6.5, "chars": ["\u0078"]},
		{"type": "bitmap", "file": "minecraft:font/character/y.png", "ascent": 6.5, "height": 7.5, "chars": ["\u0079"]},
		{"type": "bitmap", "file": "minecraft:font/character/z.png", "ascent": 6.5, "height": 6.5, "chars": ["\u007a"]},
		{"type": "bitmap", "file": "minecraft:font/character/big_bracket_1.png", "ascent": 6.75, "height": 8.5, "chars": ["\u007b"]},
		{"type": "bitmap", "file": "minecraft:font/character/vertical_bar.png", "ascent": 6.5, "height": 8.5, "chars": ["\u007c"]},
		{"type": "bitmap", "file": "minecraft:font/character/big_bracket_2.png", "ascent": 6.75, "height": 8.5, "chars": ["\u007d"]},
		{"type": "bitmap", "file": "minecraft:font/character/tilde.png", "ascent": 6.5, "height": 6.5, "chars": ["\u007e"]},
		
		
		{
			"type": "bitmap",
			"file": "minecraft:img/controls.png",
			"ascent": 140,
			"height": 140,
			"chars": ["\ue001"]
        },
		{
			"type": "bitmap",
			"file": "minecraft:img/controls_2.png",
			"ascent": 140,
			"height": 140,
			"chars": ["\ue002"]
        },
		{
			"type": "bitmap",
			"file": "minecraft:img/upgrade.png",
			"ascent": 140,
			"height": 140,
			"chars": ["\ue003"]
        },
		{
			"type": "bitmap",
			"file": "minecraft:img/skillpoints.png",
			"ascent": 140,
			"height": 140,
			"chars": ["\ue004"]
        },
		{
			"type": "bitmap",
			"file": "minecraft:img/manabar.png",
			"ascent": 140,
			"height": 140,
			"chars": ["\ue005"]
        },

		{
			"type": "bitmap",
			"file": "minecraft:img/click.png",
			"ascent": 7,
			"height": 9,
			"chars": ["\ue051"]
        },
		{
			"type": "bitmap",
			"file": "minecraft:img/shift_click.png",
			"ascent": 7,
			"height": 9,
			"chars": ["\ue052"]
        },
		{
			"type": "bitmap",
			"file": "minecraft:img/hold_shift_click.png",
			"ascent": 7,
			"height": 9,
			"chars": ["\ue053"]
        },
		{
			"type": "bitmap",
			"file": "minecraft:img/f_button.png",
			"ascent": 7,
			"height": 9,
			"chars": ["\ue054"]
        },
		{
			"type": "bitmap",
			"file": "minecraft:img/q_button.png",
			"ascent": 7,
			"height": 9,
			"chars": ["\ue055"]
        },
		{
			"type": "bitmap",
			"file": "minecraft:img/click_withoutspace.png",
			"ascent": 7,
			"height": 9,
			"chars": ["\ue056"]
        },
		{
			"type": "bitmap",
			"file": "minecraft:img/shift_click_withoutspace.png",
			"ascent": 7,
			"height": 9,
			"chars": ["\ue057"]
        },
		{
			"type": "bitmap",
			"file": "minecraft:img/hold_shift_click_withoutspace.png",
			"ascent": 7,
			"height": 9,
			"chars": ["\ue058"]
        },
		{
			"type": "bitmap",
			"file": "minecraft:img/f_button_withoutspace.png",
			"ascent": 7,
			"height": 9,
			"chars": ["\ue059"]
        },
		{
			"type": "bitmap",
			"file": "minecraft:img/q_button_withoutspace.png",
			"ascent": 7,
			"height": 9,
			"chars": ["\ue05a"]
        },
		
		
		
		{
			"type": "bitmap",
			"file": "minecraft:img/redteam.png",
			"ascent": 7,
			"height": 8,
			"chars": ["\ue101"]
        },
		{
			"type": "bitmap",
			"file": "minecraft:img/yellowteam.png",
			"ascent": 7,
			"height": 8,
			"chars": ["\ue102"]
        },
		{
			"type": "bitmap",
			"file": "minecraft:img/blueteam.png",
			"ascent": 7,
			"height": 8,
			"chars": ["\ue103"]
        },
		{
			"type": "bitmap",
			"file": "minecraft:img/greenteam.png",
			"ascent": 7,
			"height": 8,
			"chars": ["\ue104"]
        },
		
		
		{
			"type": "bitmap",
			"file": "minecraft:img/buff/empty.png",
			"ascent": 7,
			"height": 8,
			"chars": ["\ue20f"]
        },
		{
			"type": "bitmap",
			"file": "minecraft:img/buff/mana_potion.png",
			"ascent": 7,
			"height": 8,
			"chars": ["\ue201"]
        },
		{
			"type": "bitmap",
			"file": "minecraft:img/buff/speed_potion.png",
			"ascent": 7,
			"height": 8,
			"chars": ["\ue202"]
        },
		{
			"type": "bitmap",
			"file": "minecraft:img/buff/health_potion.png",
			"ascent": 7,
			"height": 8,
			"chars": ["\ue203"]
        },
		{
			"type": "bitmap",
			"file": "minecraft:img/buff/absorption_potion.png",
			"ascent": 7,
			"height": 8,
			"chars": ["\ue204"]
        },
		{
			"type": "bitmap",
			"file": "minecraft:img/buff/cooldown_potion.png",
			"ascent": 7,
			"height": 8,
			"chars": ["\ue205"]
        },
		{
			"type": "bitmap",
			"file": "minecraft:img/buff/boost_potion.png",
			"ascent": 7,
			"height": 8,
			"chars": ["\ue206"]
        },
		
		
		{
			"type": "bitmap",
			"file": "minecraft:img/buff/frostbuff_100.png",
			"ascent": 7,
			"height": 8,
			"chars": ["\ue300"]
        },
		{
			"type": "bitmap",
			"file": "minecraft:img/buff/frostbuff_75.png",
			"ascent": 7,
			"height": 8,
			"chars": ["\ue301"]
        },
		{
			"type": "bitmap",
			"file": "minecraft:img/buff/frostbuff_50.png",
			"ascent": 7,
			"height": 8,
			"chars": ["\ue302"]
        },
		{
			"type": "bitmap",
			"file": "minecraft:img/buff/frostbuff_25.png",
			"ascent": 7,
			"height": 8,
			"chars": ["\ue303"]
        },
		{
			"type": "bitmap",
			"file": "minecraft:img/buff/blazebuff_100.png",
			"ascent": 7,
			"height": 8,
			"chars": ["\ue304"]
        },
		{
			"type": "bitmap",
			"file": "minecraft:img/buff/blazebuff_75.png",
			"ascent": 7,
			"height": 8,
			"chars": ["\ue305"]
        },
		{
			"type": "bitmap",
			"file": "minecraft:img/buff/blazebuff_50.png",
			"ascent": 7,
			"height": 8,
			"chars": ["\ue306"]
        },
		{
			"type": "bitmap",
			"file": "minecraft:img/buff/blazebuff_25.png",
			"ascent": 7,
			"height": 8,
			"chars": ["\ue307"]
        },
		{
			"type": "bitmap",
			"file": "minecraft:img/buff/thunderbuff_100.png",
			"ascent": 7,
			"height": 8,
			"chars": ["\ue308"]
        },
		{
			"type": "bitmap",
			"file": "minecraft:img/buff/thunderbuff_75.png",
			"ascent": 7,
			"height": 8,
			"chars": ["\ue309"]
        },
		{
			"type": "bitmap",
			"file": "minecraft:img/buff/thunderbuff_50.png",
			"ascent": 7,
			"height": 8,
			"chars": ["\ue30a"]
        },
		{
			"type": "bitmap",
			"file": "minecraft:img/buff/thunderbuff_25.png",
			"ascent": 7,
			"height": 8,
			"chars": ["\ue30b"]
        },
		{
			"type": "bitmap",
			"file": "minecraft:img/buff/shadowbuff_100.png",
			"ascent": 7,
			"height": 8,
			"chars": ["\ue30c"]
        },
		{
			"type": "bitmap",
			"file": "minecraft:img/buff/shadowbuff_75.png",
			"ascent": 7,
			"height": 8,
			"chars": ["\ue30d"]
        },
		{
			"type": "bitmap",
			"file": "minecraft:img/buff/shadowbuff_50.png",
			"ascent": 7,
			"height": 8,
			"chars": ["\ue30e"]
        },
		{
			"type": "bitmap",
			"file": "minecraft:img/buff/shadowbuff_25.png",
			"ascent": 7,
			"height": 8,
			"chars": ["\ue30f"]
        },
		{
			"type": "bitmap",
			"file": "minecraft:img/buff/chaosbuff_100.png",
			"ascent": 7,
			"height": 8,
			"chars": ["\ue310"]
        },
		{
			"type": "bitmap",
			"file": "minecraft:img/buff/chaosbuff_75.png",
			"ascent": 7,
			"height": 8,
			"chars": ["\ue311"]
        },
		{
			"type": "bitmap",
			"file": "minecraft:img/buff/chaosbuff_50.png",
			"ascent": 7,
			"height": 8,
			"chars": ["\ue312"]
        },
		{
			"type": "bitmap",
			"file": "minecraft:img/buff/chaosbuff_25.png",
			"ascent": 7,
			"height": 8,
			"chars": ["\ue313"]
        },
		{
			"type": "bitmap",
			"file": "minecraft:img/buff/magicite_block_100.png",
			"ascent": 7,
			"height": 8,
			"chars": ["\ue314"]
        },
		{
			"type": "bitmap",
			"file": "minecraft:img/buff/magicite_block_gray_100.png",
			"ascent": 7,
			"height": 8,
			"chars": ["\ue315"]
        },
		{
			"type": "bitmap",
			"file": "minecraft:img/buff/magicite_block_75.png",
			"ascent": 7,
			"height": 8,
			"chars": ["\ue316"]
        },
		{
			"type": "bitmap",
			"file": "minecraft:img/buff/magicite_block_50.png",
			"ascent": 7,
			"height": 8,
			"chars": ["\ue317"]
        },
		{
			"type": "bitmap",
			"file": "minecraft:img/buff/magicite_block_25.png",
			"ascent": 7,
			"height": 8,
			"chars": ["\ue318"]
        }
	]
}