{
    "__comment": "Model generated using MrCrayfish's Model Creator (http://mrcrayfish.com/modelcreator/)",
    "textures": {
        "0": "items/fireworks",
        "1": "blocks/coal_block",
        "2": "blocks/hardened_clay_stained_orange"
    },
    "elements": [
        {
            "name": "Cube",
            "from": [ 6.0, 3.0, 6.0 ], 
            "to": [ 10.0, 15.0, 10.0 ], 
            "faces": {
                "north": { "texture": "#0", "uv": [ 7.0, 5.0, 10.0, 13.0 ] },
                "east": { "texture": "#0", "uv": [ 7.0, 5.0, 10.0, 13.0 ] },
                "south": { "texture": "#0", "uv": [ 7.0, 5.0, 10.0, 13.0 ] },
                "west": { "texture": "#0", "uv": [ 7.0, 5.0, 10.0, 13.0 ] },
                "up": { "texture": "#2", "uv": [ 0.0, 0.0, 4.0, 4.0 ] },
                "down": { "texture": "#1", "uv": [ 4.0, 4.0, 8.0, 8.0 ] }
            }
        },
        {
            "name": "Cube",
            "from": [ 5.0, 15.0, 5.0 ], 
            "to": [ 11.0, 16.0, 11.0 ], 
            "faces": {
                "north": { "texture": "#2", "uv": [ 0.0, 0.0, 6.0, 1.0 ] },
                "east": { "texture": "#2", "uv": [ 0.0, 0.0, 6.0, 1.0 ] },
                "south": { "texture": "#2", "uv": [ 0.0, 0.0, 3.0, 1.0 ] },
                "west": { "texture": "#2", "uv": [ 0.0, 0.0, 3.0, 1.0 ] },
                "up": { "texture": "#2", "uv": [ 0.0, 0.0, 3.0, 3.0 ] },
                "down": { "texture": "#2", "uv": [ 0.0, 0.0, 3.0, 3.0 ] }
            }
        },
        {
            "name": "Cube",
            "from": [ 6.0, 16.0, 6.0 ], 
            "to": [ 10.0, 17.0, 10.0 ], 
            "faces": {
                "north": { "texture": "#2", "uv": [ 0.0, 0.0, 4.0, 1.0 ] },
                "east": { "texture": "#2", "uv": [ 0.0, 0.0, 4.0, 1.0 ] },
                "south": { "texture": "#2", "uv": [ 0.0, 0.0, 3.0, 1.0 ] },
                "west": { "texture": "#2", "uv": [ 0.0, 0.0, 3.0, 1.0 ] },
                "up": { "texture": "#2", "uv": [ 0.0, 0.0, 3.0, 3.0 ] },
                "down": { "texture": "#2", "uv": [ 0.0, 0.0, 3.0, 3.0 ] }
            }
        },
        {
            "name": "Cube",
            "from": [ 7.0, 17.0, 7.0 ], 
            "to": [ 9.0, 18.0, 9.0 ], 
            "faces": {
                "north": { "texture": "#2", "uv": [ 0.0, 0.0, 2.0, 1.0 ] },
                "east": { "texture": "#2", "uv": [ 0.0, 0.0, 2.0, 1.0 ] },
                "south": { "texture": "#2", "uv": [ 0.0, 0.0, 3.0, 1.0 ] },
                "west": { "texture": "#2", "uv": [ 0.0, 0.0, 3.0, 1.0 ] },
                "up": { "texture": "#2", "uv": [ 0.0, 0.0, 3.0, 3.0 ] },
                "down": { "texture": "#2", "uv": [ 0.0, 0.0, 3.0, 3.0 ] }
            }
        }
    ]
}