{
	"parent": "item/handheld",
	"textures": {
		"layer0": "items/iron_sword"
	},
	"overrides": [
		{ "predicate": {"damaged": 0, "damage": 0.00398406374501992}, "model": "box/1"},
		{ "predicate": {"damaged": 0, "damage": 0.00796812749003984}, "model": "box/2"},
		{ "predicate": {"damaged": 0, "damage": 0.01195219123505976}, "model": "box/3"},
		{ "predicate": {"damaged": 0, "damage": 0.01593625498007968}, "model": "box/4"},
		{ "predicate": {"damaged": 1, "damage": 0}, "model": "item/iron_sword"}
	]
}