{
    "__comment": "Model generated using MrCrayfish's Model Creator (http://mrcrayfish.com/modelcreator/)",
    "textures": {
        "particle": "blocks/concrete_red",
        "0": "blocks/concrete_red",
        "1": "blocks/concrete_powder_white",
        "2": "blocks/coal_block",
        "3": "blocks/quartz_block_top"
    },
    "elements": [
        {
            "name": "Cube",
            "from": [ 7.0, 2.0, 6.2 ], 
            "to": [ 9.0, 12.0, 7.2 ], 
            "faces": {
                "north": { "texture": "#0", "uv": [ 0.0, 0.0, 2.0, 10.0 ] },
                "east": { "texture": "#0", "uv": [ 2.0, 0.0, 3.0, 10.0 ] },
                "south": { "texture": "#0", "uv": [ 4.0, 0.0, 6.0, 10.0 ] },
                "west": { "texture": "#0", "uv": [ 8.0, 0.0, 6.0, 10.0 ] },
                "up": { "texture": "#0", "uv": [ 0.0, 0.0, 2.0, 1.0 ] },
                "down": { "texture": "#0", "uv": [ 0.0, 2.0, 2.0, 3.0 ] }
            }
        },
        {
            "name": "Cube",
            "from": [ 6.2, 2.0, 7.0 ], 
            "to": [ 7.2, 12.0, 9.0 ], 
            "faces": {
                "north": { "texture": "#0", "uv": [ 0.0, 0.0, 1.0, 10.0 ] },
                "east": { "texture": "#0", "uv": [ 2.0, 0.0, 4.0, 10.0 ] },
                "south": { "texture": "#0", "uv": [ 4.0, 0.0, 5.0, 10.0 ] },
                "west": { "texture": "#0", "uv": [ 8.0, 0.0, 6.0, 10.0 ] },
                "up": { "texture": "#0", "uv": [ 0.0, 0.0, 1.0, 2.0 ] },
                "down": { "texture": "#0", "uv": [ 0.0, 2.0, 1.0, 4.0 ] }
            }
        },
        {
            "name": "Cube",
            "from": [ 8.8, 2.0, 7.0 ], 
            "to": [ 9.8, 12.0, 9.0 ], 
            "faces": {
                "north": { "texture": "#0", "uv": [ 0.0, 0.0, 1.0, 10.0 ] },
                "east": { "texture": "#0", "uv": [ 2.0, 0.0, 4.0, 10.0 ] },
                "south": { "texture": "#0", "uv": [ 4.0, 0.0, 5.0, 10.0 ] },
                "west": { "texture": "#0", "uv": [ 8.0, 0.0, 6.0, 10.0 ] },
                "up": { "texture": "#0", "uv": [ 0.0, 0.0, 1.0, 2.0 ] },
                "down": { "texture": "#0", "uv": [ 0.0, 2.0, 1.0, 4.0 ] }
            }
        },
        {
            "name": "Cube",
            "from": [ 7.0, 2.0, 8.8 ], 
            "to": [ 9.0, 12.0, 9.8 ], 
            "faces": {
                "north": { "texture": "#0", "uv": [ 0.0, 0.0, 2.0, 10.0 ] },
                "east": { "texture": "#0", "uv": [ 2.0, 0.0, 3.0, 10.0 ] },
                "south": { "texture": "#0", "uv": [ 4.0, 0.0, 6.0, 10.0 ] },
                "west": { "texture": "#0", "uv": [ 8.0, 0.0, 6.0, 10.0 ] },
                "up": { "texture": "#0", "uv": [ 0.0, 0.0, 2.0, 1.0 ] },
                "down": { "texture": "#0", "uv": [ 0.0, 2.0, 2.0, 3.0 ] }
            }
        },
        {
            "name": "Cube",
            "from": [ 7.0, 2.5, 7.0 ], 
            "to": [ 9.0, 11.5, 9.0 ], 
            "faces": {
                "north": { "texture": "#0", "uv": [ 0.0, 0.0, 2.0, 9.0 ] },
                "east": { "texture": "#0", "uv": [ 0.0, 0.0, 2.0, 9.0 ] },
                "south": { "texture": "#0", "uv": [ 0.0, 0.0, 2.0, 9.0 ] },
                "west": { "texture": "#0", "uv": [ 0.0, 0.0, 2.0, 9.0 ] },
                "up": { "texture": "#1", "uv": [ 6.0, 8.0, 10.0, 12.0 ] },
                "down": { "texture": "#1", "uv": [ 4.0, 5.0, 8.0, 9.0 ] }
            }
        },
        {
            "name": "Cube",
            "from": [ 7.7, 11.5, 7.3 ], 
            "to": [ 8.7, 13.5, 8.3 ], 
            "faces": {
                "north": { "texture": "#2", "uv": [ 0.0, 0.0, 1.0, 2.0 ] },
                "east": { "texture": "#2", "uv": [ 0.0, 0.0, 1.0, 2.0 ] },
                "south": { "texture": "#2", "uv": [ 0.0, 0.0, 1.0, 2.0 ] },
                "west": { "texture": "#2", "uv": [ 0.0, 0.0, 1.0, 2.0 ] },
                "up": { "texture": "#2", "uv": [ 0.0, 0.0, 1.0, 1.0 ] },
                "down": { "texture": "#2", "uv": [ 0.0, 0.0, 1.0, 1.0 ] }
            }
        },
        {
            "name": "Cube",
            "from": [ 8.5, 13.3, 7.0 ], 
            "to": [ 9.5, 14.3, 8.0 ], 
            "faces": {
                "north": { "texture": "#2", "uv": [ 0.0, 0.0, 1.0, 1.0 ] },
                "east": { "texture": "#2", "uv": [ 0.0, 0.0, 1.0, 1.0 ] },
                "south": { "texture": "#2", "uv": [ 0.0, 0.0, 1.0, 1.0 ] },
                "west": { "texture": "#2", "uv": [ 0.0, 0.0, 1.0, 1.0 ] },
                "up": { "texture": "#2", "uv": [ 0.0, 0.0, 1.0, 1.0 ] },
                "down": { "texture": "#2", "uv": [ 0.0, 0.0, 1.0, 1.0 ] }
            }
        },
        {
            "name": "Cube",
            "from": [ 9.2, 14.0, 6.4 ], 
            "to": [ 11.2, 15.0, 7.4 ], 
            "faces": {
                "north": { "texture": "#2", "uv": [ 0.0, 0.0, 2.0, 1.0 ] },
                "east": { "texture": "#2", "uv": [ 0.0, 0.0, 1.0, 1.0 ] },
                "south": { "texture": "#2", "uv": [ 0.0, 0.0, 2.0, 1.0 ] },
                "west": { "texture": "#2", "uv": [ 0.0, 0.0, 1.0, 1.0 ] },
                "up": { "texture": "#2", "uv": [ 0.0, 0.0, 2.0, 1.0 ] },
                "down": { "texture": "#2", "uv": [ 0.0, 0.0, 2.0, 1.0 ] }
            }
        },
        {
            "name": "Cube",
            "from": [ 11.0, 13.3, 6.0 ], 
            "to": [ 12.0, 14.3, 7.0 ], 
            "faces": {
                "north": { "texture": "#2", "uv": [ 0.0, 0.0, 1.0, 1.0 ] },
                "east": { "texture": "#2", "uv": [ 0.0, 0.0, 1.0, 1.0 ] },
                "south": { "texture": "#2", "uv": [ 0.0, 0.0, 1.0, 1.0 ] },
                "west": { "texture": "#2", "uv": [ 0.0, 0.0, 1.0, 1.0 ] },
                "up": { "texture": "#2", "uv": [ 0.0, 0.0, 1.0, 1.0 ] },
                "down": { "texture": "#2", "uv": [ 0.0, 0.0, 1.0, 1.0 ] }
            }
        },
        {
            "name": "Cube",
            "from": [ 6.9, 6.5, 6.0 ], 
            "to": [ 9.100000000000001, 8.5, 7.1 ], 
            "faces": {
                "north": { "texture": "#3", "uv": [ 9.0, 5.0, 11.2, 7.0 ] },
                "east": { "texture": "#3", "uv": [ 2.0, 4.0, 3.1, 6.0 ] },
                "south": { "texture": "#3", "uv": [ 3.0, 11.0, 5.2, 13.0 ] },
                "west": { "texture": "#3", "uv": [ 9.0, 9.0, 10.1, 11.0 ] },
                "up": { "texture": "#3", "uv": [ 8.0, 6.0, 10.2, 7.1 ] },
                "down": { "texture": "#3", "uv": [ 3.0, 11.0, 5.2, 12.1 ] }
            }
        },
        {
            "name": "Cube",
            "from": [ 6.9, 6.5, 9.0 ], 
            "to": [ 9.100000000000001, 8.5, 10.1 ], 
            "faces": {
                "north": { "texture": "#3", "uv": [ 9.0, 5.0, 11.2, 7.0 ] },
                "east": { "texture": "#3", "uv": [ 2.0, 4.0, 3.1, 6.0 ] },
                "south": { "texture": "#3", "uv": [ 3.0, 11.0, 5.2, 13.0 ] },
                "west": { "texture": "#3", "uv": [ 9.0, 9.0, 10.1, 11.0 ] },
                "up": { "texture": "#3", "uv": [ 8.0, 6.0, 10.2, 7.1 ] },
                "down": { "texture": "#3", "uv": [ 3.0, 11.0, 5.2, 12.1 ] }
            }
        },
        {
            "name": "Cube",
            "from": [ 6.0, 6.5, 6.9 ], 
            "to": [ 7.1, 8.5, 9.100000000000001 ], 
            "faces": {
                "north": { "texture": "#3", "uv": [ 9.0, 5.0, 10.1, 7.0 ] },
                "east": { "texture": "#3", "uv": [ 2.0, 4.0, 4.2, 6.0 ] },
                "south": { "texture": "#3", "uv": [ 3.0, 11.0, 4.1, 13.0 ] },
                "west": { "texture": "#3", "uv": [ 9.0, 9.0, 11.2, 11.0 ] },
                "up": { "texture": "#3", "uv": [ 8.0, 6.0, 10.2, 7.1 ] },
                "down": { "texture": "#3", "uv": [ 3.0, 11.0, 4.1, 13.2 ] }
            }
        },
        {
            "name": "Cube",
            "from": [ 9.0, 6.5, 6.9 ], 
            "to": [ 10.1, 8.5, 9.100000000000001 ], 
            "faces": {
                "north": { "texture": "#3", "uv": [ 9.0, 5.0, 10.1, 7.0 ] },
                "east": { "texture": "#3", "uv": [ 2.0, 4.0, 4.2, 6.0 ] },
                "south": { "texture": "#3", "uv": [ 3.0, 11.0, 4.1, 13.0 ] },
                "west": { "texture": "#3", "uv": [ 9.0, 9.0, 11.2, 11.0 ] },
                "up": { "texture": "#3", "uv": [ 8.0, 6.0, 10.2, 7.1 ] },
                "down": { "texture": "#3", "uv": [ 3.0, 11.0, 4.1, 13.2 ] }
            }
        }
    ],
    "display": {
        "thirdperson_righthand": {
            "rotation": [ 0, 0, 0 ],
            "translation": [ 0, 0, 0 ],
            "scale": [ 0.8, 1, 0.8 ]
        },
        "gui": {
            "rotation": [ 0, 20, -35 ],
            "translation": [ 0, 0, 0],
            "scale": [ 0.9, 1.2, 0.9 ]
        },
		"ground": {
            "rotation": [ 0, 0, 0 ],
            "translation": [ 0, 0, 0 ],
            "scale": [ 0.8, 1, 0.8 ]
        },
        "fixed": {
            "rotation": [ 0, 180, -35 ],
            "translation": [ 0, 0, 0],
            "scale": [ 0.9, 1.2, 0.9 ]
        }
    }
}