{
    "__comment": "Model generated using MrCrayfish's Model Creator (http://mrcrayfish.com/modelcreator/)",
    "textures": {
        "0": "blocks/iron_block",
        "1": "blocks/hardened_clay_stained_orange"
    },
    "elements": [
        {
            "name": "Cube",
            "from": [ 7.0, 1.0, 7.0 ], 
            "to": [ 9.0, 2.0, 9.0 ], 
            "faces": {
                "north": { "texture": "#0", "uv": [ 0.0, 0.0, 2.0, 1.0 ] },
                "east": { "texture": "#0", "uv": [ 0.0, 0.0, 2.0, 1.0 ] },
                "south": { "texture": "#0", "uv": [ 0.0, 0.0, 2.0, 1.0 ] },
                "west": { "texture": "#0", "uv": [ 0.0, 0.0, 2.0, 1.0 ] },
                "up": { "texture": "#0", "uv": [ 1.0, 1.0, 3.0, 3.0 ] },
                "down": { "texture": "#0", "uv": [ 1.0, 1.0, 3.0, 3.0 ] }
            }
        },
        {
            "name": "Cube",
            "from": [ 7.5, 0.0, 7.5 ], 
            "to": [ 8.5, 1.0, 8.5 ], 
            "faces": {
                "north": { "texture": "#0", "uv": [ 0.0, 0.0, 1.0, 1.0 ] },
                "east": { "texture": "#0", "uv": [ 0.0, 0.0, 1.0, 1.0 ] },
                "south": { "texture": "#0", "uv": [ 0.0, 0.0, 1.0, 1.0 ] },
                "west": { "texture": "#0", "uv": [ 0.0, 0.0, 1.0, 1.0 ] },
                "up": { "texture": "#0", "uv": [ 0.0, 0.0, 1.0, 1.0 ] },
                "down": { "texture": "#0", "uv": [ 0.0, 0.0, 1.0, 1.0 ] }
            }
        },
        {
            "name": "Cube",
            "from": [ 6.5, 2.0, 6.5 ], 
            "to": [ 9.5, 3.0, 9.5 ], 
            "faces": {
                "north": { "texture": "#0", "uv": [ 0.0, 0.0, 3.0, 1.0 ] },
                "east": { "texture": "#0", "uv": [ 0.0, 0.0, 3.0, 1.0 ] },
                "south": { "texture": "#0", "uv": [ 0.0, 0.0, 3.0, 1.0 ] },
                "west": { "texture": "#0", "uv": [ 0.0, 0.0, 3.0, 1.0 ] },
                "up": { "texture": "#0", "uv": [ 1.0, 1.0, 4.0, 4.0 ] },
                "down": { "texture": "#0", "uv": [ 1.0, 1.0, 4.0, 4.0 ] }
            }
        },
        {
            "name": "Cube",
            "from": [ 6.0, 3.0, 6.0 ], 
            "to": [ 10.0, 4.0, 10.0 ], 
            "faces": {
                "north": { "texture": "#0", "uv": [ 0.0, 0.0, 4.0, 1.0 ] },
                "east": { "texture": "#0", "uv": [ 0.0, 0.0, 4.0, 1.0 ] },
                "south": { "texture": "#0", "uv": [ 0.0, 0.0, 4.0, 1.0 ] },
                "west": { "texture": "#0", "uv": [ 0.0, 0.0, 4.0, 1.0 ] },
                "up": { "texture": "#0", "uv": [ 1.0, 1.0, 5.0, 5.0 ] },
                "down": { "texture": "#0", "uv": [ 1.0, 1.0, 5.0, 5.0 ] }
            }
        },
        {
            "name": "Cube",
            "from": [ 5.5, 4.0, 5.5 ], 
            "to": [ 10.5, 5.0, 10.5 ], 
            "faces": {
                "north": { "texture": "#0", "uv": [ 0.0, 0.0, 5.0, 1.0 ] },
                "east": { "texture": "#0", "uv": [ 0.0, 0.0, 5.0, 1.0 ] },
                "south": { "texture": "#0", "uv": [ 0.0, 0.0, 5.0, 1.0 ] },
                "west": { "texture": "#0", "uv": [ 0.0, 0.0, 5.0, 1.0 ] },
                "up": { "texture": "#0", "uv": [ 1.0, 1.0, 6.0, 6.0 ] },
                "down": { "texture": "#0", "uv": [ 1.0, 1.0, 6.0, 6.0 ] }
            }
        },
        {
            "name": "Cube",
            "from": [ 5.0, 5.0, 5.0 ], 
            "to": [ 11.0, 6.0, 11.0 ], 
            "faces": {
                "north": { "texture": "#0", "uv": [ 0.0, 0.0, 6.0, 1.0 ] },
                "east": { "texture": "#0", "uv": [ 0.0, 0.0, 6.0, 1.0 ] },
                "south": { "texture": "#0", "uv": [ 0.0, 0.0, 6.0, 1.0 ] },
                "west": { "texture": "#0", "uv": [ 0.0, 0.0, 6.0, 1.0 ] },
                "up": { "texture": "#0", "uv": [ 1.0, 1.0, 7.0, 7.0 ] },
                "down": { "texture": "#0", "uv": [ 1.0, 1.0, 7.0, 7.0 ] }
            }
        },
        {
            "name": "Cube",
            "from": [ 4.5, 6.0, 4.5 ], 
            "to": [ 11.5, 7.0, 11.5 ], 
            "faces": {
                "north": { "texture": "#0", "uv": [ 0.0, 0.0, 7.0, 1.0 ] },
                "east": { "texture": "#0", "uv": [ 0.0, 0.0, 7.0, 1.0 ] },
                "south": { "texture": "#0", "uv": [ 0.0, 0.0, 7.0, 1.0 ] },
                "west": { "texture": "#0", "uv": [ 0.0, 0.0, 7.0, 1.0 ] },
                "up": { "texture": "#0", "uv": [ 1.0, 1.0, 8.0, 8.0 ] },
                "down": { "texture": "#0", "uv": [ 1.0, 1.0, 8.0, 8.0 ] }
            }
        },
        {
            "name": "Cube",
            "from": [ 4.0, 7.0, 4.0 ], 
            "to": [ 12.0, 8.0, 12.0 ], 
            "faces": {
                "north": { "texture": "#0", "uv": [ 0.0, 0.0, 6.0, 1.0 ] },
                "east": { "texture": "#0", "uv": [ 0.0, 0.0, 6.0, 1.0 ] },
                "south": { "texture": "#0", "uv": [ 0.0, 0.0, 6.0, 1.0 ] },
                "west": { "texture": "#0", "uv": [ 0.0, 0.0, 6.0, 1.0 ] },
                "up": { "texture": "#0", "uv": [ 1.0, 1.0, 9.0, 9.0 ] },
                "down": { "texture": "#0", "uv": [ 1.0, 1.0, 9.0, 9.0 ] }
            }
        },
        {
            "name": "Cube",
            "from": [ 3.5, 8.0, 3.5 ], 
            "to": [ 12.5, 9.0, 12.5 ], 
            "faces": {
                "north": { "texture": "#0", "uv": [ 0.0, 0.0, 9.0, 1.0 ] },
                "east": { "texture": "#0", "uv": [ 0.0, 0.0, 9.0, 1.0 ] },
                "south": { "texture": "#0", "uv": [ 0.0, 0.0, 9.0, 1.0 ] },
                "west": { "texture": "#0", "uv": [ 0.0, 0.0, 9.0, 1.0 ] },
                "up": { "texture": "#0", "uv": [ 1.0, 1.0, 10.0, 10.0 ] },
                "down": { "texture": "#0", "uv": [ 1.0, 1.0, 10.0, 10.0 ] }
            }
        },
        {
            "name": "Cube",
            "from": [ 3.0, 9.0, 3.0 ], 
            "to": [ 13.0, 11.0, 13.0 ], 
            "faces": {
                "north": { "texture": "#0", "uv": [ 0.0, 0.0, 6.0, 1.0 ] },
                "east": { "texture": "#0", "uv": [ 0.0, 0.0, 6.0, 1.0 ] },
                "south": { "texture": "#0", "uv": [ 0.0, 0.0, 6.0, 1.0 ] },
                "west": { "texture": "#0", "uv": [ 0.0, 0.0, 6.0, 1.0 ] },
                "up": { "texture": "#0", "uv": [ 1.0, 1.0, 11.0, 11.0 ] },
                "down": { "texture": "#0", "uv": [ 1.0, 1.0, 11.0, 11.0 ] }
            }
        },
        {
            "name": "Cube",
            "from": [ 4.5, 11.0, 7.0 ], 
            "to": [ 6.0, 15.0, 8.5 ], 
            "faces": {
                "north": { "texture": "#1", "uv": [ 0.0, 0.0, 1.5, 4.0 ] },
                "east": { "texture": "#1", "uv": [ 0.0, 0.0, 1.5, 4.0 ] },
                "south": { "texture": "#1", "uv": [ 0.0, 0.0, 1.5, 4.0 ] },
                "west": { "texture": "#1", "uv": [ 0.0, 0.0, 1.5, 4.0 ] },
                "up": { "texture": "#1", "uv": [ 0.0, 0.0, 1.5, 1.5 ] },
                "down": { "texture": "#1", "uv": [ 0.0, 0.0, 1.5, 1.5 ] }
            }
        },
        {
            "name": "Cube",
            "from": [ 10.0, 11.0, 7.0 ], 
            "to": [ 11.5, 15.0, 8.5 ], 
            "faces": {
                "north": { "texture": "#1", "uv": [ 0.0, 0.0, 1.5, 4.0 ] },
                "east": { "texture": "#1", "uv": [ 0.0, 0.0, 1.5, 4.0 ] },
                "south": { "texture": "#1", "uv": [ 0.0, 0.0, 1.5, 4.0 ] },
                "west": { "texture": "#1", "uv": [ 0.0, 0.0, 1.5, 4.0 ] },
                "up": { "texture": "#1", "uv": [ 0.0, 0.0, 1.5, 1.5 ] },
                "down": { "texture": "#1", "uv": [ 0.0, 0.0, 1.5, 1.5 ] }
            }
        },
        {
            "name": "Cube",
            "from": [ 5.0, 15.0, 7.0 ], 
            "to": [ 11.0, 16.5, 8.5 ], 
            "faces": {
                "north": { "texture": "#1", "uv": [ 0.0, 0.0, 6.0, 1.5 ] },
                "east": { "texture": "#1", "uv": [ 0.0, 0.0, 1.5, 1.5 ] },
                "south": { "texture": "#1", "uv": [ 0.0, 0.0, 6.0, 1.5 ] },
                "west": { "texture": "#1", "uv": [ 0.0, 0.0, 1.5, 1.5 ] },
                "up": { "texture": "#1", "uv": [ 0.0, 0.0, 6.0, 1.5 ] },
                "down": { "texture": "#1", "uv": [ 0.0, 0.0, 6.0, 1.5 ] }
            }
        }
    ]
}