{
	"__comment": "523041413@qq.com will be replaced by 523041413@qq.com",
	"textures": {
		"particle": "blocks/e_particle",
		"texture": "blocks/e_texture",
		"hanbing": "blocks/hanbing"
	},
	"elements": [ 	 
		{
			"__comment": "Box1",
			"from": [ 0.5, 1.5, 7 ],
			"to": [ 3.5, 2, 8 ],
			"faces": {
				"down": { "uv": [ 0.5, 14, 3.5, 14.5 ], "texture": "#hanbing" },
				"up": { "uv": [ 0.5, 14.5, 3.5, 14 ], "texture": "#hanbing" },
				"north": { "uv": [ 3.5, 14, 0.5, 14.5 ], "texture": "#hanbing" },
				"south": { "uv": [ 0.5, 14, 3.5, 14.5 ], "texture": "#hanbing" },
				"west": { "uv": [ 0.5, 14, 1, 14.5 ], "texture": "#hanbing" },
				"east": { "uv": [ 3.5, 14.5, 3, 14 ], "texture": "#hanbing", "rotation": 180 }
			}
		},
		{
			"__comment": "Box2",
			"from": [ 0.5, 1, 7 ],
			"to": [ 2.5, 1.5, 8 ],
			"faces": {
				"down": { "uv": [ 0.5, 14.5, 2.5, 15 ], "texture": "#hanbing" },
				"up": { "uv": [ 0.5, 15, 2.5, 14.5 ], "texture": "#hanbing" },
				"north": { "uv": [ 2.5, 14.5, 0.5, 15 ], "texture": "#hanbing" },
				"south": { "uv": [ 0.5, 14.5, 2.5, 15 ], "texture": "#hanbing" },
				"west": { "uv": [ 0.5, 14.5, 1, 15 ], "texture": "#hanbing" },
				"east": { "uv": [ 2.5, 15, 2, 14.5 ], "texture": "#hanbing", "rotation": 180 }
			}
		},
		{
			"__comment": "Box3",
			"from": [ 1, 2, 7 ],
			"to": [ 4, 2.5, 8 ],
			"faces": {
				"down": { "uv": [ 1, 13.5, 4, 14 ], "texture": "#hanbing" },
				"up": { "uv": [ 1, 14, 4, 13.5 ], "texture": "#hanbing" },
				"north": { "uv": [ 4, 13.5, 1, 14 ], "texture": "#hanbing" },
				"south": { "uv": [ 1, 13.5, 4, 14 ], "texture": "#hanbing" },
				"west": { "uv": [ 1, 13.5, 1.5, 14 ], "texture": "#hanbing" },
				"east": { "uv": [ 4, 14, 3.5, 13.5 ], "texture": "#hanbing", "rotation": 180 }
			}
		},
		{
			"__comment": "Box4",
			"from": [ 1, 0.5, 7 ],
			"to": [ 2, 1, 8 ],
			"faces": {
				"down": { "uv": [ 1, 15, 2, 15.5 ], "texture": "#hanbing" },
				"up": { "uv": [ 1, 15.5, 2, 15 ], "texture": "#hanbing" },
				"north": { "uv": [ 2, 15, 1, 15.5 ], "texture": "#hanbing" },
				"south": { "uv": [ 1, 15, 2, 15.5 ], "texture": "#hanbing" },
				"west": { "uv": [ 1, 15, 1.5, 15.5 ], "texture": "#hanbing" },
				"east": { "uv": [ 2, 15.5, 1.5, 15 ], "texture": "#hanbing", "rotation": 180 }
			}
		},
		{
			"__comment": "Box5",
			"from": [ 1.5, 3, 7 ],
			"to": [ 6.5, 3.5, 8 ],
			"faces": {
				"down": { "uv": [ 1.5, 12.5, 6.5, 13 ], "texture": "#hanbing" },
				"up": { "uv": [ 1.5, 13, 6.5, 12.5 ], "texture": "#hanbing" },
				"north": { "uv": [ 6.5, 12.5, 1.5, 13 ], "texture": "#hanbing" },
				"south": { "uv": [ 1.5, 12.5, 6.5, 13 ], "texture": "#hanbing" },
				"west": { "uv": [ 1.5, 12.5, 2, 13 ], "texture": "#hanbing" },
				"east": { "uv": [ 6.5, 13, 6, 12.5 ], "texture": "#hanbing", "rotation": 180 }
			}
		},
		{
			"__comment": "Box6",
			"from": [ 1.5, 2.5, 7 ],
			"to": [ 4.5, 3, 8 ],
			"faces": {
				"down": { "uv": [ 1.5, 13, 4.5, 13.5 ], "texture": "#hanbing" },
				"up": { "uv": [ 1.5, 13.5, 4.5, 13 ], "texture": "#hanbing" },
				"north": { "uv": [ 4.5, 13, 1.5, 13.5 ], "texture": "#hanbing" },
				"south": { "uv": [ 1.5, 13, 4.5, 13.5 ], "texture": "#hanbing" },
				"west": { "uv": [ 1.5, 13, 2, 13.5 ], "texture": "#hanbing" },
				"east": { "uv": [ 4.5, 13.5, 4, 13 ], "texture": "#hanbing", "rotation": 180 }
			}
		},
		{
			"__comment": "Box7",
			"from": [ 2, 3.5, 6.9999 ],
			"to": [ 7, 4.5, 7.9999 ],
			"faces": {
				"down": { "uv": [ 2, 12, 7, 12.5 ], "texture": "#hanbing" },
				"up": { "uv": [ 2, 12, 7, 11.5 ], "texture": "#hanbing" },
				"north": { "uv": [ 7, 11.5, 2, 12.5 ], "texture": "#hanbing" },
				"south": { "uv": [ 2, 11.5, 7, 12.5 ], "texture": "#hanbing" },
				"west": { "uv": [ 2, 11.5, 2.5, 12.5 ], "texture": "#hanbing" },
				"east": { "uv": [ 7, 12.5, 6.5, 11.5 ], "texture": "#hanbing", "rotation": 180 }
			}
		},
		{
			"__comment": "Box8",
			"from": [ 2.5, 6, 6.9999 ],
			"to": [ 8.5, 6.5, 7.9999 ],
			"faces": {
				"down": { "uv": [ 2.5, 9.5, 8.5, 10 ], "texture": "#hanbing" },
				"up": { "uv": [ 2.5, 10, 8.5, 9.5 ], "texture": "#hanbing" },
				"north": { "uv": [ 8.5, 9.5, 2.5, 10 ], "texture": "#hanbing" },
				"south": { "uv": [ 2.5, 9.5, 8.5, 10 ], "texture": "#hanbing" },
				"west": { "uv": [ 2.5, 9.5, 3, 10 ], "texture": "#hanbing" },
				"east": { "uv": [ 8.5, 10, 8, 9.5 ], "texture": "#hanbing", "rotation": 180 }
			}
		},
		{
			"__comment": "Box9",
			"from": [ 2.5, 5, 6.9999 ],
			"to": [ 8, 6, 7.9999 ],
			"faces": {
				"down": { "uv": [ 2.5, 10.5, 8, 11 ], "texture": "#hanbing" },
				"up": { "uv": [ 2.5, 10.5, 8, 10 ], "texture": "#hanbing" },
				"north": { "uv": [ 8, 10, 2.5, 11 ], "texture": "#hanbing" },
				"south": { "uv": [ 2.5, 10, 8, 11 ], "texture": "#hanbing" },
				"west": { "uv": [ 2.5, 10, 3, 11 ], "texture": "#hanbing" },
				"east": { "uv": [ 8, 11, 7.5, 10 ], "texture": "#hanbing", "rotation": 180 }
			}
		},
		{
			"__comment": "Box10",
			"from": [ 3, 4.5, 6.9999 ],
			"to": [ 7.5, 5, 7.9999 ],
			"faces": {
				"down": { "uv": [ 3, 11, 7.5, 11.5 ], "texture": "#hanbing" },
				"up": { "uv": [ 3, 11.5, 7.5, 11 ], "texture": "#hanbing" },
				"north": { "uv": [ 7.5, 11, 3, 11.5 ], "texture": "#hanbing" },
				"south": { "uv": [ 3, 11, 7.5, 11.5 ], "texture": "#hanbing" },
				"west": { "uv": [ 3, 11, 3.5, 11.5 ], "texture": "#hanbing" },
				"east": { "uv": [ 7.5, 11.5, 7, 11 ], "texture": "#hanbing", "rotation": 180 }
			}
		},
		{
			"__comment": "Box11",
			"from": [ 3.5, 6.5, 6.9999 ],
			"to": [ 4, 7.5, 7.9999 ],
			"faces": {
				"down": { "uv": [ 3.5, 9, 4, 9.5 ], "texture": "#hanbing" },
				"up": { "uv": [ 3.5, 9, 4, 8.5 ], "texture": "#hanbing" },
				"north": { "uv": [ 4, 8.5, 3.5, 9.5 ], "texture": "#hanbing" },
				"south": { "uv": [ 3.5, 8.5, 4, 9.5 ], "texture": "#hanbing" },
				"west": { "uv": [ 3.5, 8.5, 4, 9.5 ], "texture": "#hanbing" },
				"east": { "uv": [ 4, 9.5, 3.5, 8.5 ], "texture": "#hanbing", "rotation": 180 }
			}
		},
		{
			"__comment": "Box12",
			"from": [ 4, 6.5, 6.9999 ],
			"to": [ 9, 7, 7.9999 ],
			"faces": {
				"down": { "uv": [ 4, 9, 9, 9.5 ], "texture": "#hanbing" },
				"up": { "uv": [ 4, 9.5, 9, 9 ], "texture": "#hanbing" },
				"north": { "uv": [ 9, 9, 4, 9.5 ], "texture": "#hanbing" },
				"south": { "uv": [ 4, 9, 9, 9.5 ], "texture": "#hanbing" },
				"west": { "uv": [ 4, 9, 4.5, 9.5 ], "texture": "#hanbing" },
				"east": { "uv": [ 9, 9.5, 8.5, 9 ], "texture": "#hanbing", "rotation": 180 }
			}
		},
		{
			"__comment": "Box13",
			"from": [ 4.5, 7, 6.9999 ],
			"to": [ 9.5, 7.5, 7.9999 ],
			"faces": {
				"down": { "uv": [ 4.5, 8.5, 9.5, 9 ], "texture": "#hanbing" },
				"up": { "uv": [ 4.5, 9, 9.5, 8.5 ], "texture": "#hanbing" },
				"north": { "uv": [ 9.5, 8.5, 4.5, 9 ], "texture": "#hanbing" },
				"south": { "uv": [ 4.5, 8.5, 9.5, 9 ], "texture": "#hanbing" },
				"west": { "uv": [ 4.5, 8.5, 5, 9 ], "texture": "#hanbing" },
				"east": { "uv": [ 9.5, 9, 9, 8.5 ], "texture": "#hanbing", "rotation": 180 }
			}
		},
		{
			"__comment": "Box14",
			"from": [ 5, 2.5, 6.9999 ],
			"to": [ 5.5, 9, 7.9999 ],
			"faces": {
				"down": { "uv": [ 5, 13, 5.5, 13.5 ], "texture": "#hanbing" },
				"up": { "uv": [ 5, 7.5, 5.5, 7 ], "texture": "#hanbing" },
				"north": { "uv": [ 5.5, 7, 5, 13.5 ], "texture": "#hanbing" },
				"south": { "uv": [ 5, 7, 5.5, 13.5 ], "texture": "#hanbing" },
				"west": { "uv": [ 5, 7, 5.5, 13.5 ], "texture": "#hanbing" },
				"east": { "uv": [ 5.5, 13.5, 5, 7 ], "texture": "#hanbing", "rotation": 180 }
			}
		},
		{
			"__comment": "Box15",
			"from": [ 5.5, 9, 6.9999 ],
			"to": [ 6, 9.5, 7.9999 ],
			"faces": {
				"down": { "uv": [ 5.5, 6.5, 6, 7 ], "texture": "#hanbing" },
				"up": { "uv": [ 5.5, 7, 6, 6.5 ], "texture": "#hanbing" },
				"north": { "uv": [ 6, 6.5, 5.5, 7 ], "texture": "#hanbing" },
				"south": { "uv": [ 5.5, 6.5, 6, 7 ], "texture": "#hanbing" },
				"west": { "uv": [ 5.5, 6.5, 6, 7 ], "texture": "#hanbing" },
				"east": { "uv": [ 6, 7, 5.5, 6.5 ], "texture": "#hanbing", "rotation": 180 }
			}
		},
		{
			"__comment": "Box16",
			"from": [ 5.5, 7.5, 6.9999 ],
			"to": [ 10.5, 8, 7.9999 ],
			"faces": {
				"down": { "uv": [ 5.5, 8, 10.5, 8.5 ], "texture": "#hanbing" },
				"up": { "uv": [ 5.5, 8.5, 10.5, 8 ], "texture": "#hanbing" },
				"north": { "uv": [ 10.5, 8, 5.5, 8.5 ], "texture": "#hanbing" },
				"south": { "uv": [ 5.5, 8, 10.5, 8.5 ], "texture": "#hanbing" },
				"west": { "uv": [ 5.5, 8, 6, 8.5 ], "texture": "#hanbing" },
				"east": { "uv": [ 10.5, 8.5, 10, 8 ], "texture": "#hanbing", "rotation": 180 }
			}
		},
		{
			"__comment": "Box17",
			"from": [ 5.5, 2.5, 7 ],
			"to": [ 6.5, 3, 8 ],
			"faces": {
				"down": { "uv": [ 5.5, 13, 6.5, 13.5 ], "texture": "#hanbing" },
				"up": { "uv": [ 5.5, 13.5, 6.5, 13 ], "texture": "#hanbing" },
				"north": { "uv": [ 6.5, 13, 5.5, 13.5 ], "texture": "#hanbing" },
				"south": { "uv": [ 5.5, 13, 6.5, 13.5 ], "texture": "#hanbing" },
				"west": { "uv": [ 5.5, 13, 6, 13.5 ], "texture": "#hanbing" },
				"east": { "uv": [ 6.5, 13.5, 6, 13 ], "texture": "#hanbing", "rotation": 180 }
			}
		},
		{
			"__comment": "Box18",
			"from": [ 6, 8, 6.9999 ],
			"to": [ 11, 8.5, 7.9999 ],
			"faces": {
				"down": { "uv": [ 6, 7.5, 11, 8 ], "texture": "#hanbing" },
				"up": { "uv": [ 6, 8, 11, 7.5 ], "texture": "#hanbing" },
				"north": { "uv": [ 11, 7.5, 6, 8 ], "texture": "#hanbing" },
				"south": { "uv": [ 6, 7.5, 11, 8 ], "texture": "#hanbing" },
				"west": { "uv": [ 6, 7.5, 6.5, 8 ], "texture": "#hanbing" },
				"east": { "uv": [ 11, 8, 10.5, 7.5 ], "texture": "#hanbing", "rotation": 180 }
			}
		},
		{
			"__comment": "Box19",
			"from": [ 6.5, 8.5, 6.9999 ],
			"to": [ 11.5, 9, 7.9999 ],
			"faces": {
				"down": { "uv": [ 6.5, 7, 11.5, 7.5 ], "texture": "#hanbing" },
				"up": { "uv": [ 6.5, 7.5, 11.5, 7 ], "texture": "#hanbing" },
				"north": { "uv": [ 11.5, 7, 6.5, 7.5 ], "texture": "#hanbing" },
				"south": { "uv": [ 6.5, 7, 11.5, 7.5 ], "texture": "#hanbing" },
				"west": { "uv": [ 6.5, 7, 7, 7.5 ], "texture": "#hanbing" },
				"east": { "uv": [ 11.5, 7.5, 11, 7 ], "texture": "#hanbing", "rotation": 180 }
			}
		},
		{
			"__comment": "Box20",
			"from": [ 7, 9, 6.9999 ],
			"to": [ 12.5, 9.5, 7.9999 ],
			"faces": {
				"down": { "uv": [ 7, 6.5, 12.5, 7 ], "texture": "#hanbing" },
				"up": { "uv": [ 7, 7, 12.5, 6.5 ], "texture": "#hanbing" },
				"north": { "uv": [ 12.5, 6.5, 7, 7 ], "texture": "#hanbing" },
				"south": { "uv": [ 7, 6.5, 12.5, 7 ], "texture": "#hanbing" },
				"west": { "uv": [ 7, 6.5, 7.5, 7 ], "texture": "#hanbing" },
				"east": { "uv": [ 12.5, 7, 12, 6.5 ], "texture": "#hanbing", "rotation": 180 }
			}
		},
		{
			"__comment": "Box21",
			"from": [ 7, 3.5, 6.9999 ],
			"to": [ 7.5, 4, 7.9999 ],
			"faces": {
				"down": { "uv": [ 7, 12, 7.5, 12.5 ], "texture": "#hanbing" },
				"up": { "uv": [ 7, 12.5, 7.5, 12 ], "texture": "#hanbing" },
				"north": { "uv": [ 7.5, 12, 7, 12.5 ], "texture": "#hanbing" },
				"south": { "uv": [ 7, 12, 7.5, 12.5 ], "texture": "#hanbing" },
				"west": { "uv": [ 7, 12, 7.5, 12.5 ], "texture": "#hanbing" },
				"east": { "uv": [ 7.5, 12.5, 7, 12 ], "texture": "#hanbing", "rotation": 180 }
			}
		},
		{
			"__comment": "Box22",
			"from": [ 7.5, 10, 6.9999 ],
			"to": [ 14, 10.5, 7.9999 ],
			"faces": {
				"down": { "uv": [ 7.5, 5.5, 14, 6 ], "texture": "#hanbing" },
				"up": { "uv": [ 7.5, 6, 14, 5.5 ], "texture": "#hanbing" },
				"north": { "uv": [ 14, 5.5, 7.5, 6 ], "texture": "#hanbing" },
				"south": { "uv": [ 7.5, 5.5, 14, 6 ], "texture": "#hanbing" },
				"west": { "uv": [ 7.5, 5.5, 8, 6 ], "texture": "#hanbing" },
				"east": { "uv": [ 14, 6, 13.5, 5.5 ], "texture": "#hanbing", "rotation": 180 }
			}
		},
		{
			"__comment": "Box23",
			"from": [ 7.5, 9.5, 6.9999 ],
			"to": [ 13.5, 10, 7.9999 ],
			"faces": {
				"down": { "uv": [ 7.5, 6, 13.5, 6.5 ], "texture": "#hanbing" },
				"up": { "uv": [ 7.5, 6.5, 13.5, 6 ], "texture": "#hanbing" },
				"north": { "uv": [ 13.5, 6, 7.5, 6.5 ], "texture": "#hanbing" },
				"south": { "uv": [ 7.5, 6, 13.5, 6.5 ], "texture": "#hanbing" },
				"west": { "uv": [ 7.5, 6, 8, 6.5 ], "texture": "#hanbing" },
				"east": { "uv": [ 13.5, 6.5, 13, 6 ], "texture": "#hanbing", "rotation": 180 }
			}
		},
		{
			"__comment": "Box24",
			"from": [ 8, 10.5, 6.9999 ],
			"to": [ 14, 11, 7.9999 ],
			"faces": {
				"down": { "uv": [ 8, 5, 14, 5.5 ], "texture": "#hanbing" },
				"up": { "uv": [ 8, 5.5, 14, 5 ], "texture": "#hanbing" },
				"north": { "uv": [ 14, 5, 8, 5.5 ], "texture": "#hanbing" },
				"south": { "uv": [ 8, 5, 14, 5.5 ], "texture": "#hanbing" },
				"west": { "uv": [ 8, 5, 8.5, 5.5 ], "texture": "#hanbing" },
				"east": { "uv": [ 14, 5.5, 13.5, 5 ], "texture": "#hanbing", "rotation": 180 }
			}
		},
		{
			"__comment": "Box25",
			"from": [ 8, 5, 6.9999 ],
			"to": [ 9, 5.5, 7.9999 ],
			"faces": {
				"down": { "uv": [ 8, 10.5, 9, 11 ], "texture": "#hanbing" },
				"up": { "uv": [ 8, 11, 9, 10.5 ], "texture": "#hanbing" },
				"north": { "uv": [ 9, 10.5, 8, 11 ], "texture": "#hanbing" },
				"south": { "uv": [ 8, 10.5, 9, 11 ], "texture": "#hanbing" },
				"west": { "uv": [ 8, 10.5, 8.5, 11 ], "texture": "#hanbing" },
				"east": { "uv": [ 9, 11, 8.5, 10.5 ], "texture": "#hanbing", "rotation": 180 }
			}
		},
		{
			"__comment": "Box26",
			"from": [ 8.5, 11, 6.9999 ],
			"to": [ 14, 11.5, 7.9999 ],
			"faces": {
				"down": { "uv": [ 8.5, 4.5, 14, 5 ], "texture": "#hanbing" },
				"up": { "uv": [ 8.5, 5, 14, 4.5 ], "texture": "#hanbing" },
				"north": { "uv": [ 14, 4.5, 8.5, 5 ], "texture": "#hanbing" },
				"south": { "uv": [ 8.5, 4.5, 14, 5 ], "texture": "#hanbing" },
				"west": { "uv": [ 8.5, 4.5, 9, 5 ], "texture": "#hanbing" },
				"east": { "uv": [ 14, 5, 13.5, 4.5 ], "texture": "#hanbing", "rotation": 180 }
			}
		},
		{
			"__comment": "Box27",
			"from": [ 9, 12, 6.9999 ],
			"to": [ 14.5, 12.5, 7.9999 ],
			"faces": {
				"down": { "uv": [ 9, 3.5, 14.5, 4 ], "texture": "#hanbing" },
				"up": { "uv": [ 9, 4, 14.5, 3.5 ], "texture": "#hanbing" },
				"north": { "uv": [ 14.5, 3.5, 9, 4 ], "texture": "#hanbing" },
				"south": { "uv": [ 9, 3.5, 14.5, 4 ], "texture": "#hanbing" },
				"west": { "uv": [ 9, 3.5, 9.5, 4 ], "texture": "#hanbing" },
				"east": { "uv": [ 14.5, 4, 14, 3.5 ], "texture": "#hanbing", "rotation": 180 }
			}
		},
		{
			"__comment": "Box28",
			"from": [ 9, 11.5, 6.9999 ],
			"to": [ 14, 12, 7.9999 ],
			"faces": {
				"down": { "uv": [ 9, 4, 14, 4.5 ], "texture": "#hanbing" },
				"up": { "uv": [ 9, 4.5, 14, 4 ], "texture": "#hanbing" },
				"north": { "uv": [ 14, 4, 9, 4.5 ], "texture": "#hanbing" },
				"south": { "uv": [ 9, 4, 14, 4.5 ], "texture": "#hanbing" },
				"west": { "uv": [ 9, 4, 9.5, 4.5 ], "texture": "#hanbing" },
				"east": { "uv": [ 14, 4.5, 13.5, 4 ], "texture": "#hanbing", "rotation": 180 }
			}
		},
		{
			"__comment": "Box29",
			"from": [ 9, 5.5, 6.9999 ],
			"to": [ 9.5, 6, 7.9999 ],
			"faces": {
				"down": { "uv": [ 9, 10, 9.5, 10.5 ], "texture": "#hanbing" },
				"up": { "uv": [ 9, 10.5, 9.5, 10 ], "texture": "#hanbing" },
				"north": { "uv": [ 9.5, 10, 9, 10.5 ], "texture": "#hanbing" },
				"south": { "uv": [ 9, 10, 9.5, 10.5 ], "texture": "#hanbing" },
				"west": { "uv": [ 9, 10, 9.5, 10.5 ], "texture": "#hanbing" },
				"east": { "uv": [ 9.5, 10.5, 9, 10 ], "texture": "#hanbing", "rotation": 180 }
			}
		},
		{
			"__comment": "Box30",
			"from": [ 9.5, 12.5, 6.9999 ],
			"to": [ 14.5, 13.5, 7.9999 ],
			"faces": {
				"down": { "uv": [ 9.5, 3, 14.5, 3.5 ], "texture": "#hanbing" },
				"up": { "uv": [ 9.5, 3, 14.5, 2.5 ], "texture": "#hanbing" },
				"north": { "uv": [ 14.5, 2.5, 9.5, 3.5 ], "texture": "#hanbing" },
				"south": { "uv": [ 9.5, 2.5, 14.5, 3.5 ], "texture": "#hanbing" },
				"west": { "uv": [ 9.5, 2.5, 10, 3.5 ], "texture": "#hanbing" },
				"east": { "uv": [ 14.5, 3.5, 14, 2.5 ], "texture": "#hanbing", "rotation": 180 }
			}
		},
		{
			"__comment": "Box31",
			"from": [ 10, 13.5, 6.9999 ],
			"to": [ 15, 14, 7.9999 ],
			"faces": {
				"down": { "uv": [ 10, 2, 15, 2.5 ], "texture": "#hanbing" },
				"up": { "uv": [ 10, 2.5, 15, 2 ], "texture": "#hanbing" },
				"north": { "uv": [ 15, 2, 10, 2.5 ], "texture": "#hanbing" },
				"south": { "uv": [ 10, 2, 15, 2.5 ], "texture": "#hanbing" },
				"west": { "uv": [ 10, 2, 10.5, 2.5 ], "texture": "#hanbing" },
				"east": { "uv": [ 15, 2.5, 14.5, 2 ], "texture": "#hanbing", "rotation": 180 }
			}
		},
		{
			"__comment": "Box32",
			"from": [ 12, 14, 6.9999 ],
			"to": [ 15, 14.5, 7.9999 ],
			"faces": {
				"down": { "uv": [ 12, 1.5, 15, 2 ], "texture": "#hanbing" },
				"up": { "uv": [ 12, 2, 15, 1.5 ], "texture": "#hanbing" },
				"north": { "uv": [ 15, 1.5, 12, 2 ], "texture": "#hanbing" },
				"south": { "uv": [ 12, 1.5, 15, 2 ], "texture": "#hanbing" },
				"west": { "uv": [ 12, 1.5, 12.5, 2 ], "texture": "#hanbing" },
				"east": { "uv": [ 15, 2, 14.5, 1.5 ], "texture": "#hanbing", "rotation": 180 }
			}
		},
		{
			"__comment": "Box33",
			"from": [ 13.5, 14.5, 6.9999 ],
			"to": [ 15, 15, 7.9999 ],
			"faces": {
				"down": { "uv": [ 13.5, 1, 15, 1.5 ], "texture": "#hanbing" },
				"up": { "uv": [ 13.5, 1.5, 15, 1 ], "texture": "#hanbing" },
				"north": { "uv": [ 15, 1, 13.5, 1.5 ], "texture": "#hanbing" },
				"south": { "uv": [ 13.5, 1, 15, 1.5 ], "texture": "#hanbing" },
				"west": { "uv": [ 13.5, 1, 14, 1.5 ], "texture": "#hanbing" },
				"east": { "uv": [ 15, 1.5, 14.5, 1 ], "texture": "#hanbing", "rotation": 180 }
			}
		}
	],
	"display": {
		"thirdperson_righthand": {
			"rotation":  [ 0, -90, 55 ],
			"translation":  [ 0, 6.0869, 0.5 ],
			"scale":  [ 1.2, 1.2, 1.2 ]
		},
		"thirdperson_lefthand": {
			"rotation":  [ 0, 90, -55 ],
			"translation":  [ 0, 4, 0.5 ]
		},
		"firstperson_righthand": {
			"rotation":  [ -28, -90, 25 ],
			"translation":  [ 1.13, 6.6782, 1.13 ]
		},
		"firstperson_lefthand": {
			"rotation":  [ -31, 90, -25 ],
			"translation":  [ 1.1306, 5.2869, 1.13 ]
		},
		"head": {
			"rotation":  [ 0, 2, 47 ],
			"translation":  [ 0, 6.2608, 0 ]
		},
		"ground": {
			"translation":  [ 0, 2, 0 ]
		}
	}
}