{
    "__comment": "Model generated using MrCrayfish's Model Creator (http://mrcrayfish.com/modelcreator/)",
    "textures": {
        "0": "blocks/quartz_block_side",
        "1": "blocks/glass_light_blue"
    },
    "elements": [
        {
            "name": "Cube",
            "from": [ 7.5, 2.0, 7.5 ], 
            "to": [ 8.5, 14.0, 8.5 ], 
            "faces": {
                "north": { "texture": "#0", "uv": [ 0.0, 0.0, 2.0, 16.0 ] },
                "east": { "texture": "#0", "uv": [ 2.0, 0.0, 4.0, 16.0 ] },
                "south": { "texture": "#0", "uv": [ 4.0, 0.0, 6.0, 16.0 ] },
                "west": { "texture": "#0", "uv": [ 6.0, 0.0, 8.0, 16.0 ] },
                "up": { "texture": "#0", "uv": [ 8.0, 0.0, 10.0, 2.0 ] },
                "down": { "texture": "#0", "uv": [ 11.0, 0.0, 13.0, 2.0 ] }
            }
        },
        {
            "name": "Cube",
            "from": [ 6.5, 14.0, 6.5 ], 
            "to": [ 9.5, 15.0, 9.5 ], 
            "faces": {
                "north": { "texture": "#0", "uv": [ 0.0, 0.0, 6.0, 2.0 ] },
                "east": { "texture": "#0", "uv": [ 0.0, 2.0, 6.0, 4.0 ] },
                "south": { "texture": "#0", "uv": [ 0.0, 4.0, 6.0, 6.0 ] },
                "west": { "texture": "#0", "uv": [ 0.0, 6.0, 6.0, 8.0 ] },
                "up": { "texture": "#0", "uv": [ 10.0, 10.0, 16.0, 16.0 ] },
                "down": { "texture": "#0", "uv": [ 10.0, 0.0, 16.0, 6.0 ] }
            }
        },
        {
            "name": "Cube",
            "from": [ 9.5, 14.5, 7.5 ], 
            "to": [ 10.5, 15.5, 8.5 ], 
            "faces": {
                "north": { "texture": "#0", "uv": [ 0.0, 0.0, 2.0, 2.0 ] },
                "east": { "texture": "#0", "uv": [ 2.0, 0.0, 4.0, 2.0 ] },
                "south": { "texture": "#0", "uv": [ 4.0, 0.0, 6.0, 2.0 ] },
                "west": { "texture": "#0", "uv": [ 6.0, 0.0, 8.0, 2.0 ] },
                "up": { "texture": "#0", "uv": [ 8.0, 0.0, 10.0, 2.0 ] },
                "down": { "texture": "#0", "uv": [ 10.0, 0.0, 12.0, 2.0 ] }
            }
        },
        {
            "name": "Cube",
            "from": [ 10.0, 15.5, 7.5 ], 
            "to": [ 11.0, 18.5, 8.5 ], 
            "faces": {
                "north": { "texture": "#0", "uv": [ 0.0, 0.0, 2.0, 6.0 ] },
                "east": { "texture": "#0", "uv": [ 2.0, 0.0, 4.0, 6.0 ] },
                "south": { "texture": "#0", "uv": [ 4.0, 0.0, 6.0, 6.0 ] },
                "west": { "texture": "#0", "uv": [ 6.0, 0.0, 8.0, 6.0 ] },
                "up": { "texture": "#0", "uv": [ 8.0, 0.0, 10.0, 2.0 ] },
                "down": { "texture": "#0", "uv": [ 10.0, 0.0, 12.0, 2.0 ] }
            }
        },
        {
            "name": "Cube",
            "from": [ 7.0, 13.0, 7.0 ], 
            "to": [ 9.0, 14.0, 9.0 ], 
            "faces": {
                "north": { "texture": "#0", "uv": [ 0.0, 0.0, 4.0, 2.0 ] },
                "east": { "texture": "#0", "uv": [ 0.0, 2.0, 4.0, 4.0 ] },
                "south": { "texture": "#0", "uv": [ 0.0, 4.0, 4.0, 6.0 ] },
                "west": { "texture": "#0", "uv": [ 0.0, 6.0, 4.0, 8.0 ] },
                "up": { "texture": "#0", "uv": [ 12.0, 12.0, 16.0, 16.0 ] },
                "down": { "texture": "#0", "uv": [ 12.0, 0.0, 16.0, 4.0 ] }
            }
        },
        {
            "name": "Cube",
            "from": [ 5.5, 14.5, 7.5 ], 
            "to": [ 6.5, 15.5, 8.5 ], 
            "faces": {
                "north": { "texture": "#0", "uv": [ 0.0, 0.0, 2.0, 2.0 ] },
                "east": { "texture": "#0", "uv": [ 2.0, 0.0, 4.0, 2.0 ] },
                "south": { "texture": "#0", "uv": [ 4.0, 0.0, 6.0, 2.0 ] },
                "west": { "texture": "#0", "uv": [ 6.0, 0.0, 8.0, 2.0 ] },
                "up": { "texture": "#0", "uv": [ 8.0, 0.0, 10.0, 2.0 ] },
                "down": { "texture": "#0", "uv": [ 10.0, 0.0, 12.0, 2.0 ] }
            }
        },
        {
            "name": "Cube",
            "from": [ 7.0, 11.0, 7.0 ], 
            "to": [ 9.0, 12.0, 9.0 ], 
            "faces": {
                "north": { "texture": "#0", "uv": [ 0.0, 0.0, 4.0, 2.0 ] },
                "east": { "texture": "#0", "uv": [ 0.0, 2.0, 4.0, 4.0 ] },
                "south": { "texture": "#0", "uv": [ 0.0, 4.0, 4.0, 6.0 ] },
                "west": { "texture": "#0", "uv": [ 0.0, 6.0, 4.0, 8.0 ] },
                "up": { "texture": "#0", "uv": [ 12.0, 12.0, 16.0, 16.0 ] },
                "down": { "texture": "#0", "uv": [ 12.0, 0.0, 16.0, 4.0 ] }
            }
        },
        {
            "name": "Cube",
            "from": [ 5.0, 15.5, 7.5 ], 
            "to": [ 6.0, 18.5, 8.5 ], 
            "faces": {
                "north": { "texture": "#0", "uv": [ 0.0, 0.0, 2.0, 6.0 ] },
                "east": { "texture": "#0", "uv": [ 2.0, 0.0, 4.0, 6.0 ] },
                "south": { "texture": "#0", "uv": [ 4.0, 0.0, 6.0, 6.0 ] },
                "west": { "texture": "#0", "uv": [ 6.0, 0.0, 8.0, 6.0 ] },
                "up": { "texture": "#0", "uv": [ 8.0, 0.0, 10.0, 2.0 ] },
                "down": { "texture": "#0", "uv": [ 10.0, 0.0, 12.0, 2.0 ] }
            }
        },
        {
            "name": "Cube",
            "from": [ 7.5, 15.0, 7.5 ], 
            "to": [ 8.5, 16.0, 8.5 ], 
            "faces": {
                "north": { "texture": "#1", "uv": [ 1.0, 1.0, 3.0, 3.0 ] },
                "east": { "texture": "#1", "uv": [ 1.0, 1.0, 3.0, 3.0 ] },
                "south": { "texture": "#1", "uv": [ 1.0, 1.0, 3.0, 3.0 ] },
                "west": { "texture": "#1", "uv": [ 1.0, 1.0, 3.0, 3.0 ] },
                "up": { "texture": "#1", "uv": [ 1.0, 1.0, 3.0, 3.0 ] },
                "down": { "texture": "#1", "uv": [ 1.0, 1.0, 3.0, 3.0 ] }
            }
        },
        {
            "name": "Cube",
            "from": [ 6.5, 16.0, 7.5 ], 
            "to": [ 9.5, 19.0, 8.5 ], 
            "faces": {
                "north": { "texture": "#1", "uv": [ 1.0, 1.0, 3.0, 3.0 ] },
                "east": { "texture": "#1", "uv": [ 1.0, 1.0, 3.0, 3.0 ] },
                "south": { "texture": "#1", "uv": [ 1.0, 1.0, 3.0, 3.0 ] },
                "west": { "texture": "#1", "uv": [ 1.0, 1.0, 3.0, 3.0 ] },
                "up": { "texture": "#1", "uv": [ 1.0, 1.0, 3.0, 3.0 ] },
                "down": { "texture": "#1", "uv": [ 1.0, 1.0, 3.0, 3.0 ] }
            }
        },
        {
            "name": "Cube",
            "from": [ 7.5, 19.0, 7.5 ], 
            "to": [ 8.5, 20.0, 8.5 ], 
            "faces": {
                "north": { "texture": "#1", "uv": [ 1.0, 1.0, 3.0, 3.0 ] },
                "east": { "texture": "#1", "uv": [ 1.0, 1.0, 3.0, 3.0 ] },
                "south": { "texture": "#1", "uv": [ 1.0, 1.0, 3.0, 3.0 ] },
                "west": { "texture": "#1", "uv": [ 1.0, 1.0, 3.0, 3.0 ] },
                "up": { "texture": "#1", "uv": [ 1.0, 1.0, 3.0, 3.0 ] },
                "down": { "texture": "#1", "uv": [ 1.0, 1.0, 3.0, 3.0 ] }
            }
        },
        {
            "name": "Cube",
            "from": [ 7.5, 16.5, 7.1 ], 
            "to": [ 8.5, 18.5, 8.9 ], 
            "faces": {
                "north": { "texture": "#1", "uv": [ 1.0, 1.0, 3.0, 3.0 ] },
                "east": { "texture": "#1", "uv": [ 1.0, 1.0, 3.0, 3.0 ] },
                "south": { "texture": "#1", "uv": [ 1.0, 1.0, 3.0, 3.0 ] },
                "west": { "texture": "#1", "uv": [ 1.0, 1.0, 3.0, 3.0 ] },
                "up": { "texture": "#1", "uv": [ 1.0, 1.0, 3.0, 3.0 ] },
                "down": { "texture": "#1", "uv": [ 1.0, 1.0, 3.0, 3.0 ] }
            }
        },
        {
            "name": "Cube",
            "from": [ 6.7, 19.0, 8.7 ], 
            "to": [ 7.3, 19.6, 9.299999999999999 ], 
            "faces": {
                "north": { "texture": "#1", "uv": [ 1.0, 1.0, 3.0, 3.0 ] },
                "east": { "texture": "#1", "uv": [ 1.0, 1.0, 3.0, 3.0 ] },
                "south": { "texture": "#1", "uv": [ 1.0, 1.0, 3.0, 3.0 ] },
                "west": { "texture": "#1", "uv": [ 1.0, 1.0, 3.0, 3.0 ] },
                "up": { "texture": "#1", "uv": [ 1.0, 1.0, 3.0, 3.0 ] },
                "down": { "texture": "#1", "uv": [ 1.0, 1.0, 3.0, 3.0 ] }
            }
        },
        {
            "name": "Cube",
            "from": [ 7.7, 20.0, 9.3 ], 
            "to": [ 8.3, 20.6, 9.9 ], 
            "faces": {
                "north": { "texture": "#1", "uv": [ 1.0, 1.0, 3.0, 3.0 ] },
                "east": { "texture": "#1", "uv": [ 1.0, 1.0, 3.0, 3.0 ] },
                "south": { "texture": "#1", "uv": [ 1.0, 1.0, 3.0, 3.0 ] },
                "west": { "texture": "#1", "uv": [ 1.0, 1.0, 3.0, 3.0 ] },
                "up": { "texture": "#1", "uv": [ 1.0, 1.0, 3.0, 3.0 ] },
                "down": { "texture": "#1", "uv": [ 1.0, 1.0, 3.0, 3.0 ] }
            }
        },
        {
            "name": "Cube",
            "from": [ 8.7, 21.0, 8.5 ], 
            "to": [ 9.299999999999999, 21.6, 9.1 ], 
            "faces": {
                "north": { "texture": "#1", "uv": [ 1.0, 1.0, 3.0, 3.0 ] },
                "east": { "texture": "#1", "uv": [ 1.0, 1.0, 3.0, 3.0 ] },
                "south": { "texture": "#1", "uv": [ 1.0, 1.0, 3.0, 3.0 ] },
                "west": { "texture": "#1", "uv": [ 1.0, 1.0, 3.0, 3.0 ] },
                "up": { "texture": "#1", "uv": [ 1.0, 1.0, 3.0, 3.0 ] },
                "down": { "texture": "#1", "uv": [ 1.0, 1.0, 3.0, 3.0 ] }
            }
        },
        {
            "name": "Cube",
            "from": [ 7.699999999999999, 21.8, 7.699999999999999 ], 
            "to": [ 8.299999999999999, 22.400000000000002, 8.299999999999999 ], 
            "faces": {
                "north": { "texture": "#1", "uv": [ 1.0, 1.0, 3.0, 3.0 ] },
                "east": { "texture": "#1", "uv": [ 1.0, 1.0, 3.0, 3.0 ] },
                "south": { "texture": "#1", "uv": [ 1.0, 1.0, 3.0, 3.0 ] },
                "west": { "texture": "#1", "uv": [ 1.0, 1.0, 3.0, 3.0 ] },
                "up": { "texture": "#1", "uv": [ 1.0, 1.0, 3.0, 3.0 ] },
                "down": { "texture": "#1", "uv": [ 1.0, 1.0, 3.0, 3.0 ] }
            }
        },
        {
            "name": "Cube",
            "from": [ 8.7, 19.0, 6.699999999999999 ], 
            "to": [ 9.299999999999999, 19.6, 7.299999999999999 ], 
            "faces": {
                "north": { "texture": "#1", "uv": [ 1.0, 1.0, 3.0, 3.0 ] },
                "east": { "texture": "#1", "uv": [ 1.0, 1.0, 3.0, 3.0 ] },
                "south": { "texture": "#1", "uv": [ 1.0, 1.0, 3.0, 3.0 ] },
                "west": { "texture": "#1", "uv": [ 1.0, 1.0, 3.0, 3.0 ] },
                "up": { "texture": "#1", "uv": [ 1.0, 1.0, 3.0, 3.0 ] },
                "down": { "texture": "#1", "uv": [ 1.0, 1.0, 3.0, 3.0 ] }
            }
        },
        {
            "name": "Cube",
            "from": [ 7.699999999999999, 20.0, 6.1 ], 
            "to": [ 8.299999999999999, 20.6, 6.699999999999999 ], 
            "faces": {
                "north": { "texture": "#1", "uv": [ 1.0, 1.0, 3.0, 3.0 ] },
                "east": { "texture": "#1", "uv": [ 1.0, 1.0, 3.0, 3.0 ] },
                "south": { "texture": "#1", "uv": [ 1.0, 1.0, 3.0, 3.0 ] },
                "west": { "texture": "#1", "uv": [ 1.0, 1.0, 3.0, 3.0 ] },
                "up": { "texture": "#1", "uv": [ 1.0, 1.0, 3.0, 3.0 ] },
                "down": { "texture": "#1", "uv": [ 1.0, 1.0, 3.0, 3.0 ] }
            }
        },
        {
            "name": "Cube",
            "from": [ 6.699999999999999, 21.0, 6.9 ], 
            "to": [ 7.299999999999999, 21.6, 7.5 ], 
            "faces": {
                "north": { "texture": "#1", "uv": [ 1.0, 1.0, 3.0, 3.0 ] },
                "east": { "texture": "#1", "uv": [ 1.0, 1.0, 3.0, 3.0 ] },
                "south": { "texture": "#1", "uv": [ 1.0, 1.0, 3.0, 3.0 ] },
                "west": { "texture": "#1", "uv": [ 1.0, 1.0, 3.0, 3.0 ] },
                "up": { "texture": "#1", "uv": [ 1.0, 1.0, 3.0, 3.0 ] },
                "down": { "texture": "#1", "uv": [ 1.0, 1.0, 3.0, 3.0 ] }
            }
        }
    ],
    "display": {
        "thirdperson_righthand": {
            "rotation": [ 50, 0, 0 ],
            "translation": [ 0, -1, 0 ],
            "scale": [ 1, 1.4, 1 ]
        },
        "gui": {
            "rotation": [ -20, 0, -30 ],
            "translation": [ -2, -2.5, 0],
            "scale": [ 1, 1, 1 ]
        },
		"firstperson_righthand": {
            "rotation": [ 0, 0, 0 ],
            "translation": [ 0, -2, 0 ],
            "scale": [ 1, 1.1, 1 ]
        },
        "fixed": {
            "rotation": [ 0, 180, -30 ],
            "translation": [ 2, -2.5, 0],
            "scale": [ 1, 1, 1 ]
        },
        "ground": {
            "scale": [ 0.0, 0.0, 0.0 ]
        }
    }
}