{
    "__comment": "Model generated using MrCrayfish's Model Creator (http://mrcrayfish.com/modelcreator/)",
"ambientocclusion": false,
    "textures": {
        "0": "items/console",
        "1": "blocks/iron_block",
        "2": "blocks/concrete_black"
    },
    "elements": [
        {
            "name": "Element",
            "from": [ 5.0, 8.0, 7.0 ], 
            "to": [ 5.5, 9.5, 7.5 ], 
            "faces": {
                "north": { "texture": "#0", "uv": [ 9.5, 2.5, 11.0, 4.0 ] },
                "east": { "texture": "#0", "uv": [ 9.0, 2.5, 10.5, 4.0 ] },
                "south": { "texture": "#0", "uv": [ 11.0, 1.5, 9.5, 3.0 ] },
                "west": { "texture": "#0", "uv": [ 9.5, 2.5, 11.0, 4.0 ] },
                "up": { "texture": "#0", "uv": [ 8.0, 5.5, 9.5, 7.0 ] },
                "down": { "texture": "#0", "uv": [ 11.0, 7.0, 9.5, 5.5 ] }
            }
        },
        {
            "name": "Cube",
            "from": [ 4.0, 7.0, 6.0 ], 
            "to": [ 12.0, 10.5, 7.0 ], 
            "faces": {
                "north": { "texture": "#1", "uv": [ 1.0, 1.0, 9.0, 4.5 ] },
                "east": { "texture": "#1", "uv": [ 0.0, 0.0, 4.0, 1.0 ] },
                "south": { "texture": "#2", "uv": [ 4.0, 3.0, 12.0, 6.5 ] },
                "west": { "texture": "#1", "uv": [ 4.0, 1.0, 0.0, 0.0 ] },
                "up": { "texture": "#1", "uv": [ 0.0, 0.0, 8.0, 1.0 ] },
                "down": { "texture": "#1", "uv": [ 0.0, 0.0, 8.0, 1.0 ] }
            }
        },
        {
            "name": "Cube",
            "from": [ 4.0, 7.0, 7.0 ], 
            "to": [ 4.5, 10.5, 7.5 ], 
            "faces": {
                "north": { "texture": "#-1", "uv": [ 0.0, 0.0, 0.5, 3.5 ] },
                "east": { "texture": "#1", "uv": [ 0.0, 0.0, 0.5, 3.5 ] },
                "south": { "texture": "#1", "uv": [ 0.0, 0.0, 0.5, 3.5 ] },
                "west": { "texture": "#1", "uv": [ 0.0, 0.0, 0.5, 3.5 ] },
                "up": { "texture": "#1", "uv": [ 0.0, 0.0, 0.5, 0.5 ] },
                "down": { "texture": "#1", "uv": [ 0.0, 0.0, 0.5, 0.5 ] }
            }
        },
        {
            "name": "Cube",
            "from": [ 11.5, 7.0, 7.0 ], 
            "to": [ 12.0, 10.5, 7.5 ], 
            "faces": {
                "north": { "texture": "#-1", "uv": [ 0.0, 0.0, 0.5, 3.5 ] },
                "east": { "texture": "#1", "uv": [ 0.0, 0.0, 0.5, 3.5 ] },
                "south": { "texture": "#1", "uv": [ 0.0, 0.0, 0.5, 3.5 ] },
                "west": { "texture": "#1", "uv": [ 0.0, 0.0, 0.5, 3.5 ] },
                "up": { "texture": "#1", "uv": [ 0.0, 0.0, 0.5, 0.5 ] },
                "down": { "texture": "#1", "uv": [ 0.0, 0.0, 0.5, 0.5 ] }
            }
        },
        {
            "name": "Cube",
            "from": [ 4.5, 10.0, 7.0 ], 
            "to": [ 11.5, 10.5, 7.5 ], 
            "faces": {
                "north": { "texture": "#-1", "uv": [ 0.0, 0.0, 7.0, 0.5 ] },
                "east": { "texture": "#-1", "uv": [ 0.0, 0.0, 0.5, 0.5 ] },
                "south": { "texture": "#1", "uv": [ 0.0, 0.0, 7.0, 0.5 ] },
                "west": { "texture": "#-1", "uv": [ 0.0, 0.0, 0.5, 0.5 ] },
                "up": { "texture": "#1", "uv": [ 0.0, 0.0, 7.0, 0.5 ] },
                "down": { "texture": "#1", "uv": [ 0.0, 0.0, 7.0, 0.5 ] }
            }
        },
        {
            "name": "Cube",
            "from": [ 4.5, 7.0, 7.0 ], 
            "to": [ 11.5, 7.5, 7.5 ], 
            "faces": {
                "north": { "texture": "#-1", "uv": [ 0.0, 0.0, 7.0, 0.5 ] },
                "east": { "texture": "#-1", "uv": [ 0.0, 0.0, 0.5, 0.5 ] },
                "south": { "texture": "#1", "uv": [ 0.0, 0.0, 7.0, 0.5 ] },
                "west": { "texture": "#-1", "uv": [ 0.0, 0.0, 0.5, 0.5 ] },
                "up": { "texture": "#1", "uv": [ 0.0, 0.0, 7.0, 0.5 ] },
                "down": { "texture": "#1", "uv": [ 0.0, 0.0, 7.0, 0.5 ] }
            }
        }
    ],
    "display": {
        "thirdperson_righthand": {
            "rotation": [ 0, 0, 0 ],
            "translation": [ 0, 0.5, 1 ],
            "scale": [ 1, 1, 1 ]
        },
        "gui": {
            "rotation": [ -20, 0, 0 ],
            "translation": [ 0, -0.5, 0],
            "scale": [ 1.3, 1.3, 1.3 ]
        },
        "fixed": {
            "rotation": [ 0, 180, 0 ],
            "translation": [ 0, -1, 0],
            "scale": [ 1.3, 1.3, 1.3 ]
        },
        "ground": {
            "scale": [ 0.0, 0.0, 0.0 ]
        }
    }
}