{
    "__comment": "Model generated using MrCrayfish's Model Creator (http://mrcrayfish.com/modelcreator/)",
    "textures": {
        "0": "items/fireworks",
        "1": "blocks/coal_block",
        "2": "blocks/hardened_clay_stained_orange",
        "3": "blocks/planks_oak"
    },
    "elements": [
        {
            "name": "Cube",
            "from": [ 7.0, 7.0, 7.0 ], 
            "to": [ 9.0, 13.0, 9.0 ], 
            "faces": {
                "north": { "texture": "#0", "uv": [ 7.0, 5.0, 10.0, 13.0 ] },
                "east": { "texture": "#0", "uv": [ 7.0, 5.0, 10.0, 13.0 ] },
                "south": { "texture": "#0", "uv": [ 7.0, 5.0, 10.0, 13.0 ] },
                "west": { "texture": "#0", "uv": [ 7.0, 5.0, 10.0, 13.0 ] },
                "up": { "texture": "#-1", "uv": [ 0.0, 0.0, 2.0, 2.0 ] },
                "down": { "texture": "#1", "uv": [ 4.0, 4.0, 6.0, 6.0 ] }
            }
        },
        {
            "name": "Cube",
            "from": [ 6.5, 13.0, 6.5 ], 
            "to": [ 9.5, 14.0, 9.5 ], 
            "faces": {
                "north": { "texture": "#2", "uv": [ 0.0, 0.0, 3.0, 1.0 ] },
                "east": { "texture": "#2", "uv": [ 0.0, 0.0, 3.0, 1.0 ] },
                "south": { "texture": "#2", "uv": [ 0.0, 0.0, 3.0, 1.0 ] },
                "west": { "texture": "#2", "uv": [ 0.0, 0.0, 3.0, 1.0 ] },
                "up": { "texture": "#2", "uv": [ 0.0, 0.0, 3.0, 3.0 ] },
                "down": { "texture": "#2", "uv": [ 0.0, 0.0, 3.0, 3.0 ] }
            }
        },
        {
            "name": "Cube",
            "from": [ 7.0, 14.0, 7.0 ], 
            "to": [ 9.0, 15.0, 9.0 ], 
            "faces": {
                "north": { "texture": "#2", "uv": [ 0.0, 0.0, 2.0, 1.0 ] },
                "east": { "texture": "#2", "uv": [ 0.0, 0.0, 2.0, 1.0 ] },
                "south": { "texture": "#2", "uv": [ 0.0, 0.0, 3.0, 1.0 ] },
                "west": { "texture": "#2", "uv": [ 0.0, 0.0, 3.0, 1.0 ] },
                "up": { "texture": "#2", "uv": [ 0.0, 0.0, 3.0, 3.0 ] },
                "down": { "texture": "#2", "uv": [ 0.0, 0.0, 3.0, 3.0 ] }
            }
        },
        {
            "name": "Cube",
            "from": [ 7.5, 15.0, 7.5 ], 
            "to": [ 8.5, 16.0, 8.5 ], 
            "faces": {
                "north": { "texture": "#2", "uv": [ 0.0, 0.0, 1.0, 1.0 ] },
                "east": { "texture": "#2", "uv": [ 0.0, 0.0, 1.0, 1.0 ] },
                "south": { "texture": "#2", "uv": [ 0.0, 0.0, 3.0, 1.0 ] },
                "west": { "texture": "#2", "uv": [ 0.0, 0.0, 3.0, 1.0 ] },
                "up": { "texture": "#2", "uv": [ 0.0, 0.0, 3.0, 3.0 ] },
                "down": { "texture": "#2", "uv": [ 0.0, 0.0, 3.0, 3.0 ] }
            }
        },
        {
            "name": "Cube",
            "from": [ 7.0, 1.0, 7.0 ], 
            "to": [ 8.0, 7.0, 8.0 ], 
            "faces": {
                "north": { "texture": "#3", "uv": [ 0.0, 0.0, 2.0, 12.0 ] },
                "east": { "texture": "#3", "uv": [ 0.0, 0.0, 2.0, 12.0 ] },
                "south": { "texture": "#3", "uv": [ 0.0, 0.0, 2.0, 12.0 ] },
                "west": { "texture": "#3", "uv": [ 0.0, 0.0, 2.0, 12.0 ] },
                "up": { "texture": "#-1", "uv": [ 0.0, 0.0, 1.0, 1.0 ] },
                "down": { "texture": "#3", "uv": [ 0.0, 0.0, 1.0, 1.0 ] }
            }
        }
    ],
    "display": {
        "thirdperson_righthand": {
            "rotation": [ 0, 0, 0 ],
            "translation": [ -0.5, 3, 0.3 ],
            "scale": [ 1, 1.4, 1 ]
        },
        "gui": {
            "rotation": [ -20, 0, -30 ],
            "translation": [ 0, -1, 0],
            "scale": [ 1.1, 1.1, 1.1 ]
        },
        "fixed": {
            "rotation": [ 0, 180, -30 ],
            "translation": [ 0, -1, 0],
            "scale": [ 1.1, 1.1, 1.1 ]
        },
        "ground": {
            "scale": [ 0.0, 0.0, 0.0 ]
        }
    }
}