{
    "__comment": "Model generated using MrCrayfish's Model Creator (http://mrcrayfish.com/modelcreator/)",
    "textures": {
        "0": "blocks/slime",
        "1": "blocks/wool_colored_black"
    },
    "elements": [
        {
            "name": "Cube",
            "from": [ 4.0, 4.0, 4.0 ], 
            "to": [ 12.0, 12.0, 12.0 ], 
            "faces": {
                "north": { "texture": "#0", "uv": [ 0.0, 0.0, 16.0, 16.0 ] },
                "east": { "texture": "#0", "uv": [ 0.0, 0.0, 16.0, 16.0 ] },
                "south": { "texture": "#0", "uv": [ 0.0, 0.0, 16.0, 16.0 ] },
                "west": { "texture": "#0", "uv": [ 0.0, 0.0, 16.0, 16.0 ] },
                "up": { "texture": "#0", "uv": [ 0.0, 0.0, 16.0, 16.0 ] },
                "down": { "texture": "#0", "uv": [ 0.0, 0.0, 16.0, 16.0 ] }
            }
        },
        {
            "name": "Cube",
            "from": [ 5.0, 9.0, 12.0 ], 
            "to": [ 7.0, 11.0, 12.5 ],
            "faces": {
                "north": { "texture": "#1", "uv": [ 0.0, 0.0, 2.0, 2.0 ] },
                "east": { "texture": "#1", "uv": [ 0.0, 0.0, 0.5, 2.0 ] },
                "south": { "texture": "#1", "uv": [ 0.0, 0.0, 2.0, 2.0 ] },
                "west": { "texture": "#1", "uv": [ 0.0, 0.0, 0.5, 2.0 ] },
                "up": { "texture": "#1", "uv": [ 0.0, 0.0, 2.0, 0.5 ] },
                "down": { "texture": "#1", "uv": [ 0.0, 0.0, 2.0, 0.5 ] }
            }
        },
        {
            "name": "Cube",
            "from": [ 9.0, 9.0, 12.0 ], 
            "to": [ 11.0, 11.0, 12.5 ], 
            "faces": {
                "north": { "texture": "#1", "uv": [ 0.0, 0.0, 2.0, 2.0 ] },
                "east": { "texture": "#1", "uv": [ 0.0, 0.0, 0.5, 2.0 ] },
                "south": { "texture": "#1", "uv": [ 0.0, 0.0, 2.0, 2.0 ] },
                "west": { "texture": "#1", "uv": [ 0.0, 0.0, 0.5, 2.0 ] },
                "up": { "texture": "#1", "uv": [ 0.0, 0.0, 2.0, 0.5 ] },
                "down": { "texture": "#1", "uv": [ 0.0, 0.0, 2.0, 0.5 ] }
            }
        },
        {
            "name": "Cube",
            "from": [ 7.0, 6.0, 12.0 ], 
            "to": [ 8.0, 7.0, 12.5 ], 
            "faces": {
                "north": { "texture": "#1", "uv": [ 0.0, 0.0, 1.0, 1.0 ] },
                "east": { "texture": "#1", "uv": [ 0.0, 0.0, 0.5, 1.0 ] },
                "south": { "texture": "#1", "uv": [ 0.0, 0.0, 1.0, 1.0 ] },
                "west": { "texture": "#1", "uv": [ 0.0, 0.0, 0.5, 1.0 ] },
                "up": { "texture": "#1", "uv": [ 0.0, 0.0, 1.0, 0.5 ] },
                "down": { "texture": "#1", "uv": [ 0.0, 0.0, 1.0, 0.5 ] }
            }
        }
    ],
    "display": {
        "firstperson_righthand": {
            "rotation": [ 0, -35, 0 ],
            "translation": [ 0, 0, 0 ],
            "scale": [ 1, 1, 1 ]
        },
		"thirdperson_righthand": {
            "rotation": [ 0, -70, 0 ],
            "translation": [ 0, 0, -3 ],
            "scale": [ 0.8, 0.8, 0.8 ]
        },
        "gui": {
            "rotation": [ 10, -25, 0 ],
            "translation": [ 0.5, 0, 0],
            "scale": [ 1, 1, 1 ]
        },
        "fixed": {
            "rotation": [ 0, 180, 0 ],
            "translation": [ 0, 0, 0],
            "scale": [ 1.1, 1.1, 1.1 ]
        },
        "ground": {
            "scale": [ 0.0, 0.0, 0.0 ]
        }
    }
}