{
    "__comment": "Model generated using MrCrayfish's Model Creator (http://mrcrayfish.com/modelcreator/)",
    "textures": {
        "0": "blocks/concrete_black",
        "1": "items/dash"
    },
    "elements": [
        {
            "name": "Cube",
            "from": [ 6.5, 5.0, 6.5 ], 
            "to": [ 9.5, 6.0, 9.5 ], 
            "faces": {
                "north": { "texture": "#0", "uv": [ 0.0, 0.0, 3.0, 1.0 ] },
                "east": { "texture": "#0", "uv": [ 0.0, 0.0, 3.0, 1.0 ] },
                "south": { "texture": "#0", "uv": [ 0.0, 0.0, 3.0, 1.0 ] },
                "west": { "texture": "#0", "uv": [ 0.0, 0.0, 3.0, 1.0 ] },
                "up": { "texture": "#0", "uv": [ 0.0, 0.0, 3.0, 3.0 ] },
                "down": { "texture": "#0", "uv": [ 0.0, 0.0, 3.0, 3.0 ] }
            }
        },
        {
            "name": "Cube",
            "from": [ 6.5, 11.0, 6.5 ], 
            "to": [ 9.5, 12.0, 9.5 ], 
            "faces": {
                "north": { "texture": "#0", "uv": [ 0.0, 0.0, 3.0, 1.0 ] },
                "east": { "texture": "#0", "uv": [ 0.0, 0.0, 3.0, 1.0 ] },
                "south": { "texture": "#0", "uv": [ 0.0, 0.0, 3.0, 1.0 ] },
                "west": { "texture": "#0", "uv": [ 0.0, 0.0, 3.0, 1.0 ] },
                "up": { "texture": "#0", "uv": [ 0.0, 0.0, 3.0, 3.0 ] },
                "down": { "texture": "#0", "uv": [ 0.0, 0.0, 3.0, 3.0 ] }
            }
        },
        {
            "name": "Cube",
            "from": [ 6.5, 10.0, 5.5 ], 
            "to": [ 9.5, 11.0, 6.5 ], 
            "faces": {
                "north": { "texture": "#0", "uv": [ 0.0, 0.0, 3.0, 1.0 ] },
                "east": { "texture": "#0", "uv": [ 0.0, 0.0, 1.0, 1.0 ] },
                "south": { "texture": "#0", "uv": [ 0.0, 0.0, 3.0, 1.0 ] },
                "west": { "texture": "#0", "uv": [ 0.0, 0.0, 1.0, 1.0 ] },
                "up": { "texture": "#0", "uv": [ 0.0, 0.0, 3.0, 1.0 ] },
                "down": { "texture": "#0", "uv": [ 0.0, 0.0, 3.0, 1.0 ] }
            }
        },
        {
            "name": "Cube",
            "from": [ 6.5, 6.0, 5.5 ], 
            "to": [ 9.5, 7.0, 6.5 ], 
            "faces": {
                "north": { "texture": "#0", "uv": [ 0.0, 0.0, 3.0, 1.0 ] },
                "east": { "texture": "#0", "uv": [ 0.0, 0.0, 1.0, 1.0 ] },
                "south": { "texture": "#0", "uv": [ 0.0, 0.0, 3.0, 1.0 ] },
                "west": { "texture": "#0", "uv": [ 0.0, 0.0, 1.0, 1.0 ] },
                "up": { "texture": "#0", "uv": [ 0.0, 0.0, 3.0, 1.0 ] },
                "down": { "texture": "#0", "uv": [ 0.0, 0.0, 3.0, 1.0 ] }
            }
        },
        {
            "name": "Cube",
            "from": [ 6.5, 6.0, 9.5 ], 
            "to": [ 9.5, 7.0, 10.5 ], 
            "faces": {
                "north": { "texture": "#0", "uv": [ 0.0, 0.0, 3.0, 1.0 ] },
                "east": { "texture": "#0", "uv": [ 0.0, 0.0, 1.0, 1.0 ] },
                "south": { "texture": "#0", "uv": [ 0.0, 0.0, 3.0, 1.0 ] },
                "west": { "texture": "#0", "uv": [ 0.0, 0.0, 1.0, 1.0 ] },
                "up": { "texture": "#0", "uv": [ 0.0, 0.0, 3.0, 1.0 ] },
                "down": { "texture": "#0", "uv": [ 0.0, 0.0, 3.0, 1.0 ] }
            }
        },
        {
            "name": "Cube",
            "from": [ 6.5, 10.0, 9.5 ], 
            "to": [ 9.5, 11.0, 10.5 ], 
            "faces": {
                "north": { "texture": "#0", "uv": [ 0.0, 0.0, 3.0, 1.0 ] },
                "east": { "texture": "#0", "uv": [ 0.0, 0.0, 1.0, 1.0 ] },
                "south": { "texture": "#0", "uv": [ 0.0, 0.0, 3.0, 1.0 ] },
                "west": { "texture": "#0", "uv": [ 0.0, 0.0, 1.0, 1.0 ] },
                "up": { "texture": "#0", "uv": [ 0.0, 0.0, 3.0, 1.0 ] },
                "down": { "texture": "#0", "uv": [ 0.0, 0.0, 3.0, 1.0 ] }
            }
        },
        {
            "name": "Cube",
            "from": [ 5.5, 10.0, 6.5 ], 
            "to": [ 6.5, 11.0, 9.5 ], 
            "faces": {
                "north": { "texture": "#0", "uv": [ 0.0, 0.0, 1.0, 1.0 ] },
                "east": { "texture": "#0", "uv": [ 0.0, 0.0, 3.0, 1.0 ] },
                "south": { "texture": "#0", "uv": [ 0.0, 0.0, 1.0, 1.0 ] },
                "west": { "texture": "#0", "uv": [ 0.0, 0.0, 3.0, 1.0 ] },
                "up": { "texture": "#0", "uv": [ 0.0, 0.0, 1.0, 3.0 ] },
                "down": { "texture": "#0", "uv": [ 0.0, 0.0, 1.0, 3.0 ] }
            }
        },
        {
            "name": "Cube",
            "from": [ 5.5, 6.0, 6.5 ], 
            "to": [ 6.5, 7.0, 9.5 ], 
            "faces": {
                "north": { "texture": "#0", "uv": [ 0.0, 0.0, 1.0, 1.0 ] },
                "east": { "texture": "#0", "uv": [ 0.0, 0.0, 3.0, 1.0 ] },
                "south": { "texture": "#0", "uv": [ 0.0, 0.0, 1.0, 1.0 ] },
                "west": { "texture": "#0", "uv": [ 0.0, 0.0, 3.0, 1.0 ] },
                "up": { "texture": "#0", "uv": [ 0.0, 0.0, 1.0, 3.0 ] },
                "down": { "texture": "#0", "uv": [ 0.0, 0.0, 1.0, 3.0 ] }
            }
        },
        {
            "name": "Cube",
            "from": [ 9.5, 6.0, 6.5 ], 
            "to": [ 10.5, 7.0, 9.5 ], 
            "faces": {
                "north": { "texture": "#0", "uv": [ 0.0, 0.0, 1.0, 1.0 ] },
                "east": { "texture": "#0", "uv": [ 0.0, 0.0, 3.0, 1.0 ] },
                "south": { "texture": "#0", "uv": [ 0.0, 0.0, 1.0, 1.0 ] },
                "west": { "texture": "#0", "uv": [ 0.0, 0.0, 3.0, 1.0 ] },
                "up": { "texture": "#0", "uv": [ 0.0, 0.0, 1.0, 3.0 ] },
                "down": { "texture": "#0", "uv": [ 0.0, 0.0, 1.0, 3.0 ] }
            }
        },
        {
            "name": "Cube",
            "from": [ 9.5, 10.0, 6.5 ], 
            "to": [ 10.5, 11.0, 9.5 ], 
            "faces": {
                "north": { "texture": "#0", "uv": [ 0.0, 0.0, 1.0, 1.0 ] },
                "east": { "texture": "#0", "uv": [ 0.0, 0.0, 3.0, 1.0 ] },
                "south": { "texture": "#0", "uv": [ 0.0, 0.0, 1.0, 1.0 ] },
                "west": { "texture": "#0", "uv": [ 0.0, 0.0, 3.0, 1.0 ] },
                "up": { "texture": "#0", "uv": [ 0.0, 0.0, 1.0, 3.0 ] },
                "down": { "texture": "#0", "uv": [ 0.0, 0.0, 1.0, 3.0 ] }
            }
        },
        {
            "name": "Cube",
            "from": [ 6.5, 7.0, 4.5 ], 
            "to": [ 9.5, 10.0, 5.5 ], 
            "faces": {
                "north": { "texture": "#0", "uv": [ 0.0, 0.0, 3.0, 3.0 ] },
                "east": { "texture": "#0", "uv": [ 0.0, 0.0, 1.0, 3.0 ] },
                "south": { "texture": "#0", "uv": [ 0.0, 0.0, 3.0, 3.0 ] },
                "west": { "texture": "#0", "uv": [ 0.0, 0.0, 1.0, 3.0 ] },
                "up": { "texture": "#0", "uv": [ 0.0, 0.0, 3.0, 1.0 ] },
                "down": { "texture": "#0", "uv": [ 0.0, 0.0, 3.0, 1.0 ] }
            }
        },
        {
            "name": "Cube",
            "from": [ 6.5, 7.0, 10.5 ], 
            "to": [ 9.5, 10.0, 11.5 ], 
            "faces": {
                "north": { "texture": "#0", "uv": [ 0.0, 0.0, 3.0, 3.0 ] },
                "east": { "texture": "#0", "uv": [ 0.0, 0.0, 1.0, 3.0 ] },
                "south": { "texture": "#0", "uv": [ 0.0, 0.0, 3.0, 3.0 ] },
                "west": { "texture": "#0", "uv": [ 0.0, 0.0, 1.0, 3.0 ] },
                "up": { "texture": "#0", "uv": [ 0.0, 0.0, 3.0, 1.0 ] },
                "down": { "texture": "#0", "uv": [ 0.0, 0.0, 3.0, 1.0 ] }
            }
        },
        {
            "name": "Cube",
            "from": [ 10.5, 7.0, 6.5 ], 
            "to": [ 11.5, 10.0, 9.5 ], 
            "faces": {
                "north": { "texture": "#0", "uv": [ 0.0, 0.0, 1.0, 3.0 ] },
                "east": { "texture": "#0", "uv": [ 0.0, 0.0, 3.0, 3.0 ] },
                "south": { "texture": "#0", "uv": [ 0.0, 0.0, 1.0, 3.0 ] },
                "west": { "texture": "#0", "uv": [ 0.0, 0.0, 3.0, 3.0 ] },
                "up": { "texture": "#0", "uv": [ 0.0, 0.0, 1.0, 3.0 ] },
                "down": { "texture": "#0", "uv": [ 0.0, 0.0, 1.0, 3.0 ] }
            }
        },
        {
            "name": "Cube",
            "from": [ 4.5, 7.0, 6.5 ], 
            "to": [ 5.5, 10.0, 9.5 ], 
            "faces": {
                "north": { "texture": "#0", "uv": [ 0.0, 0.0, 1.0, 3.0 ] },
                "east": { "texture": "#0", "uv": [ 0.0, 0.0, 3.0, 3.0 ] },
                "south": { "texture": "#0", "uv": [ 0.0, 0.0, 1.0, 3.0 ] },
                "west": { "texture": "#0", "uv": [ 0.0, 0.0, 3.0, 3.0 ] },
                "up": { "texture": "#0", "uv": [ 0.0, 0.0, 1.0, 3.0 ] },
                "down": { "texture": "#0", "uv": [ 0.0, 0.0, 1.0, 3.0 ] }
            }
        },
        {
            "name": "Cube",
            "from": [ 5.5, 7.0, 5.5 ], 
            "to": [ 6.5, 10.0, 6.5 ], 
            "faces": {
                "north": { "texture": "#0", "uv": [ 0.0, 0.0, 1.0, 3.0 ] },
                "east": { "texture": "#0", "uv": [ 0.0, 0.0, 1.0, 3.0 ] },
                "south": { "texture": "#0", "uv": [ 0.0, 0.0, 1.0, 3.0 ] },
                "west": { "texture": "#0", "uv": [ 0.0, 0.0, 1.0, 3.0 ] },
                "up": { "texture": "#0", "uv": [ 0.0, 0.0, 1.0, 1.0 ] },
                "down": { "texture": "#0", "uv": [ 0.0, 0.0, 1.0, 1.0 ] }
            }
        },
        {
            "name": "Cube",
            "from": [ 9.5, 7.0, 5.5 ], 
            "to": [ 10.5, 10.0, 6.5 ], 
            "faces": {
                "north": { "texture": "#0", "uv": [ 0.0, 0.0, 1.0, 3.0 ] },
                "east": { "texture": "#0", "uv": [ 0.0, 0.0, 1.0, 3.0 ] },
                "south": { "texture": "#0", "uv": [ 0.0, 0.0, 1.0, 3.0 ] },
                "west": { "texture": "#0", "uv": [ 0.0, 0.0, 1.0, 3.0 ] },
                "up": { "texture": "#0", "uv": [ 0.0, 0.0, 1.0, 1.0 ] },
                "down": { "texture": "#0", "uv": [ 0.0, 0.0, 1.0, 1.0 ] }
            }
        },
        {
            "name": "Cube",
            "from": [ 9.5, 7.0, 9.5 ], 
            "to": [ 10.5, 10.0, 10.5 ], 
            "faces": {
                "north": { "texture": "#0", "uv": [ 0.0, 0.0, 1.0, 3.0 ] },
                "east": { "texture": "#0", "uv": [ 0.0, 0.0, 1.0, 3.0 ] },
                "south": { "texture": "#0", "uv": [ 0.0, 0.0, 1.0, 3.0 ] },
                "west": { "texture": "#0", "uv": [ 0.0, 0.0, 1.0, 3.0 ] },
                "up": { "texture": "#0", "uv": [ 0.0, 0.0, 1.0, 1.0 ] },
                "down": { "texture": "#0", "uv": [ 0.0, 0.0, 1.0, 1.0 ] }
            }
        },
        {
            "name": "Cube",
            "from": [ 5.5, 7.0, 9.5 ], 
            "to": [ 6.5, 10.0, 10.5 ], 
            "faces": {
                "north": { "texture": "#0", "uv": [ 0.0, 0.0, 1.0, 3.0 ] },
                "east": { "texture": "#0", "uv": [ 0.0, 0.0, 1.0, 3.0 ] },
                "south": { "texture": "#0", "uv": [ 0.0, 0.0, 1.0, 3.0 ] },
                "west": { "texture": "#0", "uv": [ 0.0, 0.0, 1.0, 3.0 ] },
                "up": { "texture": "#0", "uv": [ 0.0, 0.0, 1.0, 1.0 ] },
                "down": { "texture": "#0", "uv": [ 0.0, 0.0, 1.0, 1.0 ] }
            }
        },
        {
            "name": "Cube",
            "from": [ 2.5000000074505806, 8.1, 6.500000007450581 ], 
            "to": [ 3.5000000074505806, 9.1, 7.500000007450581 ], 
            "rotation": { "origin": [ 8.0, 8.5, 8.0 ], "axis": "z", "angle": 45.0 },
            "faces": {
                "north": { "texture": "#1", "uv": [ 0.1, 0.1, 0.9, 0.9 ] },
                "east": { "texture": "#1", "uv": [ 0.1, 0.1, 0.9, 0.9 ] },
                "south": { "texture": "#1", "uv": [ 0.1, 0.1, 0.9, 0.9 ] },
                "west": { "texture": "#1", "uv": [ 0.1, 0.1, 0.9, 0.9 ] },
                "up": { "texture": "#1", "uv": [ 0.1, 0.1, 0.9, 0.9 ] },
                "down": { "texture": "#1", "uv": [ 0.1, 0.1, 0.9, 0.9 ] }
            }
        },
        {
            "name": "Cube",
            "from": [ 2.5000000074505806, 8.1, 7.500000007450581 ], 
            "to": [ 3.5000000074505806, 9.1, 8.50000000745058 ], 
            "rotation": { "origin": [ 8.0, 8.5, 8.0 ], "axis": "z", "angle": 45.0 },
            "faces": {
                "north": { "texture": "#1", "uv": [ 0.1, 1.1, 0.9, 1.9 ] },
                "east": { "texture": "#1", "uv": [ 0.1, 1.1, 0.9, 1.9 ] },
                "south": { "texture": "#1", "uv": [ 0.1, 1.1, 0.9, 1.9 ] },
                "west": { "texture": "#1", "uv": [ 0.1, 1.1, 0.9, 1.9 ] },
                "up": { "texture": "#1", "uv": [ 0.1, 1.1, 0.9, 1.9 ] },
                "down": { "texture": "#1", "uv": [ 0.1, 1.1, 0.9, 1.9 ] }
            }
        },
        {
            "name": "Cube",
            "from": [ 2.5000000074505806, 8.1, 8.50000000745058 ], 
            "to": [ 3.5000000074505806, 9.1, 9.50000000745058 ], 
            "rotation": { "origin": [ 8.0, 8.5, 8.0 ], "axis": "z", "angle": 45.0 },
            "faces": {
                "north": { "texture": "#1", "uv": [ 0.1, 2.1, 0.9, 2.9 ] },
                "east": { "texture": "#1", "uv": [ 0.1, 2.1, 0.9, 2.9 ] },
                "south": { "texture": "#1", "uv": [ 0.1, 2.1, 0.9, 2.9 ] },
                "west": { "texture": "#1", "uv": [ 0.1, 2.1, 0.9, 2.9 ] },
                "up": { "texture": "#1", "uv": [ 0.1, 2.1, 0.9, 2.9 ] },
                "down": { "texture": "#1", "uv": [ 0.1, 2.1, 0.9, 2.9 ] }
            }
        },
        {
            "name": "Cube",
            "from": [ 3.5000000074505806, 8.1, 9.50000000745058 ], 
            "to": [ 4.500000007450581, 9.1, 10.50000000745058 ], 
            "rotation": { "origin": [ 8.0, 8.5, 8.0 ], "axis": "z", "angle": 45.0 },
            "faces": {
                "north": { "texture": "#1", "uv": [ 0.1, 3.1, 0.9, 3.9 ] },
                "east": { "texture": "#1", "uv": [ 0.1, 3.1, 0.9, 3.9 ] },
                "south": { "texture": "#1", "uv": [ 0.1, 3.1, 0.9, 3.9 ] },
                "west": { "texture": "#1", "uv": [ 0.1, 3.1, 0.9, 3.9 ] },
                "up": { "texture": "#1", "uv": [ 0.1, 3.1, 0.9, 3.9 ] },
                "down": { "texture": "#1", "uv": [ 0.1, 3.1, 0.9, 3.9 ] }
            }
        },
        {
            "name": "Cube",
            "from": [ 4.500000007450581, 8.1, 10.50000000745058 ], 
            "to": [ 5.500000007450581, 9.1, 11.50000000745058 ], 
            "rotation": { "origin": [ 8.0, 8.5, 8.00000000745058 ], "axis": "z", "angle": 45.0 },
            "faces": {
                "north": { "texture": "#1", "uv": [ 0.1, 4.1, 0.9, 4.9 ] },
                "east": { "texture": "#1", "uv": [ 0.1, 4.1, 0.9, 4.9 ] },
                "south": { "texture": "#1", "uv": [ 0.1, 4.1, 0.9, 4.9 ] },
                "west": { "texture": "#1", "uv": [ 0.1, 4.1, 0.9, 4.9 ] },
                "up": { "texture": "#1", "uv": [ 0.1, 4.1, 0.9, 4.9 ] },
                "down": { "texture": "#1", "uv": [ 0.1, 4.1, 0.9, 4.9 ] }
            }
        },
        {
            "name": "Cube",
            "from": [ 5.500000007450581, 8.1, 11.50000000745058 ], 
            "to": [ 6.500000007450581, 9.1, 12.50000000745058 ], 
            "rotation": { "origin": [ 8.0, 8.49999999254942, 8.0 ], "axis": "z", "angle": 45.0 },
            "faces": {
                "north": { "texture": "#1", "uv": [ 0.1, 5.1, 0.9, 5.9 ] },
                "east": { "texture": "#1", "uv": [ 0.1, 5.1, 0.9, 5.9 ] },
                "south": { "texture": "#1", "uv": [ 0.1, 5.1, 0.9, 5.9 ] },
                "west": { "texture": "#1", "uv": [ 0.1, 5.1, 0.9, 5.9 ] },
                "up": { "texture": "#1", "uv": [ 0.1, 5.1, 0.9, 5.9 ] },
                "down": { "texture": "#1", "uv": [ 0.1, 5.1, 0.9, 5.9 ] }
            }
        },
        {
            "name": "Cube",
            "from": [ 6.500000007450581, 8.1, 12.50000000745058 ], 
            "to": [ 7.500000007450581, 9.1, 13.50000000745058 ], 
            "rotation": { "origin": [ 8.0, 8.49999999254942, 8.0 ], "axis": "z", "angle": 45.0 },
            "faces": {
                "north": { "texture": "#1", "uv": [ 1.1, 0.09999999999999964, 1.9, 0.9000000000000004 ] },
                "east": { "texture": "#1", "uv": [ 1.1, 0.09999999999999964, 1.9, 0.9000000000000004 ] },
                "south": { "texture": "#1", "uv": [ 1.1, 0.09999999999999964, 1.9, 0.9000000000000004 ] },
                "west": { "texture": "#1", "uv": [ 1.1, 0.09999999999999964, 1.9, 0.9000000000000004 ] },
                "up": { "texture": "#1", "uv": [ 1.1, 0.09999999999999964, 1.9, 0.9000000000000004 ] },
                "down": { "texture": "#1", "uv": [ 1.1, 0.09999999999999964, 1.9, 0.9000000000000004 ] }
            }
        },
        {
            "name": "Cube",
            "from": [ 7.500000007450581, 8.1, 12.50000000745058 ], 
            "to": [ 8.50000000745058, 9.1, 13.50000000745058 ], 
            "rotation": { "origin": [ 8.0, 8.49999999254942, 8.0 ], "axis": "z", "angle": 45.0 },
            "faces": {
                "north": { "texture": "#1", "uv": [ 1.1, 1.0999999999999996, 1.9, 1.9000000000000004 ] },
                "east": { "texture": "#1", "uv": [ 1.1, 1.0999999999999996, 1.9, 1.9000000000000004 ] },
                "south": { "texture": "#1", "uv": [ 1.1, 1.0999999999999996, 1.9, 1.9000000000000004 ] },
                "west": { "texture": "#1", "uv": [ 1.1, 1.0999999999999996, 1.9, 1.9000000000000004 ] },
                "up": { "texture": "#1", "uv": [ 1.1, 1.0999999999999996, 1.9, 1.9000000000000004 ] },
                "down": { "texture": "#1", "uv": [ 1.1, 1.0999999999999996, 1.9, 1.9000000000000004 ] }
            }
        },
        {
            "name": "Cube",
            "from": [ 8.50000000745058, 8.1, 12.50000000745058 ], 
            "to": [ 9.50000000745058, 9.1, 13.50000000745058 ], 
            "rotation": { "origin": [ 8.0, 8.49999999254942, 8.0 ], "axis": "z", "angle": 45.0 },
            "faces": {
                "north": { "texture": "#1", "uv": [ 1.1, 2.0999999999999996, 1.9, 2.9000000000000004 ] },
                "east": { "texture": "#1", "uv": [ 1.1, 2.0999999999999996, 1.9, 2.9000000000000004 ] },
                "south": { "texture": "#1", "uv": [ 1.1, 2.0999999999999996, 1.9, 2.9000000000000004 ] },
                "west": { "texture": "#1", "uv": [ 1.1, 2.0999999999999996, 1.9, 2.9000000000000004 ] },
                "up": { "texture": "#1", "uv": [ 1.1, 2.0999999999999996, 1.9, 2.9000000000000004 ] },
                "down": { "texture": "#1", "uv": [ 1.1, 2.0999999999999996, 1.9, 2.9000000000000004 ] }
            }
        },
        {
            "name": "Cube",
            "from": [ 9.50000000745058, 8.1, 11.50000000745058 ], 
            "to": [ 10.50000000745058, 9.1, 12.50000000745058 ], 
            "rotation": { "origin": [ 8.0, 8.49999999254942, 8.0 ], "axis": "z", "angle": 45.0 },
            "faces": {
                "north": { "texture": "#1", "uv": [ 1.1, 3.0999999999999996, 1.9, 3.9000000000000004 ] },
                "east": { "texture": "#1", "uv": [ 1.1, 3.0999999999999996, 1.9, 3.9000000000000004 ] },
                "south": { "texture": "#1", "uv": [ 1.1, 3.0999999999999996, 1.9, 3.9000000000000004 ] },
                "west": { "texture": "#1", "uv": [ 1.1, 3.0999999999999996, 1.9, 3.9000000000000004 ] },
                "up": { "texture": "#1", "uv": [ 1.1, 3.0999999999999996, 1.9, 3.9000000000000004 ] },
                "down": { "texture": "#1", "uv": [ 1.1, 3.0999999999999996, 1.9, 3.9000000000000004 ] }
            }
        },
        {
            "name": "Cube",
            "from": [ 10.50000000745058, 8.1, 10.50000000745058 ], 
            "to": [ 11.50000000745058, 9.1, 11.50000000745058 ], 
            "rotation": { "origin": [ 8.0, 8.49999999254942, 8.0 ], "axis": "z", "angle": 45.0 },
            "faces": {
                "north": { "texture": "#1", "uv": [ 1.1, 4.1, 1.9, 4.9 ] },
                "east": { "texture": "#1", "uv": [ 1.1, 4.1, 1.9, 4.9 ] },
                "south": { "texture": "#1", "uv": [ 1.1, 4.1, 1.9, 4.9 ] },
                "west": { "texture": "#1", "uv": [ 1.1, 4.1, 1.9, 4.9 ] },
                "up": { "texture": "#1", "uv": [ 1.1, 4.1, 1.9, 4.9 ] },
                "down": { "texture": "#1", "uv": [ 1.1, 4.1, 1.9, 4.9 ] }
            }
        },
        {
            "name": "Cube",
            "from": [ 11.50000000745058, 8.1, 9.50000000745058 ], 
            "to": [ 12.50000000745058, 9.1, 10.50000000745058 ], 
            "rotation": { "origin": [ 8.0, 8.49999999254942, 8.0 ], "axis": "z", "angle": 45.0 },
            "faces": {
                "north": { "texture": "#1", "uv": [ 1.1, 5.1, 1.9, 5.9 ] },
                "east": { "texture": "#1", "uv": [ 1.1, 5.1, 1.9, 5.9 ] },
                "south": { "texture": "#1", "uv": [ 1.1, 5.1, 1.9, 5.9 ] },
                "west": { "texture": "#1", "uv": [ 1.1, 5.1, 1.9, 5.9 ] },
                "up": { "texture": "#1", "uv": [ 1.1, 5.1, 1.9, 5.9 ] },
                "down": { "texture": "#1", "uv": [ 1.1, 5.1, 1.9, 5.9 ] }
            }
        },
        {
            "name": "Cube",
            "from": [ 12.50000000745058, 8.1, 8.50000000745058 ], 
            "to": [ 13.50000000745058, 9.1, 9.50000000745058 ], 
            "rotation": { "origin": [ 8.0, 8.5, 8.0 ], "axis": "z", "angle": 45.0 },
            "faces": {
                "north": { "texture": "#1", "uv": [ 0.1, 0.1, 0.9, 0.9 ] },
                "east": { "texture": "#1", "uv": [ 0.1, 0.1, 0.9, 0.9 ] },
                "south": { "texture": "#1", "uv": [ 0.1, 0.1, 0.9, 0.9 ] },
                "west": { "texture": "#1", "uv": [ 0.1, 0.1, 0.9, 0.9 ] },
                "up": { "texture": "#1", "uv": [ 0.1, 0.1, 0.9, 0.9 ] },
                "down": { "texture": "#1", "uv": [ 0.1, 0.1, 0.9, 0.9 ] }
            }
        },
        {
            "name": "Cube",
            "from": [ 12.50000000745058, 8.1, 7.500000007450581 ], 
            "to": [ 13.50000000745058, 9.1, 8.50000000745058 ], 
            "rotation": { "origin": [ 8.0, 8.5, 8.0 ], "axis": "z", "angle": 45.0 },
            "faces": {
                "north": { "texture": "#1", "uv": [ 0.1, 1.1, 0.9, 1.9 ] },
                "east": { "texture": "#1", "uv": [ 0.1, 1.1, 0.9, 1.9 ] },
                "south": { "texture": "#1", "uv": [ 0.1, 1.1, 0.9, 1.9 ] },
                "west": { "texture": "#1", "uv": [ 0.1, 1.1, 0.9, 1.9 ] },
                "up": { "texture": "#1", "uv": [ 0.1, 1.1, 0.9, 1.9 ] },
                "down": { "texture": "#1", "uv": [ 0.1, 1.1, 0.9, 1.9 ] }
            }
        },
        {
            "name": "Cube",
            "from": [ 12.50000000745058, 8.1, 6.500000007450581 ], 
            "to": [ 13.50000000745058, 9.1, 7.500000007450581 ], 
            "rotation": { "origin": [ 8.0, 8.5, 8.0 ], "axis": "z", "angle": 45.0 },
            "faces": {
                "north": { "texture": "#1", "uv": [ 0.1, 2.1, 0.9, 2.9 ] },
                "east": { "texture": "#1", "uv": [ 0.1, 2.1, 0.9, 2.9 ] },
                "south": { "texture": "#1", "uv": [ 0.1, 2.1, 0.9, 2.9 ] },
                "west": { "texture": "#1", "uv": [ 0.1, 2.1, 0.9, 2.9 ] },
                "up": { "texture": "#1", "uv": [ 0.1, 2.1, 0.9, 2.9 ] },
                "down": { "texture": "#1", "uv": [ 0.1, 2.1, 0.9, 2.9 ] }
            }
        },
        {
            "name": "Cube",
            "from": [ 11.50000000745058, 8.1, 5.500000007450581 ], 
            "to": [ 12.50000000745058, 9.1, 6.500000007450581 ], 
            "rotation": { "origin": [ 8.0, 8.5, 8.0 ], "axis": "z", "angle": 45.0 },
            "faces": {
                "north": { "texture": "#1", "uv": [ 0.1, 3.1, 0.9, 3.9 ] },
                "east": { "texture": "#1", "uv": [ 0.1, 3.1, 0.9, 3.9 ] },
                "south": { "texture": "#1", "uv": [ 0.1, 3.1, 0.9, 3.9 ] },
                "west": { "texture": "#1", "uv": [ 0.1, 3.1, 0.9, 3.9 ] },
                "up": { "texture": "#1", "uv": [ 0.1, 3.1, 0.9, 3.9 ] },
                "down": { "texture": "#1", "uv": [ 0.1, 3.1, 0.9, 3.9 ] }
            }
        },
        {
            "name": "Cube",
            "from": [ 10.50000000745058, 8.1, 4.500000007450581 ], 
            "to": [ 11.50000000745058, 9.1, 5.500000007450581 ], 
            "rotation": { "origin": [ 8.0, 8.5, 8.00000000745058 ], "axis": "z", "angle": 45.0 },
            "faces": {
                "north": { "texture": "#1", "uv": [ 0.1, 4.1, 0.9, 4.9 ] },
                "east": { "texture": "#1", "uv": [ 0.1, 4.1, 0.9, 4.9 ] },
                "south": { "texture": "#1", "uv": [ 0.1, 4.1, 0.9, 4.9 ] },
                "west": { "texture": "#1", "uv": [ 0.1, 4.1, 0.9, 4.9 ] },
                "up": { "texture": "#1", "uv": [ 0.1, 4.1, 0.9, 4.9 ] },
                "down": { "texture": "#1", "uv": [ 0.1, 4.1, 0.9, 4.9 ] }
            }
        },
        {
            "name": "Cube",
            "from": [ 9.50000000745058, 8.1, 3.5000000074505806 ], 
            "to": [ 10.50000000745058, 9.1, 4.500000007450581 ], 
            "rotation": { "origin": [ 8.0, 8.49999999254942, 8.0 ], "axis": "z", "angle": 45.0 },
            "faces": {
                "north": { "texture": "#1", "uv": [ 0.1, 5.1, 0.9, 5.9 ] },
                "east": { "texture": "#1", "uv": [ 0.1, 5.1, 0.9, 5.9 ] },
                "south": { "texture": "#1", "uv": [ 0.1, 5.1, 0.9, 5.9 ] },
                "west": { "texture": "#1", "uv": [ 0.1, 5.1, 0.9, 5.9 ] },
                "up": { "texture": "#1", "uv": [ 0.1, 5.1, 0.9, 5.9 ] },
                "down": { "texture": "#1", "uv": [ 0.1, 5.1, 0.9, 5.9 ] }
            }
        },
        {
            "name": "Cube",
            "from": [ 8.50000000745058, 8.1, 2.5000000074505806 ], 
            "to": [ 9.50000000745058, 9.1, 3.5000000074505806 ], 
            "rotation": { "origin": [ 8.0, 8.49999999254942, 8.0 ], "axis": "z", "angle": 45.0 },
            "faces": {
                "north": { "texture": "#1", "uv": [ 1.1, 0.09999999999999964, 1.9, 0.9000000000000004 ] },
                "east": { "texture": "#1", "uv": [ 1.1, 0.09999999999999964, 1.9, 0.9000000000000004 ] },
                "south": { "texture": "#1", "uv": [ 1.1, 0.09999999999999964, 1.9, 0.9000000000000004 ] },
                "west": { "texture": "#1", "uv": [ 1.1, 0.09999999999999964, 1.9, 0.9000000000000004 ] },
                "up": { "texture": "#1", "uv": [ 1.1, 0.09999999999999964, 1.9, 0.9000000000000004 ] },
                "down": { "texture": "#1", "uv": [ 1.1, 0.09999999999999964, 1.9, 0.9000000000000004 ] }
            }
        },
        {
            "name": "Cube",
            "from": [ 7.500000007450581, 8.1, 2.5000000074505806 ], 
            "to": [ 8.50000000745058, 9.1, 3.5000000074505806 ], 
            "rotation": { "origin": [ 8.0, 8.49999999254942, 8.0 ], "axis": "z", "angle": 45.0 },
            "faces": {
                "north": { "texture": "#1", "uv": [ 1.1, 1.0999999999999996, 1.9, 1.9000000000000004 ] },
                "east": { "texture": "#1", "uv": [ 1.1, 1.0999999999999996, 1.9, 1.9000000000000004 ] },
                "south": { "texture": "#1", "uv": [ 1.1, 1.0999999999999996, 1.9, 1.9000000000000004 ] },
                "west": { "texture": "#1", "uv": [ 1.1, 1.0999999999999996, 1.9, 1.9000000000000004 ] },
                "up": { "texture": "#1", "uv": [ 1.1, 1.0999999999999996, 1.9, 1.9000000000000004 ] },
                "down": { "texture": "#1", "uv": [ 1.1, 1.0999999999999996, 1.9, 1.9000000000000004 ] }
            }
        },
        {
            "name": "Cube",
            "from": [ 6.500000007450581, 8.1, 2.5000000074505806 ], 
            "to": [ 7.500000007450581, 9.1, 3.5000000074505806 ], 
            "rotation": { "origin": [ 8.0, 8.49999999254942, 8.0 ], "axis": "z", "angle": 45.0 },
            "faces": {
                "north": { "texture": "#1", "uv": [ 1.1, 2.0999999999999996, 1.9, 2.9000000000000004 ] },
                "east": { "texture": "#1", "uv": [ 1.1, 2.0999999999999996, 1.9, 2.9000000000000004 ] },
                "south": { "texture": "#1", "uv": [ 1.1, 2.0999999999999996, 1.9, 2.9000000000000004 ] },
                "west": { "texture": "#1", "uv": [ 1.1, 2.0999999999999996, 1.9, 2.9000000000000004 ] },
                "up": { "texture": "#1", "uv": [ 1.1, 2.0999999999999996, 1.9, 2.9000000000000004 ] },
                "down": { "texture": "#1", "uv": [ 1.1, 2.0999999999999996, 1.9, 2.9000000000000004 ] }
            }
        },
        {
            "name": "Cube",
            "from": [ 5.500000007450581, 8.1, 3.5000000074505806 ], 
            "to": [ 6.500000007450581, 9.1, 4.500000007450581 ], 
            "rotation": { "origin": [ 8.0, 8.49999999254942, 8.0 ], "axis": "z", "angle": 45.0 },
            "faces": {
                "north": { "texture": "#1", "uv": [ 1.1, 3.0999999999999996, 1.9, 3.9000000000000004 ] },
                "east": { "texture": "#1", "uv": [ 1.1, 3.0999999999999996, 1.9, 3.9000000000000004 ] },
                "south": { "texture": "#1", "uv": [ 1.1, 3.0999999999999996, 1.9, 3.9000000000000004 ] },
                "west": { "texture": "#1", "uv": [ 1.1, 3.0999999999999996, 1.9, 3.9000000000000004 ] },
                "up": { "texture": "#1", "uv": [ 1.1, 3.0999999999999996, 1.9, 3.9000000000000004 ] },
                "down": { "texture": "#1", "uv": [ 1.1, 3.0999999999999996, 1.9, 3.9000000000000004 ] }
            }
        },
        {
            "name": "Cube",
            "from": [ 4.500000007450581, 8.1, 4.500000007450581 ], 
            "to": [ 5.500000007450581, 9.1, 5.500000007450581 ], 
            "rotation": { "origin": [ 8.0, 8.49999999254942, 8.0 ], "axis": "z", "angle": 45.0 },
            "faces": {
                "north": { "texture": "#1", "uv": [ 1.1, 4.1, 1.9, 4.9 ] },
                "east": { "texture": "#1", "uv": [ 1.1, 4.1, 1.9, 4.9 ] },
                "south": { "texture": "#1", "uv": [ 1.1, 4.1, 1.9, 4.9 ] },
                "west": { "texture": "#1", "uv": [ 1.1, 4.1, 1.9, 4.9 ] },
                "up": { "texture": "#1", "uv": [ 1.1, 4.1, 1.9, 4.9 ] },
                "down": { "texture": "#1", "uv": [ 1.1, 4.1, 1.9, 4.9 ] }
            }
        },
        {
            "name": "Cube",
            "from": [ 3.5000000074505806, 8.1, 5.500000007450581 ], 
            "to": [ 4.500000007450581, 9.1, 6.500000007450581 ], 
            "rotation": { "origin": [ 8.0, 8.49999999254942, 8.0 ], "axis": "z", "angle": 45.0 },
            "faces": {
                "north": { "texture": "#1", "uv": [ 1.1, 5.1, 1.9, 5.9 ] },
                "east": { "texture": "#1", "uv": [ 1.1, 5.1, 1.9, 5.9 ] },
                "south": { "texture": "#1", "uv": [ 1.1, 5.1, 1.9, 5.9 ] },
                "west": { "texture": "#1", "uv": [ 1.1, 5.1, 1.9, 5.9 ] },
                "up": { "texture": "#1", "uv": [ 1.1, 5.1, 1.9, 5.9 ] },
                "down": { "texture": "#1", "uv": [ 1.1, 5.1, 1.9, 5.9 ] }
            }
        }
    ],
    "display": {
        "thirdperson_righthand": {
            "rotation": [ 45, 0, 0 ],
            "translation": [ 0, 1, -1 ],
            "scale": [ 1, 1, 1 ]
        },
        "gui": {
            "rotation": [ 30, 0, 0 ],
            "translation": [ 0, -1, 0],
            "scale": [ 1.2, 1.2, 1.2 ]
        },
        "fixed": {
            "rotation": [ 0, 180, 0 ],
            "translation": [ 0, -1, 0],
            "scale": [ 1.2, 1.2, 1.2 ]
        },
        "ground": {
            "scale": [ 0.0, 0.0, 0.0 ]
        }
    }
}