{
    "__comment": "Model generated using MrCrayfish's Model Creator (http://mrcrayfish.com/modelcreator/)",
    "textures": {
        "0": "blocks/cactus_side",
		"1": "blocks/cactus_top",
		"2": "blocks/cactus_bottom"
    },
    "elements": [
        {
            "name": "Cube",
            "from": [ 4.0, 4.0, 4.0 ], 
            "to": [ 12.0, 12.0, 12.0 ], 
            "faces": {
                "north": { "texture": "#0", "uv": [ 1.0, 1.0, 15.0, 15.0 ] },
                "east": { "texture": "#0", "uv": [ 1.0, 1.0, 15.0, 15.0 ] },
                "south": { "texture": "#0", "uv": [ 1.0, 1.0, 15.0, 15.0 ] },
                "west": { "texture": "#0", "uv": [ 1.0, 1.0, 15.0, 15.0 ] },
                "up": { "texture": "#1", "uv": [ 1.0, 1.0, 15.0, 15.0 ] },
                "down": { "texture": "#2", "uv": [ 1.0, 1.0, 15.0, 15.0 ] }
            }
        }
    ],
    "display": {
        "firstperson_righthand": {
            "rotation": [ 0, -35, 0 ],
            "translation": [ 0, 0, 0 ],
            "scale": [ 1, 1, 1 ]
        },
		"thirdperson_righthand": {
            "rotation": [ 0, -70, 0 ],
            "translation": [ 0, 0, -3 ],
            "scale": [ 0.8, 0.8, 0.8 ]
        },
        "gui": {
            "rotation": [ 10, -25, 0 ],
            "translation": [ 0.5, 0, 0],
            "scale": [ 1, 1, 1 ]
        },
        "fixed": {
            "rotation": [ 0, 180, 0 ],
            "translation": [ 0, 0, 0],
            "scale": [ 1.1, 1.1, 1.1 ]
        },
        "ground": {
            "scale": [ 0.0, 0.0, 0.0 ]
        }
    }
}