{
    "__comment": "Model generated using MrCrayfish's Model Creator (http://mrcrayfish.com/modelcreator/)",
    "textures": {
        "0": "blocks/glass_white",
        "1": "items/cloud",
        "2": "blocks/hardened_clay_stained_orange"
    },
    "elements": [
        {
            "name": "Cube",
            "from": [ 6.0, 0.0, 6.0 ], 
            "to": [ 10.0, 1.0, 10.0 ], 
            "faces": {
                "north": { "texture": "#0", "uv": [ 9.0, 6.0, 13.0, 7.0 ] },
                "east": { "texture": "#0", "uv": [ 6.0, 6.0, 10.0, 7.0 ] },
                "south": { "texture": "#0", "uv": [ 5.0, 5.0, 9.0, 6.0 ] },
                "west": { "texture": "#0", "uv": [ 8.0, 9.0, 12.0, 10.0 ] },
                "up": { "texture": "#0", "uv": [ 8.0, 5.0, 12.0, 9.0 ] },
                "down": { "texture": "#0", "uv": [ 4.0, 7.0, 8.0, 11.0 ] }
            }
        },
        {
            "name": "Cube",
            "from": [ 5.0, 1.0, 6.0 ], 
            "to": [ 6.0, 4.0, 10.0 ], 
            "faces": {
                "north": { "texture": "#0", "uv": [ 5.0, 5.0, 6.0, 8.0 ] },
                "east": { "texture": "#0", "uv": [ 4.0, 3.0, 8.0, 6.0 ] },
                "south": { "texture": "#0", "uv": [ 6.0, 5.0, 7.0, 8.0 ] },
                "west": { "texture": "#0", "uv": [ 5.0, 5.0, 9.0, 8.0 ] },
                "up": { "texture": "#0", "uv": [ 6.0, 5.0, 7.0, 9.0 ] },
                "down": { "texture": "#0", "uv": [ 7.0, 5.0, 8.0, 9.0 ] }
            }
        },
        {
            "name": "Cube",
            "from": [ 10.0, 1.0, 6.0 ], 
            "to": [ 11.0, 4.0, 10.0 ], 
            "faces": {
                "north": { "texture": "#0", "uv": [ 5.0, 5.0, 6.0, 8.0 ] },
                "east": { "texture": "#0", "uv": [ 4.0, 3.0, 8.0, 6.0 ] },
                "south": { "texture": "#0", "uv": [ 6.0, 5.0, 7.0, 8.0 ] },
                "west": { "texture": "#0", "uv": [ 5.0, 5.0, 9.0, 8.0 ] },
                "up": { "texture": "#0", "uv": [ 6.0, 5.0, 7.0, 9.0 ] },
                "down": { "texture": "#0", "uv": [ 7.0, 5.0, 8.0, 9.0 ] }
            }
        },
        {
            "name": "Cube",
            "from": [ 6.0, 1.0, 10.0 ], 
            "to": [ 10.0, 4.0, 11.0 ], 
            "faces": {
                "north": { "texture": "#0", "uv": [ 5.0, 8.0, 9.0, 11.0 ] },
                "east": { "texture": "#0", "uv": [ 5.0, 5.0, 6.0, 8.0 ] },
                "south": { "texture": "#0", "uv": [ 6.0, 6.0, 10.0, 9.0 ] },
                "west": { "texture": "#0", "uv": [ 9.0, 4.0, 10.0, 7.0 ] },
                "up": { "texture": "#0", "uv": [ 7.0, 6.0, 11.0, 7.0 ] },
                "down": { "texture": "#0", "uv": [ 6.0, 6.0, 10.0, 7.0 ] }
            }
        },
        {
            "name": "Cube",
            "from": [ 6.0, 1.0, 5.0 ], 
            "to": [ 10.0, 4.0, 6.0 ], 
            "faces": {
                "north": { "texture": "#0", "uv": [ 5.0, 7.0, 9.0, 10.0 ] },
                "east": { "texture": "#0", "uv": [ 6.0, 4.0, 7.0, 7.0 ] },
                "south": { "texture": "#0", "uv": [ 9.0, 8.0, 13.0, 11.0 ] },
                "west": { "texture": "#0", "uv": [ 6.0, 4.0, 7.0, 7.0 ] },
                "up": { "texture": "#0", "uv": [ 9.0, 5.0, 13.0, 6.0 ] },
                "down": { "texture": "#0", "uv": [ 5.0, 6.0, 9.0, 7.0 ] }
            }
        },
        {
            "name": "Cube",
            "from": [ 6.0, 4.0, 6.0 ], 
            "to": [ 7.0, 5.0, 7.0 ], 
            "faces": {
                "north": { "texture": "#0", "uv": [ 5.0, 7.0, 6.0, 8.0 ] },
                "east": { "texture": "#0", "uv": [ 6.0, 4.0, 7.0, 5.0 ] },
                "south": { "texture": "#0", "uv": [ 9.0, 8.0, 10.0, 9.0 ] },
                "west": { "texture": "#0", "uv": [ 6.0, 4.0, 7.0, 5.0 ] },
                "up": { "texture": "#0", "uv": [ 9.0, 5.0, 10.0, 6.0 ] },
                "down": { "texture": "#0", "uv": [ 5.0, 6.0, 6.0, 7.0 ] }
            }
        },
        {
            "name": "Cube",
            "from": [ 9.0, 4.0, 6.0 ], 
            "to": [ 10.0, 5.0, 7.0 ], 
            "faces": {
                "north": { "texture": "#0", "uv": [ 5.0, 7.0, 6.0, 8.0 ] },
                "east": { "texture": "#0", "uv": [ 6.0, 4.0, 7.0, 5.0 ] },
                "south": { "texture": "#0", "uv": [ 9.0, 8.0, 10.0, 9.0 ] },
                "west": { "texture": "#0", "uv": [ 6.0, 4.0, 7.0, 5.0 ] },
                "up": { "texture": "#0", "uv": [ 9.0, 5.0, 10.0, 6.0 ] },
                "down": { "texture": "#0", "uv": [ 5.0, 6.0, 6.0, 7.0 ] }
            }
        },
        {
            "name": "Cube",
            "from": [ 9.0, 4.0, 9.0 ], 
            "to": [ 10.0, 5.0, 10.0 ], 
            "faces": {
                "north": { "texture": "#0", "uv": [ 5.0, 7.0, 6.0, 8.0 ] },
                "east": { "texture": "#0", "uv": [ 6.0, 4.0, 7.0, 5.0 ] },
                "south": { "texture": "#0", "uv": [ 9.0, 8.0, 10.0, 9.0 ] },
                "west": { "texture": "#0", "uv": [ 6.0, 4.0, 7.0, 5.0 ] },
                "up": { "texture": "#0", "uv": [ 9.0, 5.0, 10.0, 6.0 ] },
                "down": { "texture": "#0", "uv": [ 5.0, 6.0, 6.0, 7.0 ] }
            }
        },
        {
            "name": "Cube",
            "from": [ 6.0, 4.0, 9.0 ], 
            "to": [ 7.0, 5.0, 10.0 ], 
            "faces": {
                "north": { "texture": "#0", "uv": [ 5.0, 7.0, 6.0, 8.0 ] },
                "east": { "texture": "#0", "uv": [ 6.0, 4.0, 7.0, 5.0 ] },
                "south": { "texture": "#0", "uv": [ 9.0, 8.0, 10.0, 9.0 ] },
                "west": { "texture": "#0", "uv": [ 6.0, 4.0, 7.0, 5.0 ] },
                "up": { "texture": "#0", "uv": [ 9.0, 5.0, 10.0, 6.0 ] },
                "down": { "texture": "#0", "uv": [ 5.0, 6.0, 6.0, 7.0 ] }
            }
        },
        {
            "name": "Cube",
            "from": [ 7.0, 4.0, 5.0 ], 
            "to": [ 9.0, 5.0, 6.0 ], 
            "faces": {
                "north": { "texture": "#0", "uv": [ 5.0, 7.0, 7.0, 8.0 ] },
                "east": { "texture": "#0", "uv": [ 6.0, 4.0, 7.0, 5.0 ] },
                "south": { "texture": "#0", "uv": [ 9.0, 8.0, 11.0, 9.0 ] },
                "west": { "texture": "#0", "uv": [ 6.0, 4.0, 7.0, 5.0 ] },
                "up": { "texture": "#0", "uv": [ 9.0, 5.0, 11.0, 6.0 ] },
                "down": { "texture": "#0", "uv": [ 5.0, 6.0, 7.0, 7.0 ] }
            }
        },
        {
            "name": "Cube",
            "from": [ 7.0, 4.0, 10.0 ], 
            "to": [ 9.0, 5.0, 11.0 ], 
            "faces": {
                "north": { "texture": "#0", "uv": [ 5.0, 7.0, 7.0, 8.0 ] },
                "east": { "texture": "#0", "uv": [ 6.0, 4.0, 7.0, 5.0 ] },
                "south": { "texture": "#0", "uv": [ 9.0, 8.0, 11.0, 9.0 ] },
                "west": { "texture": "#0", "uv": [ 6.0, 4.0, 7.0, 5.0 ] },
                "up": { "texture": "#0", "uv": [ 9.0, 5.0, 11.0, 6.0 ] },
                "down": { "texture": "#0", "uv": [ 5.0, 6.0, 7.0, 7.0 ] }
            }
        },
        {
            "name": "Cube",
            "from": [ 10.0, 4.0, 7.0 ], 
            "to": [ 11.0, 5.0, 9.0 ], 
            "faces": {
                "north": { "texture": "#0", "uv": [ 5.0, 7.0, 6.0, 8.0 ] },
                "east": { "texture": "#0", "uv": [ 6.0, 4.0, 8.0, 5.0 ] },
                "south": { "texture": "#0", "uv": [ 9.0, 8.0, 10.0, 9.0 ] },
                "west": { "texture": "#0", "uv": [ 6.0, 4.0, 8.0, 5.0 ] },
                "up": { "texture": "#0", "uv": [ 9.0, 5.0, 10.0, 7.0 ] },
                "down": { "texture": "#0", "uv": [ 5.0, 6.0, 6.0, 8.0 ] }
            }
        },
        {
            "name": "Cube",
            "from": [ 5.0, 4.0, 7.0 ], 
            "to": [ 6.0, 5.0, 9.0 ], 
            "faces": {
                "north": { "texture": "#0", "uv": [ 5.0, 7.0, 6.0, 8.0 ] },
                "east": { "texture": "#0", "uv": [ 6.0, 4.0, 8.0, 5.0 ] },
                "south": { "texture": "#0", "uv": [ 9.0, 8.0, 10.0, 9.0 ] },
                "west": { "texture": "#0", "uv": [ 6.0, 4.0, 8.0, 5.0 ] },
                "up": { "texture": "#0", "uv": [ 9.0, 5.0, 10.0, 7.0 ] },
                "down": { "texture": "#0", "uv": [ 5.0, 6.0, 6.0, 8.0 ] }
            }
        },
        {
            "name": "Cube",
            "from": [ 6.0, 5.0, 7.0 ], 
            "to": [ 7.0, 8.0, 9.0 ], 
            "faces": {
                "north": { "texture": "#0", "uv": [ 5.0, 7.0, 6.0, 9.0 ] },
                "east": { "texture": "#0", "uv": [ 6.0, 4.0, 8.0, 6.0 ] },
                "south": { "texture": "#0", "uv": [ 9.0, 8.0, 10.0, 10.0 ] },
                "west": { "texture": "#0", "uv": [ 6.0, 4.0, 8.0, 6.0 ] },
                "up": { "texture": "#0", "uv": [ 9.0, 5.0, 10.0, 7.0 ] },
                "down": { "texture": "#0", "uv": [ 5.0, 6.0, 6.0, 8.0 ] }
            }
        },
        {
            "name": "Cube",
            "from": [ 9.0, 5.0, 7.0 ], 
            "to": [ 10.0, 8.0, 9.0 ], 
            "faces": {
                "north": { "texture": "#0", "uv": [ 5.0, 7.0, 6.0, 9.0 ] },
                "east": { "texture": "#0", "uv": [ 6.0, 4.0, 8.0, 6.0 ] },
                "south": { "texture": "#0", "uv": [ 9.0, 8.0, 10.0, 10.0 ] },
                "west": { "texture": "#0", "uv": [ 6.0, 4.0, 8.0, 6.0 ] },
                "up": { "texture": "#0", "uv": [ 9.0, 5.0, 10.0, 7.0 ] },
                "down": { "texture": "#0", "uv": [ 5.0, 6.0, 6.0, 8.0 ] }
            }
        },
        {
            "name": "Cube",
            "from": [ 7.0, 5.0, 9.0 ], 
            "to": [ 9.0, 8.0, 10.0 ], 
            "faces": {
                "north": { "texture": "#0", "uv": [ 5.0, 7.0, 7.0, 9.0 ] },
                "east": { "texture": "#0", "uv": [ 6.0, 4.0, 7.0, 6.0 ] },
                "south": { "texture": "#0", "uv": [ 9.0, 8.0, 11.0, 10.0 ] },
                "west": { "texture": "#0", "uv": [ 6.0, 4.0, 7.0, 6.0 ] },
                "up": { "texture": "#0", "uv": [ 9.0, 5.0, 11.0, 6.0 ] },
                "down": { "texture": "#0", "uv": [ 5.0, 6.0, 7.0, 7.0 ] }
            }
        },
        {
            "name": "Cube",
            "from": [ 7.0, 5.0, 6.0 ], 
            "to": [ 9.0, 8.0, 7.0 ], 
            "faces": {
                "north": { "texture": "#0", "uv": [ 5.0, 7.0, 7.0, 9.0 ] },
                "east": { "texture": "#0", "uv": [ 6.0, 4.0, 7.0, 6.0 ] },
                "south": { "texture": "#0", "uv": [ 9.0, 8.0, 11.0, 10.0 ] },
                "west": { "texture": "#0", "uv": [ 6.0, 4.0, 7.0, 6.0 ] },
                "up": { "texture": "#0", "uv": [ 9.0, 5.0, 11.0, 6.0 ] },
                "down": { "texture": "#0", "uv": [ 5.0, 6.0, 7.0, 7.0 ] }
            }
        },
        {
            "name": "Cube",
            "from": [ 6.0, 1.0, 6.0 ], 
            "to": [ 10.0, 4.0, 10.0 ], 
            "faces": {
                "north": { "texture": "#1", "uv": [ 3.0, 7.0, 7.0, 10.0 ], "cullface": "north" },
                "east": { "texture": "#1", "uv": [ 7.0, 5.0, 11.0, 8.0 ], "cullface": "east" },
                "south": { "texture": "#1", "uv": [ 4.0, 5.0, 8.0, 8.0 ], "cullface": "south" },
                "west": { "texture": "#1", "uv": [ 6.0, 10.0, 10.0, 13.0 ], "cullface": "west" },
                "up": { "texture": "#1", "uv": [ 4.0, 6.0, 8.0, 10.0 ], "cullface": "up" },
                "down": { "texture": "#1", "uv": [ 10.0, 6.0, 14.0, 10.0 ], "cullface": "down" }
            }
        },
        {
            "name": "Cube",
            "from": [ 7.0, 7.0, 7.0 ], 
            "to": [ 9.0, 10.0, 9.0 ], 
            "faces": {
                "north": { "texture": "#2", "uv": [ 3.0, 7.0, 5.0, 9.0 ], "cullface": "north" },
                "east": { "texture": "#2", "uv": [ 7.0, 5.0, 9.0, 7.0 ], "cullface": "east" },
                "south": { "texture": "#2", "uv": [ 4.0, 5.0, 6.0, 7.0 ], "cullface": "south" },
                "west": { "texture": "#2", "uv": [ 6.0, 10.0, 8.0, 12.0 ], "cullface": "west" },
                "up": { "texture": "#2", "uv": [ 4.0, 6.0, 6.0, 8.0 ] },
                "down": { "texture": "#2", "uv": [ 10.0, 6.0, 12.0, 8.0 ], "cullface": "down" }
            }
        },
        {
            "name": "Cube",
            "from": [ 6.0, 4.0, 7.0 ], 
            "to": [ 7.0, 5.0, 9.0 ], 
            "faces": {
                "north": { "texture": "#1", "uv": [ 3.0, 7.0, 7.0, 10.0 ], "cullface": "north" },
                "east": { "texture": "#1", "uv": [ 7.0, 5.0, 11.0, 8.0 ] },
                "south": { "texture": "#1", "uv": [ 4.0, 5.0, 8.0, 8.0 ], "cullface": "south" },
                "west": { "texture": "#1", "uv": [ 6.0, 10.0, 10.0, 13.0 ], "cullface": "west" },
                "up": { "texture": "#1", "uv": [ 4.0, 6.0, 8.0, 10.0 ], "cullface": "up" },
                "down": { "texture": "#1", "uv": [ 10.0, 6.0, 14.0, 10.0 ] }
            }
        },
        {
            "name": "Cube",
            "from": [ 9.0, 4.0, 7.0 ], 
            "to": [ 10.0, 5.0, 9.0 ], 
            "faces": {
                "north": { "texture": "#1", "uv": [ 3.0, 7.0, 7.0, 10.0 ], "cullface": "north" },
                "east": { "texture": "#1", "uv": [ 7.0, 5.0, 11.0, 8.0 ], "cullface": "east" },
                "south": { "texture": "#1", "uv": [ 4.0, 5.0, 8.0, 8.0 ], "cullface": "south" },
                "west": { "texture": "#1", "uv": [ 6.0, 10.0, 10.0, 13.0 ] },
                "up": { "texture": "#1", "uv": [ 4.0, 6.0, 8.0, 10.0 ], "cullface": "up" },
                "down": { "texture": "#1", "uv": [ 10.0, 6.0, 14.0, 10.0 ] }
            }
        },
        {
            "name": "Cube",
            "from": [ 7.0, 4.0, 6.0 ], 
            "to": [ 9.0, 5.0, 7.0 ], 
            "faces": {
                "north": { "texture": "#1", "uv": [ 3.0, 7.0, 7.0, 10.0 ], "cullface": "north" },
                "east": { "texture": "#1", "uv": [ 7.0, 5.0, 11.0, 8.0 ], "cullface": "east" },
                "south": { "texture": "#1", "uv": [ 4.0, 5.0, 8.0, 8.0 ] },
                "west": { "texture": "#1", "uv": [ 6.0, 10.0, 10.0, 13.0 ], "cullface": "west" },
                "up": { "texture": "#1", "uv": [ 4.0, 6.0, 8.0, 10.0 ], "cullface": "up" },
                "down": { "texture": "#1", "uv": [ 10.0, 6.0, 14.0, 10.0 ] }
            }
        },
        {
            "name": "Cube",
            "from": [ 7.0, 4.0, 9.0 ], 
            "to": [ 9.0, 5.0, 10.0 ], 
            "faces": {
                "north": { "texture": "#1", "uv": [ 3.0, 7.0, 7.0, 10.0 ] },
                "east": { "texture": "#1", "uv": [ 7.0, 5.0, 11.0, 8.0 ], "cullface": "east" },
                "south": { "texture": "#1", "uv": [ 4.0, 5.0, 8.0, 8.0 ], "cullface": "south" },
                "west": { "texture": "#1", "uv": [ 6.0, 10.0, 10.0, 13.0 ], "cullface": "west" },
                "up": { "texture": "#1", "uv": [ 4.0, 6.0, 8.0, 10.0 ], "cullface": "up" },
                "down": { "texture": "#1", "uv": [ 10.0, 6.0, 14.0, 10.0 ] }
            }
        },
        {
            "name": "Cube",
            "from": [ 7.0, 4.0, 7.0 ], 
            "to": [ 9.0, 6.0, 9.0 ], 
            "faces": {
                "north": { "texture": "#1", "uv": [ 3.0, 7.0, 7.0, 10.0 ], "cullface": "north" },
                "east": { "texture": "#1", "uv": [ 7.0, 5.0, 11.0, 8.0 ], "cullface": "east" },
                "south": { "texture": "#1", "uv": [ 4.0, 5.0, 8.0, 8.0 ], "cullface": "south" },
                "west": { "texture": "#1", "uv": [ 6.0, 10.0, 10.0, 13.0 ], "cullface": "west" },
                "up": { "texture": "#1", "uv": [ 4.0, 6.0, 8.0, 10.0 ], "cullface": "up" },
                "down": { "texture": "#1", "uv": [ 10.0, 6.0, 14.0, 10.0 ] }
            }
        }
    ],
    "display": {
        "thirdperson_righthand": {
            "rotation": [ 0, 0, 0 ],
            "translation": [ 0, 1, -1 ],
            "scale": [ 1, 1, 1 ]
        },"firstperson_righthand": {
            "rotation": [ 0, 0, 0 ],
            "translation": [ 0, 2, 0 ],
            "scale": [ 1, 1, 1 ]
        },
        "gui": {
            "rotation": [ 0, 35, 0 ],
            "translation": [ 0, 2, 0],
            "scale": [ 1, 1, 1 ]
        },
        "fixed": {
            "rotation": [ 0, 35, 0 ],
            "translation": [ 0, 2, 0],
            "scale": [ 1, 1, 1 ]
        },
        "ground": {
            "scale": [ 0.0, 0.0, 0.0 ]
        }
    }
}