{
    "__comment": "Model generated using MrCrayfish's Model Creator (http://mrcrayfish.com/modelcreator/)",
    "textures": {
        "0": "blocks/iron_block",
        "1": "blocks/concrete_red",
        "2": "blocks/anvil_base",
        "3": "blocks/concrete_yellow"
    },
    "elements": [
        {
            "name": "Cube",
            "from": [ 6.0, 4.0, 6.0 ], 
            "to": [ 10.0, 5.0, 11.0 ], 
            "faces": {
                "north": { "texture": "#0", "uv": [ 0.0, 0.0, 4.0, 1.0 ] },
                "east": { "texture": "#0", "uv": [ 0.0, 0.0, 4.0, 1.0 ] },
                "south": { "texture": "#0", "uv": [ 0.0, 0.0, 4.0, 1.0 ] },
                "west": { "texture": "#0", "uv": [ 0.0, 0.0, 5.0, 1.0 ] },
                "up": { "texture": "#0", "uv": [ 3.0, 3.0, 7.0, 8.0 ] },
                "down": { "texture": "#0", "uv": [ 2.0, 2.0, 6.0, 7.0 ] }
            }
        },
        {
            "name": "Cube",
            "from": [ 7.1, 5.0, 8.1 ], 
            "to": [ 8.9, 5.5, 9.899999999999999 ], 
            "faces": {
                "north": { "texture": "#1", "uv": [ 0.0, 0.0, 1.8, 0.5 ] },
                "east": { "texture": "#1", "uv": [ 0.0, 0.0, 1.7999999999999998, 0.5 ] },
                "south": { "texture": "#1", "uv": [ 0.0, 0.0, 1.8, 0.5 ] },
                "west": { "texture": "#1", "uv": [ 0.0, 0.0, 1.7999999999999998, 0.5 ] },
                "up": { "texture": "#1", "uv": [ 0.0, 0.0, 1.8, 1.7999999999999998 ] },
                "down": { "texture": "#-1", "uv": [ 0.0, 0.0, 1.8, 1.7999999999999998 ] }
            }
        },
        {
            "name": "Cube",
            "from": [ 7.7, 4.2, 5.0 ], 
            "to": [ 8.3, 4.800000000000001, 6.0 ], 
            "faces": {
                "north": { "texture": "#2", "uv": [ 0.0, 0.0, 0.6, 0.6000000000000001 ] },
                "east": { "texture": "#2", "uv": [ 0.0, 0.0, 1.0, 0.6000000000000001 ] },
                "south": { "texture": "#2", "uv": [ 0.0, 0.0, 0.6, 0.6000000000000001 ] },
                "west": { "texture": "#2", "uv": [ 0.0, 0.0, 1.0, 0.6000000000000001 ] },
                "up": { "texture": "#2", "uv": [ 0.0, 0.0, 0.6, 1.0 ] },
                "down": { "texture": "#2", "uv": [ 0.0, 0.0, 0.6, 1.0 ] }
            }
        },
        {
            "name": "Cube",
            "from": [ 7.4, 4.3, 4.0 ], 
            "to": [ 8.0, 4.9, 5.0 ], 
            "faces": {
                "north": { "texture": "#2", "uv": [ 0.0, 0.0, 0.6, 0.6000000000000001 ] },
                "east": { "texture": "#2", "uv": [ 0.0, 0.0, 1.0, 0.6000000000000001 ] },
                "south": { "texture": "#2", "uv": [ 0.0, 0.0, 0.6, 0.6000000000000001 ] },
                "west": { "texture": "#2", "uv": [ 0.0, 0.0, 1.0, 0.6000000000000001 ] },
                "up": { "texture": "#2", "uv": [ 0.0, 0.0, 0.6, 1.0 ] },
                "down": { "texture": "#2", "uv": [ 0.0, 0.0, 0.6, 1.0 ] }
            }
        },
        {
            "name": "Cube",
            "from": [ 7.2, 4.5, 3.0 ], 
            "to": [ 7.8, 5.1, 4.0 ], 
            "faces": {
                "north": { "texture": "#2", "uv": [ 0.0, 0.0, 0.6, 0.6000000000000001 ] },
                "east": { "texture": "#2", "uv": [ 0.0, 0.0, 1.0, 0.6000000000000001 ] },
                "south": { "texture": "#2", "uv": [ 0.0, 0.0, 0.6, 0.6000000000000001 ] },
                "west": { "texture": "#2", "uv": [ 0.0, 0.0, 1.0, 0.6000000000000001 ] },
                "up": { "texture": "#2", "uv": [ 0.0, 0.0, 0.6, 1.0 ] },
                "down": { "texture": "#2", "uv": [ 0.0, 0.0, 0.6, 1.0 ] }
            }
        },
        {
            "name": "Cube",
            "from": [ 7.5, 4.6, 2.0 ], 
            "to": [ 8.1, 5.199999999999999, 3.0 ], 
            "faces": {
                "north": { "texture": "#2", "uv": [ 0.0, 0.0, 0.6, 0.6000000000000001 ] },
                "east": { "texture": "#2", "uv": [ 0.0, 0.0, 1.0, 0.6000000000000001 ] },
                "south": { "texture": "#2", "uv": [ 0.0, 0.0, 0.6, 0.6000000000000001 ] },
                "west": { "texture": "#2", "uv": [ 0.0, 0.0, 1.0, 0.6000000000000001 ] },
                "up": { "texture": "#2", "uv": [ 0.0, 0.0, 0.6, 1.0 ] },
                "down": { "texture": "#2", "uv": [ 0.0, 0.0, 0.6, 1.0 ] }
            }
        },
        {
            "name": "Cube",
            "from": [ 7.3, 4.5, 1.0 ], 
            "to": [ 8.3, 5.5, 2.0 ], 
            "faces": {
                "north": { "texture": "#3", "uv": [ 9.0, 6.0, 10.0, 7.0 ] },
                "east": { "texture": "#3", "uv": [ 9.0, 6.0, 10.0, 7.0 ] },
                "south": { "texture": "#3", "uv": [ 9.0, 6.0, 10.0, 7.0 ] },
                "west": { "texture": "#3", "uv": [ 9.0, 6.0, 10.0, 7.0 ] },
                "up": { "texture": "#3", "uv": [ 9.0, 6.0, 10.0, 7.0 ] },
                "down": { "texture": "#3", "uv": [ 9.0, 6.0, 10.0, 7.0 ] }
            }
        }
    ],
    "display": {
        "firstperson_righthand": {
            "rotation": [ 35, 0, 0 ],
            "translation": [ 0, 4, 0 ],
            "scale": [ 1.2, 1.2, 1.2 ]
        },
        "thirdperson_righthand": {
            "rotation": [ 35, 0, 0 ],
            "translation": [ 0, 3, 0 ],
            "scale": [ 1.2, 1.2, 1.2 ]
        },
        "gui": {
            "rotation": [ 90, -35, 0 ],
            "translation": [ -1, -1.5, 0],
            "scale": [ 1.3, 1.3, 1.3 ]
        },
        "fixed": {
            "rotation": [ -90, 145, 0 ],
            "translation": [ 1, -2, -3],
            "scale": [ 1.5, 1.5, 1.5 ]
        },
        "ground": {
            "scale": [ 0.0, 0.0, 0.0 ]
        }
	}
}