{
    "__comment": "Model generated using MrCrayfish's Model Creator (http://mrcrayfish.com/modelcreator/)",
    "textures": {
        "0": "blocks/end_stone",
        "1": "items/ender_pearl"
    },
    "elements": [
        {
            "name": "Cube",
            "from": [ 6.0, 6.0, 6.0 ], 
            "to": [ 10.0, 10.0, 10.0 ], 
            "rotation": { "origin": [ 8.0, 8.0, 8.0 ], "axis": "y", "angle": -45.0 },
            "faces": {
                "north": { "texture": "#0", "uv": [ 0.0, 0.0, 8.0, 8.0 ] },
                "east": { "texture": "#0", "uv": [ 0.0, 0.0, 8.0, 8.0 ] },
                "south": { "texture": "#0", "uv": [ 0.0, 0.0, 8.0, 8.0 ] },
                "west": { "texture": "#0", "uv": [ 0.0, 0.0, 8.0, 8.0 ] },
                "up": { "texture": "#0", "uv": [ 0.0, 0.0, 8.0, 8.0 ] },
                "down": { "texture": "#0", "uv": [ 0.0, 0.0, 8.0, 8.0 ] }
            }
        },
        {
            "name": "Cube",
            "from": [ 11.0, 4.0, 6.0 ], 
            "to": [ 12.0, 5.0, 7.0 ], 
            "rotation": { "origin": [ 8.0, 8.0, 8.0 ], "axis": "x", "angle": -22.5 },
            "faces": {
                "north": { "texture": "#1", "uv": [ 6.0, 6.0, 8.0, 8.0 ] },
                "east": { "texture": "#1", "uv": [ 6.0, 6.0, 8.0, 8.0 ] },
                "south": { "texture": "#1", "uv": [ 6.0, 6.0, 8.0, 8.0 ] },
                "west": { "texture": "#1", "uv": [ 6.0, 6.0, 8.0, 8.0 ] },
                "up": { "texture": "#1", "uv": [ 6.0, 6.0, 8.0, 8.0 ] },
                "down": { "texture": "#1", "uv": [ 6.0, 6.0, 8.0, 8.0 ] }
            }
        },
        {
            "name": "Cube",
            "from": [ 4.0, 7.0, 4.0 ], 
            "to": [ 5.0, 8.0, 5.0 ], 
            "rotation": { "origin": [ 8.0, 8.0, 8.0 ], "axis": "y", "angle": -22.5 },
            "faces": {
                "north": { "texture": "#1", "uv": [ 6.0, 6.0, 8.0, 8.0 ] },
                "east": { "texture": "#1", "uv": [ 6.0, 6.0, 8.0, 8.0 ] },
                "south": { "texture": "#1", "uv": [ 6.0, 6.0, 8.0, 8.0 ] },
                "west": { "texture": "#1", "uv": [ 6.0, 6.0, 8.0, 8.0 ] },
                "up": { "texture": "#1", "uv": [ 6.0, 6.0, 8.0, 8.0 ] },
                "down": { "texture": "#1", "uv": [ 6.0, 6.0, 8.0, 8.0 ] }
            }
        },
        {
            "name": "Cube",
            "from": [ 4.0, 5.0, 10.0 ], 
            "to": [ 5.0, 6.0, 11.0 ], 
            "rotation": { "origin": [ 8.0, 8.0, 8.0 ], "axis": "z", "angle": -45.0 },
            "faces": {
                "north": { "texture": "#1", "uv": [ 6.0, 6.0, 8.0, 8.0 ] },
                "east": { "texture": "#1", "uv": [ 6.0, 6.0, 8.0, 8.0 ] },
                "south": { "texture": "#1", "uv": [ 6.0, 6.0, 8.0, 8.0 ] },
                "west": { "texture": "#1", "uv": [ 6.0, 6.0, 8.0, 8.0 ] },
                "up": { "texture": "#1", "uv": [ 6.0, 6.0, 8.0, 8.0 ] },
                "down": { "texture": "#1", "uv": [ 6.0, 6.0, 8.0, 8.0 ] }
            }
        },
        {
            "name": "Cube",
            "from": [ 9.0, 7.0, 13.0 ], 
            "to": [ 10.0, 8.0, 14.0 ], 
            "rotation": { "origin": [ 8.0, 8.0, 8.0 ], "axis": "x", "angle": -45.0 },
            "faces": {
                "north": { "texture": "#1", "uv": [ 6.0, 6.0, 8.0, 8.0 ] },
                "east": { "texture": "#1", "uv": [ 6.0, 6.0, 8.0, 8.0 ] },
                "south": { "texture": "#1", "uv": [ 6.0, 6.0, 8.0, 8.0 ] },
                "west": { "texture": "#1", "uv": [ 6.0, 6.0, 8.0, 8.0 ] },
                "up": { "texture": "#1", "uv": [ 6.0, 6.0, 8.0, 8.0 ] },
                "down": { "texture": "#1", "uv": [ 6.0, 6.0, 8.0, 8.0 ] }
            }
        },
        {
            "name": "Cube",
            "from": [ 11.0, 8.0, 11.0 ], 
            "to": [ 12.0, 9.0, 12.0 ], 
            "faces": {
                "north": { "texture": "#1", "uv": [ 6.0, 6.0, 8.0, 8.0 ] },
                "east": { "texture": "#1", "uv": [ 6.0, 6.0, 8.0, 8.0 ] },
                "south": { "texture": "#1", "uv": [ 6.0, 6.0, 8.0, 8.0 ] },
                "west": { "texture": "#1", "uv": [ 6.0, 6.0, 8.0, 8.0 ] },
                "up": { "texture": "#1", "uv": [ 6.0, 6.0, 8.0, 8.0 ] },
                "down": { "texture": "#1", "uv": [ 6.0, 6.0, 8.0, 8.0 ] }
            }
        },
        {
            "name": "Cube",
            "from": [ 11.0, 5.0, 5.0 ], 
            "to": [ 12.0, 6.0, 6.0 ], 
            "rotation": { "origin": [ 8.0, 8.0, 8.0 ], "axis": "x", "angle": 45.0 },
            "faces": {
                "north": { "texture": "#1", "uv": [ 6.0, 6.0, 8.0, 8.0 ] },
                "east": { "texture": "#1", "uv": [ 6.0, 6.0, 8.0, 8.0 ] },
                "south": { "texture": "#1", "uv": [ 6.0, 6.0, 8.0, 8.0 ] },
                "west": { "texture": "#1", "uv": [ 6.0, 6.0, 8.0, 8.0 ] },
                "up": { "texture": "#1", "uv": [ 6.0, 6.0, 8.0, 8.0 ] },
                "down": { "texture": "#1", "uv": [ 6.0, 6.0, 8.0, 8.0 ] }
            }
        },
        {
            "name": "Cube",
            "from": [ 6.0, 12.0, 9.0 ], 
            "to": [ 7.0, 13.0, 10.0 ], 
            "rotation": { "origin": [ 8.0, 8.0, 8.0 ], "axis": "x", "angle": -45.0 },
            "faces": {
                "north": { "texture": "#1", "uv": [ 6.0, 6.0, 8.0, 8.0 ] },
                "east": { "texture": "#1", "uv": [ 6.0, 6.0, 8.0, 8.0 ] },
                "south": { "texture": "#1", "uv": [ 6.0, 6.0, 8.0, 8.0 ] },
                "west": { "texture": "#1", "uv": [ 6.0, 6.0, 8.0, 8.0 ] },
                "up": { "texture": "#1", "uv": [ 6.0, 6.0, 8.0, 8.0 ] },
                "down": { "texture": "#1", "uv": [ 6.0, 6.0, 8.0, 8.0 ] }
            }
        },
        {
            "name": "Cube",
            "from": [ 4.0, 4.0, 8.0 ], 
            "to": [ 5.0, 5.0, 9.0 ], 
            "faces": {
                "north": { "texture": "#1", "uv": [ 6.0, 6.0, 8.0, 8.0 ] },
                "east": { "texture": "#1", "uv": [ 6.0, 6.0, 8.0, 8.0 ] },
                "south": { "texture": "#1", "uv": [ 6.0, 6.0, 8.0, 8.0 ] },
                "west": { "texture": "#1", "uv": [ 6.0, 6.0, 8.0, 8.0 ] },
                "up": { "texture": "#1", "uv": [ 6.0, 6.0, 8.0, 8.0 ] },
                "down": { "texture": "#1", "uv": [ 6.0, 6.0, 8.0, 8.0 ] }
            }
        },
        {
            "name": "Cube",
            "from": [ 4.0, 5.0, 4.0 ], 
            "to": [ 5.0, 6.0, 5.0 ], 
            "rotation": { "origin": [ 8.0, 8.0, 8.0 ], "axis": "z", "angle": 45.0 },
            "faces": {
                "north": { "texture": "#1", "uv": [ 6.0, 6.0, 8.0, 8.0 ] },
                "east": { "texture": "#1", "uv": [ 6.0, 6.0, 8.0, 8.0 ] },
                "south": { "texture": "#1", "uv": [ 6.0, 6.0, 8.0, 8.0 ] },
                "west": { "texture": "#1", "uv": [ 6.0, 6.0, 8.0, 8.0 ] },
                "up": { "texture": "#1", "uv": [ 6.0, 6.0, 8.0, 8.0 ] },
                "down": { "texture": "#1", "uv": [ 6.0, 6.0, 8.0, 8.0 ] }
            }
        },
        {
            "name": "Cube",
            "from": [ 9.0, 5.0, 12.0 ], 
            "to": [ 10.0, 6.0, 13.0 ], 
            "rotation": { "origin": [ 8.0, 8.0, 8.0 ], "axis": "z", "angle": -45.0 },
            "faces": {
                "north": { "texture": "#1", "uv": [ 6.0, 6.0, 8.0, 8.0 ] },
                "east": { "texture": "#1", "uv": [ 6.0, 6.0, 8.0, 8.0 ] },
                "south": { "texture": "#1", "uv": [ 6.0, 6.0, 8.0, 8.0 ] },
                "west": { "texture": "#1", "uv": [ 6.0, 6.0, 8.0, 8.0 ] },
                "up": { "texture": "#1", "uv": [ 6.0, 6.0, 8.0, 8.0 ] },
                "down": { "texture": "#1", "uv": [ 6.0, 6.0, 8.0, 8.0 ] }
            }
        },
        {
            "name": "Cube",
            "from": [ 12.0, 11.0, 7.0 ], 
            "to": [ 13.0, 12.0, 8.0 ], 
            "rotation": { "origin": [ 8.0, 8.0, 8.0 ], "axis": "x", "angle": 22.5 },
            "faces": {
                "north": { "texture": "#1", "uv": [ 6.0, 6.0, 8.0, 8.0 ] },
                "east": { "texture": "#1", "uv": [ 6.0, 6.0, 8.0, 8.0 ] },
                "south": { "texture": "#1", "uv": [ 6.0, 6.0, 8.0, 8.0 ] },
                "west": { "texture": "#1", "uv": [ 6.0, 6.0, 8.0, 8.0 ] },
                "up": { "texture": "#1", "uv": [ 6.0, 6.0, 8.0, 8.0 ] },
                "down": { "texture": "#1", "uv": [ 6.0, 6.0, 8.0, 8.0 ] }
            }
        }
    ],
    "display": {
        "firstperson_righthand": {
            "rotation": [ 0, -35, 0 ],
            "translation": [ 0, 0, 0 ],
            "scale": [ 1, 1, 1 ]
        },
		"thirdperson_righthand": {
            "rotation": [ 0, -70, 0 ],
            "translation": [ 0, 0, -3 ],
            "scale": [ 0.8, 0.8, 0.8 ]
        },
        "gui": {
            "rotation": [ 30, 90, 0 ],
            "translation": [ 0, 0, 0],
            "scale": [ 1.2, 1.2, 1.2 ]
        },
        "fixed": {
            "rotation": [ 0, -90, 0 ],
            "translation": [ 0, 0, 1],
            "scale": [ 1.3, 1.3, 1.3 ]
        },
        "ground": {
            "scale": [ 0.0, 0.0, 0.0 ]
        }
    }
}