{
    "__comment": "Model generated using MrCrayfish's Model Creator (http://mrcrayfish.com/modelcreator/)",
    "textures": {
        "0": "blocks/coal_block",
        "1": "blocks/wool_colored_white",
        "2": "blocks/planks_oak"
    },
    "elements": [
        {
            "name": "Cube",
            "from": [ 5.0, 7.0, 5.0 ], 
            "to": [ 7.0, 9.0, 7.0 ], 
            "faces": {
                "north": { "texture": "#0", "uv": [ 0.0, 0.0, 1.0, 1.0 ] },
                "east": { "texture": "#0", "uv": [ 0.0, 0.0, 1.0, 1.0 ] },
                "south": { "texture": "#0", "uv": [ 0.0, 0.0, 1.0, 1.0 ] },
                "west": { "texture": "#0", "uv": [ 0.0, 0.0, 1.0, 1.0 ] },
                "up": { "texture": "#0", "uv": [ 0.0, 1.0, 1.0, 0.0 ] },
                "down": { "texture": "#0", "uv": [ 0.0, 0.0, 1.0, 1.0 ] }
            }
        },
        {
            "name": "Cube",
            "from": [ 6.0, 8.0, 7.0 ], 
            "to": [ 6.5, 8.5, 8.0 ], 
            "faces": {
                "north": { "texture": "#1", "uv": [ 0.0, 2.0, 0.5, 3.0 ] },
                "east": { "texture": "#1", "uv": [ 0.0, 2.0, 0.5, 3.0 ] },
                "south": { "texture": "#1", "uv": [ 0.0, 2.0, 0.5, 3.0 ] },
                "west": { "texture": "#1", "uv": [ 0.0, 2.0, 0.5, 3.0 ] },
                "up": { "texture": "#1", "uv": [ 0.0, 2.0, 0.5, 2.5 ] },
                "down": { "texture": "#1", "uv": [ 0.0, 2.0, 0.5, 2.5 ] }
            }
        },
        {
            "name": "Cube",
            "from": [ 8.0, 8.0, 5.0 ], 
            "to": [ 10.0, 10.0, 7.0 ], 
            "faces": {
                "north": { "texture": "#0", "uv": [ 0.0, 0.0, 1.0, 1.0 ] },
                "east": { "texture": "#0", "uv": [ 0.0, 0.0, 1.0, 1.0 ] },
                "south": { "texture": "#0", "uv": [ 0.0, 0.0, 1.0, 1.0 ] },
                "west": { "texture": "#0", "uv": [ 0.0, 0.0, 1.0, 1.0 ] },
                "up": { "texture": "#0", "uv": [ 0.0, 1.0, 1.0, 0.0 ] },
                "down": { "texture": "#0", "uv": [ 0.0, 0.0, 1.0, 1.0 ] }
            }
        },
        {
            "name": "Cube",
            "from": [ 7.0, 7.0, 8.0 ], 
            "to": [ 9.0, 9.0, 10.0 ], 
            "faces": {
                "north": { "texture": "#0", "uv": [ 0.0, 0.0, 1.0, 1.0 ] },
                "east": { "texture": "#0", "uv": [ 0.0, 0.0, 1.0, 1.0 ] },
                "south": { "texture": "#0", "uv": [ 0.0, 0.0, 1.0, 1.0 ] },
                "west": { "texture": "#0", "uv": [ 0.0, 0.0, 1.0, 1.0 ] },
                "up": { "texture": "#0", "uv": [ 0.0, 1.0, 1.0, 0.0 ] },
                "down": { "texture": "#0", "uv": [ 0.0, 0.0, 1.0, 1.0 ] }
            }
        },
        {
            "name": "Cube",
            "from": [ 5.5, 1.0, 5.5 ], 
            "to": [ 6.5, 7.0, 6.5 ], 
            "faces": {
                "north": { "texture": "#2", "uv": [ 0.0, 3.0, 2.0, 14.0 ] },
                "east": { "texture": "#2", "uv": [ 2.0, 3.0, 4.0, 14.0 ] },
                "south": { "texture": "#2", "uv": [ 4.0, 3.0, 6.0, 14.0 ] },
                "west": { "texture": "#2", "uv": [ 6.0, 3.0, 8.0, 14.0 ] },
                "up": { "texture": "#2", "uv": [ 0.0, 0.0, 1.0, 1.0 ] },
                "down": { "texture": "#2", "uv": [ 0.0, 0.0, 2.0, 2.0 ] }
            }
        },
        {
            "name": "Cube",
            "from": [ 5.7, 1.0, 6.5 ], 
            "to": [ 6.3, 2.0, 7.1 ], 
            "faces": {
                "north": { "texture": "#1", "uv": [ 0.0, 1.0, 1.0, 3.0 ] },
                "east": { "texture": "#1", "uv": [ 0.0, 1.0, 1.0, 3.0 ] },
                "south": { "texture": "#1", "uv": [ 0.0, 1.0, 1.0, 3.0 ] },
                "west": { "texture": "#1", "uv": [ 0.0, 1.0, 1.0, 3.0 ] },
                "up": { "texture": "#1", "uv": [ 0.0, 1.0, 1.0, 2.0 ] },
                "down": { "texture": "#1", "uv": [ 0.0, 4.0, 1.0, 5.0 ] }
            }
        },
        {
            "name": "Cube",
            "from": [ 8.5, 2.0, 5.5 ], 
            "to": [ 9.5, 8.0, 6.5 ], 
            "faces": {
                "north": { "texture": "#2", "uv": [ 0.0, 3.0, 2.0, 14.0 ] },
                "east": { "texture": "#2", "uv": [ 2.0, 3.0, 4.0, 14.0 ] },
                "south": { "texture": "#2", "uv": [ 4.0, 3.0, 6.0, 14.0 ] },
                "west": { "texture": "#2", "uv": [ 6.0, 3.0, 8.0, 14.0 ] },
                "up": { "texture": "#2", "uv": [ 0.0, 0.0, 1.0, 1.0 ] },
                "down": { "texture": "#2", "uv": [ 0.0, 0.0, 2.0, 2.0 ] }
            }
        },
        {
            "name": "Cube",
            "from": [ 7.5, 1.0, 8.5 ], 
            "to": [ 8.5, 7.0, 9.5 ], 
            "faces": {
                "north": { "texture": "#2", "uv": [ 0.0, 3.0, 2.0, 14.0 ] },
                "east": { "texture": "#2", "uv": [ 2.0, 3.0, 4.0, 14.0 ] },
                "south": { "texture": "#2", "uv": [ 4.0, 3.0, 6.0, 14.0 ] },
                "west": { "texture": "#2", "uv": [ 6.0, 3.0, 8.0, 14.0 ] },
                "up": { "texture": "#2", "uv": [ 0.0, 0.0, 1.0, 1.0 ] },
                "down": { "texture": "#2", "uv": [ 0.0, 0.0, 2.0, 2.0 ] }
            }
        },
        {
            "name": "Cube",
            "from": [ 5.7, 0.0, 6.8 ], 
            "to": [ 6.3, 1.0, 7.3999999999999995 ], 
            "faces": {
                "north": { "texture": "#1", "uv": [ 0.0, 1.0, 1.0, 3.0 ] },
                "east": { "texture": "#1", "uv": [ 0.0, 1.0, 1.0, 3.0 ] },
                "south": { "texture": "#1", "uv": [ 0.0, 1.0, 1.0, 3.0 ] },
                "west": { "texture": "#1", "uv": [ 0.0, 1.0, 1.0, 3.0 ] },
                "up": { "texture": "#1", "uv": [ 0.0, 1.0, 1.0, 2.0 ] },
                "down": { "texture": "#1", "uv": [ 0.0, 4.0, 1.0, 5.0 ] }
            }
        },
        {
            "name": "Cube",
            "from": [ 8.7, 1.0, 6.8 ], 
            "to": [ 9.299999999999999, 2.0, 7.3999999999999995 ], 
            "faces": {
                "north": { "texture": "#1", "uv": [ 0.0, 1.0, 1.0, 3.0 ] },
                "east": { "texture": "#1", "uv": [ 0.0, 1.0, 1.0, 3.0 ] },
                "south": { "texture": "#1", "uv": [ 0.0, 1.0, 1.0, 3.0 ] },
                "west": { "texture": "#1", "uv": [ 0.0, 1.0, 1.0, 3.0 ] },
                "up": { "texture": "#1", "uv": [ 0.0, 1.0, 1.0, 2.0 ] },
                "down": { "texture": "#1", "uv": [ 0.0, 4.0, 1.0, 5.0 ] }
            }
        },
        {
            "name": "Cube",
            "from": [ 8.7, 2.0, 6.5 ], 
            "to": [ 9.299999999999999, 3.0, 7.1 ], 
            "faces": {
                "north": { "texture": "#1", "uv": [ 0.0, 1.0, 1.0, 3.0 ] },
                "east": { "texture": "#1", "uv": [ 0.0, 1.0, 1.0, 3.0 ] },
                "south": { "texture": "#1", "uv": [ 0.0, 1.0, 1.0, 3.0 ] },
                "west": { "texture": "#1", "uv": [ 0.0, 1.0, 1.0, 3.0 ] },
                "up": { "texture": "#1", "uv": [ 0.0, 1.0, 1.0, 2.0 ] },
                "down": { "texture": "#1", "uv": [ 0.0, 4.0, 1.0, 5.0 ] }
            }
        },
        {
            "name": "Cube",
            "from": [ 7.699999999999999, 1.0, 9.5 ], 
            "to": [ 8.299999999999999, 2.0, 10.1 ], 
            "faces": {
                "north": { "texture": "#1", "uv": [ 0.0, 1.0, 1.0, 3.0 ] },
                "east": { "texture": "#1", "uv": [ 0.0, 1.0, 1.0, 3.0 ] },
                "south": { "texture": "#1", "uv": [ 0.0, 1.0, 1.0, 3.0 ] },
                "west": { "texture": "#1", "uv": [ 0.0, 1.0, 1.0, 3.0 ] },
                "up": { "texture": "#1", "uv": [ 0.0, 1.0, 1.0, 2.0 ] },
                "down": { "texture": "#1", "uv": [ 0.0, 4.0, 1.0, 5.0 ] }
            }
        },
        {
            "name": "Cube",
            "from": [ 7.699999999999999, 0.0, 9.8 ], 
            "to": [ 8.299999999999999, 1.0, 10.4 ], 
            "faces": {
                "north": { "texture": "#1", "uv": [ 0.0, 1.0, 1.0, 3.0 ] },
                "east": { "texture": "#1", "uv": [ 0.0, 1.0, 1.0, 3.0 ] },
                "south": { "texture": "#1", "uv": [ 0.0, 1.0, 1.0, 3.0 ] },
                "west": { "texture": "#1", "uv": [ 0.0, 1.0, 1.0, 3.0 ] },
                "up": { "texture": "#1", "uv": [ 0.0, 1.0, 1.0, 2.0 ] },
                "down": { "texture": "#1", "uv": [ 0.0, 4.0, 1.0, 5.0 ] }
            }
        },
        {
            "name": "Cube",
            "from": [ 7.699999999999999, 1.0, 7.9 ], 
            "to": [ 8.299999999999999, 2.0, 8.5 ], 
            "faces": {
                "north": { "texture": "#1", "uv": [ 0.0, 1.0, 1.0, 3.0 ] },
                "east": { "texture": "#1", "uv": [ 0.0, 1.0, 1.0, 3.0 ] },
                "south": { "texture": "#1", "uv": [ 0.0, 1.0, 1.0, 3.0 ] },
                "west": { "texture": "#1", "uv": [ 0.0, 1.0, 1.0, 3.0 ] },
                "up": { "texture": "#1", "uv": [ 0.0, 1.0, 1.0, 2.0 ] },
                "down": { "texture": "#1", "uv": [ 0.0, 4.0, 1.0, 5.0 ] }
            }
        },
        {
            "name": "Cube",
            "from": [ 7.699999999999999, 0.0, 7.6 ], 
            "to": [ 8.299999999999999, 1.0, 8.2 ], 
            "faces": {
                "north": { "texture": "#1", "uv": [ 0.0, 1.0, 1.0, 3.0 ] },
                "east": { "texture": "#1", "uv": [ 0.0, 1.0, 1.0, 3.0 ] },
                "south": { "texture": "#1", "uv": [ 0.0, 1.0, 1.0, 3.0 ] },
                "west": { "texture": "#1", "uv": [ 0.0, 1.0, 1.0, 3.0 ] },
                "up": { "texture": "#1", "uv": [ 0.0, 1.0, 1.0, 2.0 ] },
                "down": { "texture": "#1", "uv": [ 0.0, 4.0, 1.0, 5.0 ] }
            }
        },
        {
            "name": "Cube",
            "from": [ 8.7, 2.0, 4.9 ], 
            "to": [ 9.299999999999999, 3.0, 5.5 ], 
            "faces": {
                "north": { "texture": "#1", "uv": [ 0.0, 1.0, 1.0, 3.0 ] },
                "east": { "texture": "#1", "uv": [ 0.0, 1.0, 1.0, 3.0 ] },
                "south": { "texture": "#1", "uv": [ 0.0, 1.0, 1.0, 3.0 ] },
                "west": { "texture": "#1", "uv": [ 0.0, 1.0, 1.0, 3.0 ] },
                "up": { "texture": "#1", "uv": [ 0.0, 1.0, 1.0, 2.0 ] },
                "down": { "texture": "#1", "uv": [ 0.0, 4.0, 1.0, 5.0 ] }
            }
        },
        {
            "name": "Cube",
            "from": [ 8.7, 1.0, 4.6 ], 
            "to": [ 9.299999999999999, 2.0, 5.199999999999999 ], 
            "faces": {
                "north": { "texture": "#1", "uv": [ 0.0, 1.0, 1.0, 3.0 ] },
                "east": { "texture": "#1", "uv": [ 0.0, 1.0, 1.0, 3.0 ] },
                "south": { "texture": "#1", "uv": [ 0.0, 1.0, 1.0, 3.0 ] },
                "west": { "texture": "#1", "uv": [ 0.0, 1.0, 1.0, 3.0 ] },
                "up": { "texture": "#1", "uv": [ 0.0, 1.0, 1.0, 2.0 ] },
                "down": { "texture": "#1", "uv": [ 0.0, 4.0, 1.0, 5.0 ] }
            }
        },
        {
            "name": "Cube",
            "from": [ 5.699999999999999, 0.0, 4.6 ], 
            "to": [ 6.299999999999999, 1.0, 5.199999999999999 ], 
            "faces": {
                "north": { "texture": "#1", "uv": [ 0.0, 1.0, 1.0, 3.0 ] },
                "east": { "texture": "#1", "uv": [ 0.0, 1.0, 1.0, 3.0 ] },
                "south": { "texture": "#1", "uv": [ 0.0, 1.0, 1.0, 3.0 ] },
                "west": { "texture": "#1", "uv": [ 0.0, 1.0, 1.0, 3.0 ] },
                "up": { "texture": "#1", "uv": [ 0.0, 1.0, 1.0, 2.0 ] },
                "down": { "texture": "#1", "uv": [ 0.0, 4.0, 1.0, 5.0 ] }
            }
        },
        {
            "name": "Cube",
            "from": [ 5.699999999999999, 1.0, 4.9 ], 
            "to": [ 6.299999999999999, 2.0, 5.5 ], 
            "faces": {
                "north": { "texture": "#1", "uv": [ 0.0, 1.0, 1.0, 3.0 ] },
                "east": { "texture": "#1", "uv": [ 0.0, 1.0, 1.0, 3.0 ] },
                "south": { "texture": "#1", "uv": [ 0.0, 1.0, 1.0, 3.0 ] },
                "west": { "texture": "#1", "uv": [ 0.0, 1.0, 1.0, 3.0 ] },
                "up": { "texture": "#1", "uv": [ 0.0, 1.0, 1.0, 2.0 ] },
                "down": { "texture": "#1", "uv": [ 0.0, 4.0, 1.0, 5.0 ] }
            }
        },
        {
            "name": "Cube",
            "from": [ 4.9, 1.0, 5.7 ], 
            "to": [ 5.5, 2.0, 6.3 ], 
            "faces": {
                "north": { "texture": "#1", "uv": [ 0.0, 1.0, 1.0, 3.0 ] },
                "east": { "texture": "#1", "uv": [ 0.0, 1.0, 1.0, 3.0 ] },
                "south": { "texture": "#1", "uv": [ 0.0, 1.0, 1.0, 3.0 ] },
                "west": { "texture": "#1", "uv": [ 0.0, 1.0, 1.0, 3.0 ] },
                "up": { "texture": "#1", "uv": [ 0.0, 1.0, 1.0, 2.0 ] },
                "down": { "texture": "#1", "uv": [ 0.0, 4.0, 1.0, 5.0 ] }
            }
        },
        {
            "name": "Cube",
            "from": [ 4.6, 0.0, 5.7 ], 
            "to": [ 5.199999999999999, 1.0, 6.3 ], 
            "faces": {
                "north": { "texture": "#1", "uv": [ 0.0, 1.0, 1.0, 3.0 ] },
                "east": { "texture": "#1", "uv": [ 0.0, 1.0, 1.0, 3.0 ] },
                "south": { "texture": "#1", "uv": [ 0.0, 1.0, 1.0, 3.0 ] },
                "west": { "texture": "#1", "uv": [ 0.0, 1.0, 1.0, 3.0 ] },
                "up": { "texture": "#1", "uv": [ 0.0, 1.0, 1.0, 2.0 ] },
                "down": { "texture": "#1", "uv": [ 0.0, 4.0, 1.0, 5.0 ] }
            }
        },
        {
            "name": "Cube",
            "from": [ 7.9, 2.0, 5.7 ], 
            "to": [ 8.5, 3.0, 6.3 ], 
            "faces": {
                "north": { "texture": "#1", "uv": [ 0.0, 1.0, 1.0, 3.0 ] },
                "east": { "texture": "#1", "uv": [ 0.0, 1.0, 1.0, 3.0 ] },
                "south": { "texture": "#1", "uv": [ 0.0, 1.0, 1.0, 3.0 ] },
                "west": { "texture": "#1", "uv": [ 0.0, 1.0, 1.0, 3.0 ] },
                "up": { "texture": "#1", "uv": [ 0.0, 1.0, 1.0, 2.0 ] },
                "down": { "texture": "#1", "uv": [ 0.0, 4.0, 1.0, 5.0 ] }
            }
        },
        {
            "name": "Cube",
            "from": [ 6.9, 1.0, 8.7 ], 
            "to": [ 7.5, 2.0, 9.299999999999999 ], 
            "faces": {
                "north": { "texture": "#1", "uv": [ 0.0, 1.0, 1.0, 3.0 ] },
                "east": { "texture": "#1", "uv": [ 0.0, 1.0, 1.0, 3.0 ] },
                "south": { "texture": "#1", "uv": [ 0.0, 1.0, 1.0, 3.0 ] },
                "west": { "texture": "#1", "uv": [ 0.0, 1.0, 1.0, 3.0 ] },
                "up": { "texture": "#1", "uv": [ 0.0, 1.0, 1.0, 2.0 ] },
                "down": { "texture": "#1", "uv": [ 0.0, 4.0, 1.0, 5.0 ] }
            }
        },
        {
            "name": "Cube",
            "from": [ 7.6, 1.0, 5.7 ], 
            "to": [ 8.2, 2.0, 6.3 ], 
            "faces": {
                "north": { "texture": "#1", "uv": [ 0.0, 1.0, 1.0, 3.0 ] },
                "east": { "texture": "#1", "uv": [ 0.0, 1.0, 1.0, 3.0 ] },
                "south": { "texture": "#1", "uv": [ 0.0, 1.0, 1.0, 3.0 ] },
                "west": { "texture": "#1", "uv": [ 0.0, 1.0, 1.0, 3.0 ] },
                "up": { "texture": "#1", "uv": [ 0.0, 1.0, 1.0, 2.0 ] },
                "down": { "texture": "#1", "uv": [ 0.0, 4.0, 1.0, 5.0 ] }
            }
        },
        {
            "name": "Cube",
            "from": [ 6.6, 0.0, 8.7 ], 
            "to": [ 7.199999999999999, 1.0, 9.299999999999999 ], 
            "faces": {
                "north": { "texture": "#1", "uv": [ 0.0, 1.0, 1.0, 3.0 ] },
                "east": { "texture": "#1", "uv": [ 0.0, 1.0, 1.0, 3.0 ] },
                "south": { "texture": "#1", "uv": [ 0.0, 1.0, 1.0, 3.0 ] },
                "west": { "texture": "#1", "uv": [ 0.0, 1.0, 1.0, 3.0 ] },
                "up": { "texture": "#1", "uv": [ 0.0, 1.0, 1.0, 2.0 ] },
                "down": { "texture": "#1", "uv": [ 0.0, 4.0, 1.0, 5.0 ] }
            }
        },
        {
            "name": "Cube",
            "from": [ 5.5, 7.5, 8.0 ], 
            "to": [ 6.0, 8.0, 9.0 ], 
            "faces": {
                "north": { "texture": "#1", "uv": [ 0.0, 2.0, 0.5, 3.0 ] },
                "east": { "texture": "#1", "uv": [ 0.0, 2.0, 0.5, 3.0 ] },
                "south": { "texture": "#1", "uv": [ 0.0, 2.0, 0.5, 3.0 ] },
                "west": { "texture": "#1", "uv": [ 0.0, 2.0, 0.5, 3.0 ] },
                "up": { "texture": "#1", "uv": [ 0.0, 2.0, 0.5, 2.5 ] },
                "down": { "texture": "#1", "uv": [ 0.0, 2.0, 0.5, 2.5 ] }
            }
        },
        {
            "name": "Cube",
            "from": [ 9.0, 9.0, 7.0 ], 
            "to": [ 9.5, 9.5, 8.0 ], 
            "faces": {
                "north": { "texture": "#1", "uv": [ 0.0, 2.0, 0.5, 3.0 ] },
                "east": { "texture": "#1", "uv": [ 0.0, 2.0, 0.5, 3.0 ] },
                "south": { "texture": "#1", "uv": [ 0.0, 2.0, 0.5, 3.0 ] },
                "west": { "texture": "#1", "uv": [ 0.0, 2.0, 0.5, 3.0 ] },
                "up": { "texture": "#1", "uv": [ 0.0, 2.0, 0.5, 2.5 ] },
                "down": { "texture": "#1", "uv": [ 0.0, 2.0, 0.5, 2.5 ] }
            }
        },
        {
            "name": "Cube",
            "from": [ 9.5, 9.5, 8.0 ], 
            "to": [ 10.0, 10.0, 9.0 ], 
            "faces": {
                "north": { "texture": "#1", "uv": [ 0.0, 2.0, 0.5, 3.0 ] },
                "east": { "texture": "#1", "uv": [ 0.0, 2.0, 0.5, 3.0 ] },
                "south": { "texture": "#1", "uv": [ 0.0, 2.0, 0.5, 3.0 ] },
                "west": { "texture": "#1", "uv": [ 0.0, 2.0, 0.5, 3.0 ] },
                "up": { "texture": "#1", "uv": [ 0.0, 2.0, 0.5, 2.5 ] },
                "down": { "texture": "#1", "uv": [ 0.0, 2.0, 0.5, 2.5 ] }
            }
        },
        {
            "name": "Cube",
            "from": [ 8.0, 8.0, 10.0 ], 
            "to": [ 8.5, 8.5, 11.0 ], 
            "faces": {
                "north": { "texture": "#1", "uv": [ 0.0, 2.0, 0.5, 3.0 ] },
                "east": { "texture": "#1", "uv": [ 0.0, 2.0, 0.5, 3.0 ] },
                "south": { "texture": "#1", "uv": [ 0.0, 2.0, 0.5, 3.0 ] },
                "west": { "texture": "#1", "uv": [ 0.0, 2.0, 0.5, 3.0 ] },
                "up": { "texture": "#1", "uv": [ 0.0, 2.0, 0.5, 2.5 ] },
                "down": { "texture": "#1", "uv": [ 0.0, 2.0, 0.5, 2.5 ] }
            }
        },
        {
            "name": "Cube",
            "from": [ 8.0, 7.5, 11.0 ], 
            "to": [ 8.5, 8.0, 12.0 ], 
            "faces": {
                "north": { "texture": "#1", "uv": [ 0.0, 2.0, 0.5, 3.0 ] },
                "east": { "texture": "#1", "uv": [ 0.0, 2.0, 0.5, 3.0 ] },
                "south": { "texture": "#1", "uv": [ 0.0, 2.0, 0.5, 3.0 ] },
                "west": { "texture": "#1", "uv": [ 0.0, 2.0, 0.5, 3.0 ] },
                "up": { "texture": "#1", "uv": [ 0.0, 2.0, 0.5, 2.5 ] },
                "down": { "texture": "#1", "uv": [ 0.0, 2.0, 0.5, 2.5 ] }
            }
        },
        {
            "name": "Cube",
            "from": [ 8.5, 1.0, 8.7 ], 
            "to": [ 9.1, 2.0, 9.299999999999999 ], 
            "faces": {
                "north": { "texture": "#1", "uv": [ 0.0, 1.0, 1.0, 3.0 ] },
                "east": { "texture": "#1", "uv": [ 0.0, 1.0, 1.0, 3.0 ] },
                "south": { "texture": "#1", "uv": [ 0.0, 1.0, 1.0, 3.0 ] },
                "west": { "texture": "#1", "uv": [ 0.0, 1.0, 1.0, 3.0 ] },
                "up": { "texture": "#1", "uv": [ 0.0, 1.0, 1.0, 2.0 ] },
                "down": { "texture": "#1", "uv": [ 0.0, 4.0, 1.0, 5.0 ] }
            }
        },
        {
            "name": "Cube",
            "from": [ 8.9, 0.0, 8.7 ], 
            "to": [ 9.5, 1.0, 9.299999999999999 ], 
            "faces": {
                "north": { "texture": "#1", "uv": [ 0.0, 1.0, 1.0, 3.0 ] },
                "east": { "texture": "#1", "uv": [ 0.0, 1.0, 1.0, 3.0 ] },
                "south": { "texture": "#1", "uv": [ 0.0, 1.0, 1.0, 3.0 ] },
                "west": { "texture": "#1", "uv": [ 0.0, 1.0, 1.0, 3.0 ] },
                "up": { "texture": "#1", "uv": [ 0.0, 1.0, 1.0, 2.0 ] },
                "down": { "texture": "#1", "uv": [ 0.0, 4.0, 1.0, 5.0 ] }
            }
        },
        {
            "name": "Cube",
            "from": [ 9.5, 2.0, 5.699999999999999 ], 
            "to": [ 10.1, 3.0, 6.299999999999999 ], 
            "faces": {
                "north": { "texture": "#1", "uv": [ 0.0, 1.0, 1.0, 3.0 ] },
                "east": { "texture": "#1", "uv": [ 0.0, 1.0, 1.0, 3.0 ] },
                "south": { "texture": "#1", "uv": [ 0.0, 1.0, 1.0, 3.0 ] },
                "west": { "texture": "#1", "uv": [ 0.0, 1.0, 1.0, 3.0 ] },
                "up": { "texture": "#1", "uv": [ 0.0, 1.0, 1.0, 2.0 ] },
                "down": { "texture": "#1", "uv": [ 0.0, 4.0, 1.0, 5.0 ] }
            }
        },
        {
            "name": "Cube",
            "from": [ 9.9, 1.0, 5.699999999999999 ], 
            "to": [ 10.5, 2.0, 6.299999999999999 ], 
            "faces": {
                "north": { "texture": "#1", "uv": [ 0.0, 1.0, 1.0, 3.0 ] },
                "east": { "texture": "#1", "uv": [ 0.0, 1.0, 1.0, 3.0 ] },
                "south": { "texture": "#1", "uv": [ 0.0, 1.0, 1.0, 3.0 ] },
                "west": { "texture": "#1", "uv": [ 0.0, 1.0, 1.0, 3.0 ] },
                "up": { "texture": "#1", "uv": [ 0.0, 1.0, 1.0, 2.0 ] },
                "down": { "texture": "#1", "uv": [ 0.0, 4.0, 1.0, 5.0 ] }
            }
        },
        {
            "name": "Cube",
            "from": [ 6.5, 1.0, 5.699999999999999 ], 
            "to": [ 7.1, 2.0, 6.299999999999999 ], 
            "faces": {
                "north": { "texture": "#1", "uv": [ 0.0, 1.0, 1.0, 3.0 ] },
                "east": { "texture": "#1", "uv": [ 0.0, 1.0, 1.0, 3.0 ] },
                "south": { "texture": "#1", "uv": [ 0.0, 1.0, 1.0, 3.0 ] },
                "west": { "texture": "#1", "uv": [ 0.0, 1.0, 1.0, 3.0 ] },
                "up": { "texture": "#1", "uv": [ 0.0, 1.0, 1.0, 2.0 ] },
                "down": { "texture": "#1", "uv": [ 0.0, 4.0, 1.0, 5.0 ] }
            }
        },
        {
            "name": "Cube",
            "from": [ 6.9, 0.0, 5.699999999999999 ], 
            "to": [ 7.5, 1.0, 6.299999999999999 ], 
            "faces": {
                "north": { "texture": "#1", "uv": [ 0.0, 1.0, 1.0, 3.0 ] },
                "east": { "texture": "#1", "uv": [ 0.0, 1.0, 1.0, 3.0 ] },
                "south": { "texture": "#1", "uv": [ 0.0, 1.0, 1.0, 3.0 ] },
                "west": { "texture": "#1", "uv": [ 0.0, 1.0, 1.0, 3.0 ] },
                "up": { "texture": "#1", "uv": [ 0.0, 1.0, 1.0, 2.0 ] },
                "down": { "texture": "#1", "uv": [ 0.0, 4.0, 1.0, 5.0 ] }
            }
        }
    ],
    "display": {
        "thirdperson_righthand": {
            "rotation": [ 0, 0, 0 ],
            "translation": [ 0, 1, -1 ],
            "scale": [ 1, 1.2, 1 ]
        },
		"firstperson_righthand": {
            "rotation": [ -20, -40, -20 ],
            "translation": [ 0, 4, 0 ],
            "scale": [ 1, 1.2, 1 ]
        },
        "gui": {
            "rotation": [ -40, -20, -40 ],
            "translation": [ 2.5, 3, 0],
            "scale": [ 1.2, 1.4, 1.2 ]
        },
        "fixed": {
            "rotation": [ 90, 140, -90 ],
            "translation": [ -3, 3, -1.5],
            "scale": [ 1.2, 1.4, 1.2 ]
		},
        "ground": {
            "scale": [ 0.0, 0.0, 0.0 ]
        }
    }
}