{
	"credit": "Made with Blockbench, a free, modern block model editor by JannisX11",
	"textures": {
		"0": "captain_coldblood/main",
		"1": "captain_coldblood/eye",
		"1_0": "items/pirate_hat",
		"particle": "items/pirate_hat"
	},
	"elements": [
		{
			"name": "cube",
			"from": [4, 5, 7],
			"to": [12, 14.5, 12],
			"faces": {
				"north": {
					"uv": [1.25, 1.25, 3.25, 3.75],
					"texture": "#0"
				},
				"east": {
					"uv": [0, 1.25, 1.25, 3.75],
					"texture": "#0"
				},
				"south": {
					"uv": [4.5, 1.25, 6.5, 3.75],
					"texture": "#0"
				},
				"west": {
					"uv": [3.25, 1.25, 4.5, 3.75],
					"texture": "#0"
				},
				"up": {
					"uv": [1.25, 0, 3.25, 1.25],
					"texture": "#0"
				},
				"down": {
					"uv": [3.25, 0, 5.25, 1.25],
					"texture": "#0"
				}
			}
		},
		{
			"name": "cube",
			"from": [5, 6, 5.75],
			"to": [11, 13, 7.75],
			"faces": {
				"north": {
					"uv": [7.5, 6.5, 9, 8.25],
					"texture": "#0"
				},
				"east": {
					"uv": [7, 6.5, 7.5, 8.25],
					"texture": "#0"
				},
				"west": {
					"uv": [9, 6.5, 9.5, 8.25],
					"texture": "#0"
				},
				"up": {"uv": [7.5, 6, 9, 6.5], "texture": "#0"},
				"down": {"uv": [9, 6, 10.5, 6.5], "texture": "#0"}
			}
		},
		{
			"name": "cube",
			"from": [7, 6, 10.5],
			"to": [9, 11, 13.5],
			"faces": {
				"north": {
					"uv": [13.75, 3.5, 14.25, 4.75],
					"texture": "#0"
				},
				"east": {
					"uv": [13, 3.5, 13.75, 4.75],
					"texture": "#0"
				},
				"south": {
					"uv": [15, 3.5, 15.5, 4.75],
					"texture": "#0"
				},
				"west": {
					"uv": [14.25, 3.5, 15, 4.75],
					"texture": "#0"
				},
				"up": {
					"uv": [13.75, 2.75, 14.25, 3.5],
					"texture": "#0"
				},
				"down": {
					"uv": [14.25, 2.75, 14.75, 3.5],
					"texture": "#0"
				}
			},
			"rotation": {
				"origin": [8, 7.5, 11],
				"axis": "x",
				"angle": -22.5
			}
		},
		{
			"name": "cube",
			"from": [
				7.005000000000001,
				0.7999999999999998,
				14.200000000000003
			],
			"to": [8.995000000000001, 7.8, 16.200000000000003],
			"faces": {
				"north": {
					"uv": [14, 8, 14.5, 9.75],
					"texture": "#0"
				},
				"east": {
					"uv": [13.5, 8, 14, 9.75],
					"texture": "#0"
				},
				"south": {
					"uv": [15, 8, 15.5, 9.75],
					"texture": "#0"
				},
				"west": {
					"uv": [14.5, 8, 15, 9.75],
					"texture": "#0"
				},
				"up": {"uv": [14, 7.5, 14.5, 8], "texture": "#0"},
				"down": {"uv": [14.5, 7.5, 15, 8], "texture": "#0"}
			},
			"rotation": {
				"origin": [
					7.905000000000001,
					4.3,
					14.700000000000003
				],
				"axis": "x",
				"angle": -45
			}
		},
		{
			"name": "cube",
			"from": [
				7.255000000000001,
				1.2638095228607686,
				18.122652123093104
			],
			"to": [
				8.745000000000001,
				2.7638095228607686,
				21.122652123093104
			],
			"faces": {
				"north": {
					"uv": [0.75, 10.25, 1.25, 10.75],
					"texture": "#0"
				},
				"east": {
					"uv": [0, 10.25, 0.75, 10.75],
					"texture": "#0"
				},
				"south": {
					"uv": [2, 10.25, 2.5, 10.75],
					"texture": "#0"
				},
				"west": {
					"uv": [1.25, 10.25, 2, 10.75],
					"texture": "#0"
				},
				"up": {
					"uv": [0.75, 9.5, 1.25, 10.25],
					"texture": "#0"
				},
				"down": {
					"uv": [1.25, 9.5, 1.75, 10.25],
					"texture": "#0"
				}
			},
			"rotation": {
				"origin": [
					7.905000000000001,
					4.513809522860768,
					18.622652123093104
				],
				"axis": "x",
				"angle": 22.5
			}
		},
		{
			"name": "cube",
			"from": [
				7.665893529187059,
				0.5544924612863622,
				19.49749619249439
			],
			"to": [
				8.65589352918706,
				1.5544924612863622,
				22.74749619249439
			],
			"faces": {
				"north": {
					"uv": [14, 5.75, 14.25, 6],
					"texture": "#0"
				},
				"east": {"uv": [13, 5.75, 14, 6], "texture": "#0"},
				"south": {
					"uv": [15.25, 5.75, 15.5, 6],
					"texture": "#0"
				},
				"west": {
					"uv": [14.25, 5.75, 15.25, 6],
					"texture": "#0"
				},
				"up": {
					"uv": [14, 4.75, 14.25, 5.75],
					"texture": "#0"
				},
				"down": {
					"uv": [14.25, 4.75, 14.5, 5.75],
					"texture": "#0"
				}
			},
			"rotation": {
				"origin": [
					8.06589352918706,
					3.8044924612863618,
					19.99749619249439
				],
				"axis": "y",
				"angle": 22.5
			}
		},
		{
			"name": "cube",
			"from": [
				9.07294558676929,
				0.5544924612863622,
				22.356351378001726
			],
			"to": [
				9.81294558676929,
				1.3044924612863622,
				24.356351378001726
			],
			"faces": {
				"north": {
					"uv": [15, 6.5, 15.25, 6.75],
					"texture": "#0"
				},
				"east": {
					"uv": [14.5, 6.5, 15, 6.75],
					"texture": "#0"
				},
				"south": {
					"uv": [15.75, 6.5, 16, 6.75],
					"texture": "#0"
				},
				"west": {
					"uv": [15.25, 6.5, 15.75, 6.75],
					"texture": "#0"
				},
				"up": {"uv": [15, 6, 15.25, 6.5], "texture": "#0"},
				"down": {
					"uv": [15.25, 6, 15.5, 6.5],
					"texture": "#0"
				}
			},
			"rotation": {
				"origin": [
					9.22294558676929,
					3.8044924612863618,
					22.606351378001726
				],
				"axis": "y",
				"angle": 45
			}
		},
		{
			"name": "cube",
			"from": [
				10.972945586769288,
				0.5544924612863622,
				23.406351378001727
			],
			"to": [
				12.212945586769289,
				1.2044924612863621,
				24.056351378001725
			],
			"faces": {
				"north": {
					"uv": [12.25, 9.75, 12.75, 10],
					"texture": "#0"
				},
				"east": {
					"uv": [12, 9.75, 12.25, 10],
					"texture": "#0"
				},
				"south": {
					"uv": [13, 9.75, 13.5, 10],
					"texture": "#0"
				},
				"west": {
					"uv": [12.75, 9.75, 13, 10],
					"texture": "#0"
				},
				"up": {
					"uv": [12.25, 9.5, 12.75, 9.75],
					"texture": "#0"
				},
				"down": {
					"uv": [12.75, 9.5, 13.25, 9.75],
					"texture": "#0"
				}
			},
			"rotation": {
				"origin": [
					11.122945586769289,
					3.8044924612863618,
					22.406351378001727
				],
				"axis": "y",
				"angle": -22.5
			}
		},
		{
			"name": "cube",
			"from": [
				11.472945586769288,
				0.5544924612863622,
				23.706351378001727
			],
			"to": [
				12.712945586769289,
				1.0044924612863622,
				24.156351378001727
			],
			"faces": {
				"north": {
					"uv": [5.75, 10, 6.25, 10.25],
					"texture": "#0"
				},
				"east": {
					"uv": [5.5, 10, 5.75, 10.25],
					"texture": "#0"
				},
				"south": {
					"uv": [6.5, 10, 7, 10.25],
					"texture": "#0"
				},
				"west": {
					"uv": [6.25, 10, 6.5, 10.25],
					"texture": "#0"
				},
				"up": {
					"uv": [5.75, 9.75, 6.25, 10],
					"texture": "#0"
				},
				"down": {
					"uv": [6.25, 9.75, 6.75, 10],
					"texture": "#0"
				}
			},
			"rotation": {
				"origin": [
					11.622945586769289,
					3.8044924612863618,
					22.506351378001728
				],
				"axis": "y",
				"angle": 0
			}
		},
		{
			"name": "thigh",
			"from": [10.5, 3.25, 8],
			"to": [12.5, 8, 11],
			"faces": {
				"north": {
					"uv": [11.75, 8.25, 12.25, 9.5],
					"texture": "#0"
				},
				"east": {
					"uv": [11, 8.25, 11.75, 9.5],
					"texture": "#0"
				},
				"south": {
					"uv": [13, 8.25, 13.5, 9.5],
					"texture": "#0"
				},
				"west": {
					"uv": [12.25, 8.25, 13, 9.5],
					"texture": "#0"
				},
				"up": {
					"uv": [11.75, 7.5, 12.25, 8.25],
					"texture": "#0"
				},
				"down": {
					"uv": [12.25, 7.5, 12.75, 8.25],
					"texture": "#0"
				}
			}
		},
		{
			"name": "leg",
			"from": [10.75, -0.5, 7.25],
			"to": [12.25, 4.25, 9],
			"faces": {
				"north": {
					"uv": [9, 8.75, 9.5, 10],
					"texture": "#0"
				},
				"east": {"uv": [8.5, 8.75, 9, 10], "texture": "#0"},
				"south": {
					"uv": [10, 8.75, 10.5, 10],
					"texture": "#0"
				},
				"west": {"uv": [9.5, 8.75, 10, 10], "texture": "#0"}
			},
			"rotation": {
				"origin": [8, 7.25, 6.25],
				"axis": "x",
				"angle": -22.5
			}
		},
		{
			"name": "foot",
			"from": [10, 0, 8.25],
			"to": [13, 1.25, 12],
			"faces": {
				"north": {
					"uv": [12, 7, 12.75, 7.5],
					"texture": "#0"
				},
				"east": {"uv": [11, 7, 12, 7.5], "texture": "#0"},
				"south": {
					"uv": [13.75, 7, 14.5, 7.5],
					"texture": "#0"
				},
				"west": {
					"uv": [12.75, 7, 13.75, 7.5],
					"texture": "#0"
				},
				"up": {"uv": [12, 6, 12.75, 7], "texture": "#0"},
				"down": {"uv": [12.75, 6, 13.5, 7], "texture": "#0"}
			}
		},
		{
			"name": "toe",
			"from": [12.1, 0.25, 7.15],
			"to": [12.9, 0.8999999999999999, 9],
			"faces": {
				"north": {
					"uv": [15, 7.25, 15.25, 7.5],
					"texture": "#0"
				},
				"east": {
					"uv": [14.5, 7.25, 15, 7.5],
					"texture": "#0"
				},
				"south": {
					"uv": [15.75, 7.25, 16, 7.5],
					"texture": "#0"
				},
				"west": {
					"uv": [15.25, 7.25, 15.75, 7.5],
					"texture": "#0"
				},
				"up": {
					"uv": [15, 6.75, 15.25, 7.25],
					"texture": "#0"
				},
				"down": {
					"uv": [15.25, 6.75, 15.5, 7.25],
					"texture": "#0"
				}
			},
			"rotation": {
				"origin": [12.5, 0.575, 8.075],
				"axis": "x",
				"angle": -22.5
			}
		},
		{
			"name": "toe",
			"from": [11.1, 0.25, 7.15],
			"to": [11.9, 0.8999999999999999, 9],
			"faces": {
				"north": {
					"uv": [15, 7.25, 15.25, 7.5],
					"texture": "#0"
				},
				"east": {
					"uv": [14.5, 7.25, 15, 7.5],
					"texture": "#0"
				},
				"south": {
					"uv": [15.75, 7.25, 16, 7.5],
					"texture": "#0"
				},
				"west": {
					"uv": [15.25, 7.25, 15.75, 7.5],
					"texture": "#0"
				},
				"up": {
					"uv": [15, 6.75, 15.25, 7.25],
					"texture": "#0"
				},
				"down": {
					"uv": [15.25, 6.75, 15.5, 7.25],
					"texture": "#0"
				}
			},
			"rotation": {
				"origin": [11.5, 0.575, 8.075],
				"axis": "x",
				"angle": -22.5
			}
		},
		{
			"name": "toe",
			"from": [10.1, 0.25, 7.15],
			"to": [10.9, 0.8999999999999999, 9],
			"faces": {
				"north": {
					"uv": [15, 7.25, 15.25, 7.5],
					"texture": "#0"
				},
				"east": {
					"uv": [14.5, 7.25, 15, 7.5],
					"texture": "#0"
				},
				"south": {
					"uv": [15.75, 7.25, 16, 7.5],
					"texture": "#0"
				},
				"west": {
					"uv": [15.25, 7.25, 15.75, 7.5],
					"texture": "#0"
				},
				"up": {
					"uv": [15, 6.75, 15.25, 7.25],
					"texture": "#0"
				},
				"down": {
					"uv": [15.25, 6.75, 15.5, 7.25],
					"texture": "#0"
				}
			},
			"rotation": {
				"origin": [10.5, 0.575, 8.075],
				"axis": "x",
				"angle": -22.5
			}
		},
		{
			"name": "thigh",
			"from": [3.5, 3.25, 8],
			"to": [5.5, 8, 11],
			"faces": {
				"north": {
					"uv": [11.75, 8.25, 12.25, 9.5],
					"texture": "#0"
				},
				"east": {
					"uv": [11, 8.25, 11.75, 9.5],
					"texture": "#0"
				},
				"south": {
					"uv": [13, 8.25, 13.5, 9.5],
					"texture": "#0"
				},
				"west": {
					"uv": [12.25, 8.25, 13, 9.5],
					"texture": "#0"
				},
				"up": {
					"uv": [11.75, 7.5, 12.25, 8.25],
					"texture": "#0"
				},
				"down": {
					"uv": [12.25, 7.5, 12.75, 8.25],
					"texture": "#0"
				}
			}
		},
		{
			"name": "leg",
			"from": [3.75, -0.5, 7.25],
			"to": [5.25, 4.25, 9],
			"faces": {
				"north": {
					"uv": [9, 8.75, 9.5, 10],
					"texture": "#0"
				},
				"east": {"uv": [8.5, 8.75, 9, 10], "texture": "#0"},
				"south": {
					"uv": [10, 8.75, 10.5, 10],
					"texture": "#0"
				},
				"west": {"uv": [9.5, 8.75, 10, 10], "texture": "#0"}
			},
			"rotation": {
				"origin": [8, 7.25, 6.25],
				"axis": "x",
				"angle": -22.5
			}
		},
		{
			"name": "foot",
			"from": [3, 0, 8.25],
			"to": [6, 1.25, 12],
			"faces": {
				"north": {
					"uv": [12, 7, 12.75, 7.5],
					"texture": "#0"
				},
				"east": {"uv": [11, 7, 12, 7.5], "texture": "#0"},
				"south": {
					"uv": [13.75, 7, 14.5, 7.5],
					"texture": "#0"
				},
				"west": {
					"uv": [12.75, 7, 13.75, 7.5],
					"texture": "#0"
				},
				"up": {"uv": [12, 6, 12.75, 7], "texture": "#0"},
				"down": {"uv": [12.75, 6, 13.5, 7], "texture": "#0"}
			}
		},
		{
			"name": "toe",
			"from": [5.1, 0.25, 7.15],
			"to": [5.9, 0.8999999999999999, 9],
			"faces": {
				"north": {
					"uv": [15, 7.25, 15.25, 7.5],
					"texture": "#0"
				},
				"east": {
					"uv": [14.5, 7.25, 15, 7.5],
					"texture": "#0"
				},
				"south": {
					"uv": [15.75, 7.25, 16, 7.5],
					"texture": "#0"
				},
				"west": {
					"uv": [15.25, 7.25, 15.75, 7.5],
					"texture": "#0"
				},
				"up": {
					"uv": [15, 6.75, 15.25, 7.25],
					"texture": "#0"
				},
				"down": {
					"uv": [15.25, 6.75, 15.5, 7.25],
					"texture": "#0"
				}
			},
			"rotation": {
				"origin": [10.5, 0.575, 8.075],
				"axis": "x",
				"angle": -22.5
			}
		},
		{
			"name": "toe",
			"from": [4.1, 0.25, 7.15],
			"to": [4.9, 0.8999999999999999, 9],
			"faces": {
				"north": {
					"uv": [15, 7.25, 15.25, 7.5],
					"texture": "#0"
				},
				"east": {
					"uv": [14.5, 7.25, 15, 7.5],
					"texture": "#0"
				},
				"south": {
					"uv": [15.75, 7.25, 16, 7.5],
					"texture": "#0"
				},
				"west": {
					"uv": [15.25, 7.25, 15.75, 7.5],
					"texture": "#0"
				},
				"up": {
					"uv": [15, 6.75, 15.25, 7.25],
					"texture": "#0"
				},
				"down": {
					"uv": [15.25, 6.75, 15.5, 7.25],
					"texture": "#0"
				}
			},
			"rotation": {
				"origin": [11.5, 0.575, 8.075],
				"axis": "x",
				"angle": -22.5
			}
		},
		{
			"name": "toe",
			"from": [3.0999999999999996, 0.25, 7.15],
			"to": [3.9000000000000004, 0.8999999999999999, 9],
			"faces": {
				"north": {
					"uv": [15, 7.25, 15.25, 7.5],
					"texture": "#0"
				},
				"east": {
					"uv": [14.5, 7.25, 15, 7.5],
					"texture": "#0"
				},
				"south": {
					"uv": [15.75, 7.25, 16, 7.5],
					"texture": "#0"
				},
				"west": {
					"uv": [15.25, 7.25, 15.75, 7.5],
					"texture": "#0"
				},
				"up": {
					"uv": [15, 6.75, 15.25, 7.25],
					"texture": "#0"
				},
				"down": {
					"uv": [15.25, 6.75, 15.5, 7.25],
					"texture": "#0"
				}
			},
			"rotation": {
				"origin": [12.5, 0.575, 8.075],
				"axis": "x",
				"angle": -22.5
			}
		},
		{
			"name": "cube",
			"from": [4.25, 15.5, 2],
			"to": [11.75, 18.5, 8],
			"faces": {
				"north": {
					"uv": [1.5, 7.5, 3.5, 8.25],
					"texture": "#0"
				},
				"east": {
					"uv": [0, 7.5, 1.5, 8.25],
					"texture": "#0"
				},
				"south": {"uv": [5, 7.5, 7, 8.25], "texture": "#0"},
				"west": {
					"uv": [3.5, 7.5, 5, 8.25],
					"texture": "#0"
				},
				"up": {"uv": [1.5, 6, 3.5, 7.5], "texture": "#0"},
				"down": {"uv": [3.5, 6, 5.5, 7.5], "texture": "#0"}
			},
			"rotation": {
				"origin": [8, 8.5, 8],
				"axis": "x",
				"angle": 0
			}
		},
		{
			"name": "cube",
			"from": [
				4.001000000000001,
				13.578230010449346,
				10.61594932887557
			],
			"to": [
				11.991000000000003,
				21.578230010449346,
				15.36594932887557
			],
			"faces": {
				"north": {
					"uv": [7.75, 4, 9.75, 6],
					"texture": "#0"
				},
				"east": {"uv": [6.5, 4, 7.75, 6], "texture": "#0"},
				"south": {"uv": [11, 4, 13, 6], "texture": "#0"},
				"west": {"uv": [9.75, 4, 11, 6], "texture": "#0"},
				"up": {
					"uv": [7.75, 2.75, 9.75, 4],
					"texture": "#0"
				},
				"down": {
					"uv": [9.75, 2.75, 11.75, 4],
					"texture": "#0"
				}
			},
			"rotation": {
				"origin": [
					8.001000000000001,
					5.578230010449346,
					11.36594932887557
				],
				"axis": "x",
				"angle": -22.5
			}
		},
		{
			"name": "cube",
			"from": [
				4.049999999999999,
				18.045386738028352,
				1.1871653023199418
			],
			"to": [11.95, 20.045386738028352, 9.687165302319942],
			"faces": {
				"north": {
					"uv": [8.75, 2.25, 10.75, 2.75],
					"texture": "#0"
				},
				"east": {
					"uv": [6.5, 2.25, 8.75, 2.75],
					"texture": "#0"
				},
				"south": {
					"uv": [13, 2.25, 15, 2.75],
					"texture": "#0"
				},
				"west": {
					"uv": [10.75, 2.25, 13, 2.75],
					"texture": "#0"
				},
				"up": {
					"uv": [8.75, 0, 10.75, 2.25],
					"texture": "#0"
				},
				"down": {
					"uv": [10.75, 0, 12.75, 2.25],
					"texture": "#0"
				}
			},
			"rotation": {
				"origin": [
					8.049999999999999,
					11.045386738028352,
					5.687165302319942
				],
				"axis": "x",
				"angle": 0
			}
		},
		{
			"name": "eye",
			"from": [8.5, 19.578230010449346, 4.615949328875571],
			"to": [11.5, 22.578230010449346, 7.365949328875571],
			"faces": {
				"north": {"uv": [0, 0, 16, 16], "texture": "#1"},
				"east": {
					"uv": [5.5, 9, 6.25, 9.75],
					"texture": "#0"
				},
				"south": {
					"uv": [7.75, 9, 8.5, 9.75],
					"texture": "#0"
				},
				"west": {"uv": [7, 9, 7.75, 9.75], "texture": "#0"},
				"up": {"uv": [6.25, 8.25, 7, 9], "texture": "#0"}
			},
			"rotation": {
				"origin": [
					7.5,
					11.578230010449346,
					5.365949328875571
				],
				"axis": "x",
				"angle": 0
			}
		},
		{
			"name": "eye",
			"from": [4.5, 19.578230010449346, 4.615949328875571],
			"to": [7.5, 22.578230010449346, 7.365949328875571],
			"faces": {
				"north": {"uv": [0, 0, 16, 16], "texture": "#1"},
				"east": {
					"uv": [5.5, 9, 6.25, 9.75],
					"texture": "#0"
				},
				"south": {
					"uv": [7.75, 9, 8.5, 9.75],
					"texture": "#0"
				},
				"west": {"uv": [7, 9, 7.75, 9.75], "texture": "#0"},
				"up": {"uv": [6.25, 8.25, 7, 9], "texture": "#0"}
			},
			"rotation": {
				"origin": [
					3.5,
					11.578230010449346,
					5.365949328875571
				],
				"axis": "x",
				"angle": 0
			}
		},
		{
			"name": "cube",
			"from": [5, 16.5, -4],
			"to": [11, 18.25, 1.25],
			"faces": {
				"north": {
					"uv": [1.5, 5.25, 3, 5.75],
					"texture": "#0"
				},
				"east": {
					"uv": [0, 5.25, 1.5, 5.75],
					"texture": "#0"
				},
				"south": {
					"uv": [4.5, 5.25, 6, 5.75],
					"texture": "#0"
				},
				"west": {
					"uv": [3, 5.25, 4.5, 5.75],
					"texture": "#0"
				},
				"up": {"uv": [1.5, 3.75, 3, 5.25], "texture": "#0"},
				"down": {
					"uv": [3, 3.75, 4.5, 5.25],
					"texture": "#0"
				}
			},
			"rotation": {
				"origin": [8, 8.25, 1.25],
				"axis": "x",
				"angle": 22.5
			}
		},
		{
			"name": "cube",
			"from": [
				4.25,
				18.045386738028352,
				-1.5128346976800593
			],
			"to": [
				11.75,
				19.545386738028352,
				1.2371653023199407
			],
			"faces": {
				"north": {
					"uv": [0.75, 9, 2.75, 9.5],
					"texture": "#0"
				},
				"east": {"uv": [0, 9, 0.75, 9.5], "texture": "#0"},
				"west": {
					"uv": [2.75, 9, 3.5, 9.5],
					"texture": "#0"
				},
				"up": {
					"uv": [0.75, 8.25, 2.75, 9],
					"texture": "#0"
				},
				"down": {
					"uv": [2.75, 8.25, 4.75, 9],
					"texture": "#0"
				}
			},
			"rotation": {
				"origin": [
					8,
					11.045386738028352,
					-2.7628346976800593
				],
				"axis": "x",
				"angle": 0
			}
		},
		{
			"name": "cube",
			"from": [
				8.25,
				16.545386738028352,
				-1.0128346976800593
			],
			"to": [
				9.75,
				18.045386738028352,
				-0.5128346976800593
			],
			"faces": {
				"north": {
					"uv": [10.75, 9.75, 11.25, 10.25],
					"texture": "#0"
				},
				"east": {
					"uv": [10.5, 9.75, 10.75, 10.25],
					"texture": "#0"
				},
				"south": {
					"uv": [11.5, 9.75, 12, 10.25],
					"texture": "#0"
				},
				"west": {
					"uv": [11.25, 9.75, 11.5, 10.25],
					"texture": "#0"
				},
				"down": {
					"uv": [11.25, 9.5, 11.75, 9.75],
					"texture": "#0"
				}
			},
			"rotation": {
				"origin": [
					8,
					9.545386738028352,
					-3.5128346976800593
				],
				"axis": "x",
				"angle": 0
			}
		},
		{
			"name": "cube",
			"from": [
				6.25,
				16.545386738028352,
				-1.0128346976800593
			],
			"to": [
				7.75,
				18.045386738028352,
				-0.5128346976800593
			],
			"faces": {
				"north": {
					"uv": [10.75, 9.75, 11.25, 10.25],
					"texture": "#0"
				},
				"east": {
					"uv": [10.5, 9.75, 10.75, 10.25],
					"texture": "#0"
				},
				"south": {
					"uv": [11.5, 9.75, 12, 10.25],
					"texture": "#0"
				},
				"west": {
					"uv": [11.25, 9.75, 11.5, 10.25],
					"texture": "#0"
				},
				"down": {
					"uv": [11.25, 9.5, 11.75, 9.75],
					"texture": "#0"
				}
			},
			"rotation": {
				"origin": [
					6,
					9.545386738028352,
					-3.5128346976800593
				],
				"axis": "x",
				"angle": 0
			}
		},
		{
			"name": "cube",
			"from": [
				3.5018062759179394,
				21.549999999999997,
				6.195960715241368
			],
			"to": [12.521806275917939, 28.93, 6.195960715241368],
			"faces": {
				"north": {
					"uv": [5.5, 11.5, 10.5, 16],
					"texture": "#1_0"
				},
				"east": {"uv": [0, 0, 1, 1], "texture": "#missing"},
				"south": {
					"uv": [5.5, 11.5, 10.5, 16],
					"texture": "#1_0"
				},
				"west": {"uv": [0, 0, 1, 1], "texture": "#missing"},
				"up": {
					"uv": [0, 0, 1, 1],
					"texture": "#missing",
					"rotation": 90
				},
				"down": {
					"uv": [0, 0, 1, 1],
					"texture": "#missing",
					"rotation": 270
				}
			},
			"rotation": {
				"origin": [
					9.24180627591794,
					28.11,
					7.835960715241368
				],
				"axis": "y",
				"angle": 0
			}
		},
		{
			"name": "cube",
			"from": [
				8.040944078782783,
				21.549999999999997,
				5.674408760398089
			],
			"to": [8.040944078782783, 28.93, 12.109408760398086],
			"faces": {
				"north": {
					"uv": [0, 0, 1, 1],
					"texture": "#missing"
				},
				"east": {
					"uv": [0.5, 11.5, 5.5, 16],
					"texture": "#1_0"
				},
				"south": {
					"uv": [0, 0, 1, 1],
					"texture": "#missing"
				},
				"west": {
					"uv": [10.5, 11.5, 16, 16],
					"texture": "#1_0"
				},
				"up": {
					"uv": [0, 0, 1, 1],
					"texture": "#missing",
					"rotation": 180
				},
				"down": {
					"uv": [0, 0, 1, 1],
					"texture": "#missing",
					"rotation": 180
				}
			},
			"rotation": {
				"origin": [
					6.400944078782783,
					28.11,
					11.414408760398086
				],
				"axis": "y",
				"angle": 45
			}
		},
		{
			"name": "cube",
			"from": [
				6.608358230761221,
				21.549999999999997,
				10.735098518106213
			],
			"to": [13.04335823076122, 28.93, 10.735098518106213],
			"faces": {
				"north": {
					"uv": [10.5, 11.5, 16, 16],
					"texture": "#1_0"
				},
				"east": {"uv": [0, 0, 1, 1], "texture": "#missing"},
				"south": {
					"uv": [0, 11.5, 5.5, 16],
					"texture": "#1_0"
				},
				"west": {"uv": [0, 0, 1, 1], "texture": "#missing"},
				"up": {
					"uv": [0, 0, 1, 1],
					"texture": "#missing",
					"rotation": 270
				},
				"down": {
					"uv": [0, 0, 1, 1],
					"texture": "#missing",
					"rotation": 90
				}
			},
			"rotation": {
				"origin": [
					7.303358230761219,
					28.11,
					9.095098518106214
				],
				"axis": "y",
				"angle": 45
			}
		}
	],
	"display": {
		"thirdperson_righthand": {"scale": [1, 1, 1]},
		"head": {
			"scale": [1.8, 1.8, 1.8],
			"translation": [0, -4, -2.5]
		},
		"ground": {"scale": [1, 1, 1]},
		"gui": {
			"scale": [1, 1, 1],
			"translation": [0.5, 5.5, 0],
			"rotation": [34, -3, 0]
		},
		"firstperson_lefthand": {"scale": [1, 1, 1]}
	}
}