{
	"credit": "Made with Blockbench, a free, modern block model editor by JannisX11",
	"textures": {"0": "captain_coldblood/main"},
	"elements": [
		{
			"name": "thigh",
			"from": [3.5, 3.25, 8],
			"to": [5.5, 8, 11],
			"faces": {
				"north": {
					"uv": [11.75, 8.25, 12.25, 9.5],
					"texture": "#0"
				},
				"east": {
					"uv": [11, 8.25, 11.75, 9.5],
					"texture": "#0"
				},
				"south": {
					"uv": [13, 8.25, 13.5, 9.5],
					"texture": "#0"
				},
				"west": {
					"uv": [12.25, 8.25, 13, 9.5],
					"texture": "#0"
				},
				"up": {
					"uv": [11.75, 7.5, 12.25, 8.25],
					"texture": "#0"
				},
				"down": {
					"uv": [12.25, 7.5, 12.75, 8.25],
					"texture": "#0"
				}
			}
		},
		{
			"name": "leg",
			"from": [3.75, -0.5, 7.25],
			"to": [5.25, 4.25, 9],
			"faces": {
				"north": {
					"uv": [9, 8.75, 9.5, 10],
					"texture": "#0"
				},
				"east": {"uv": [8.5, 8.75, 9, 10], "texture": "#0"},
				"south": {
					"uv": [10, 8.75, 10.5, 10],
					"texture": "#0"
				},
				"west": {"uv": [9.5, 8.75, 10, 10], "texture": "#0"}
			},
			"rotation": {
				"origin": [8, 7.25, 6.25],
				"axis": "x",
				"angle": -22.5
			}
		},
		{
			"name": "foot",
			"from": [3, 0, 8.25],
			"to": [6, 1.25, 12],
			"faces": {
				"north": {
					"uv": [12, 7, 12.75, 7.5],
					"texture": "#0"
				},
				"east": {"uv": [11, 7, 12, 7.5], "texture": "#0"},
				"south": {
					"uv": [13.75, 7, 14.5, 7.5],
					"texture": "#0"
				},
				"west": {
					"uv": [12.75, 7, 13.75, 7.5],
					"texture": "#0"
				},
				"up": {"uv": [12, 6, 12.75, 7], "texture": "#0"},
				"down": {"uv": [12.75, 6, 13.5, 7], "texture": "#0"}
			}
		},
		{
			"name": "toe",
			"from": [5.1, 0.25, 7.15],
			"to": [5.9, 0.8999999999999999, 9],
			"faces": {
				"north": {
					"uv": [15, 7.25, 15.25, 7.5],
					"texture": "#0"
				},
				"east": {
					"uv": [14.5, 7.25, 15, 7.5],
					"texture": "#0"
				},
				"south": {
					"uv": [15.75, 7.25, 16, 7.5],
					"texture": "#0"
				},
				"west": {
					"uv": [15.25, 7.25, 15.75, 7.5],
					"texture": "#0"
				},
				"up": {
					"uv": [15, 6.75, 15.25, 7.25],
					"texture": "#0"
				},
				"down": {
					"uv": [15.25, 6.75, 15.5, 7.25],
					"texture": "#0"
				}
			},
			"rotation": {
				"origin": [10.5, 0.575, 8.075],
				"axis": "x",
				"angle": -22.5
			}
		},
		{
			"name": "toe",
			"from": [4.1, 0.25, 7.15],
			"to": [4.9, 0.8999999999999999, 9],
			"faces": {
				"north": {
					"uv": [15, 7.25, 15.25, 7.5],
					"texture": "#0"
				},
				"east": {
					"uv": [14.5, 7.25, 15, 7.5],
					"texture": "#0"
				},
				"south": {
					"uv": [15.75, 7.25, 16, 7.5],
					"texture": "#0"
				},
				"west": {
					"uv": [15.25, 7.25, 15.75, 7.5],
					"texture": "#0"
				},
				"up": {
					"uv": [15, 6.75, 15.25, 7.25],
					"texture": "#0"
				},
				"down": {
					"uv": [15.25, 6.75, 15.5, 7.25],
					"texture": "#0"
				}
			},
			"rotation": {
				"origin": [11.5, 0.575, 8.075],
				"axis": "x",
				"angle": -22.5
			}
		},
		{
			"name": "toe",
			"from": [3.0999999999999996, 0.25, 7.15],
			"to": [3.9000000000000004, 0.8999999999999999, 9],
			"faces": {
				"north": {
					"uv": [15, 7.25, 15.25, 7.5],
					"texture": "#0"
				},
				"east": {
					"uv": [14.5, 7.25, 15, 7.5],
					"texture": "#0"
				},
				"south": {
					"uv": [15.75, 7.25, 16, 7.5],
					"texture": "#0"
				},
				"west": {
					"uv": [15.25, 7.25, 15.75, 7.5],
					"texture": "#0"
				},
				"up": {
					"uv": [15, 6.75, 15.25, 7.25],
					"texture": "#0"
				},
				"down": {
					"uv": [15.25, 6.75, 15.5, 7.25],
					"texture": "#0"
				}
			},
			"rotation": {
				"origin": [12.5, 0.575, 8.075],
				"axis": "x",
				"angle": -22.5
			}
		}
	],
	"display": {
		"thirdperson_righthand": {"scale": [1, 1, 1]},
		"head": {
			"scale": [1.8, 1.8, 1.8],
			"translation": [0, -24, -2.5]
		},
		"ground": {"scale": [1, 1, 1]},
		"gui": {
			"scale": [1, 1, 1],
			"translation": [0.5, 5.5, 0],
			"rotation": [34, -3, 0]
		},
		"firstperson_lefthand": {"scale": [1, 1, 1]},
		"thirdperson_lefthand": {
			"scale": [1.5, 1.5, 1.5],
			"rotation": [90, 0, 0],
			"translation": [-6.5, 0.2, 12]
		}
	}
}