{
	"credit": "Made with Blockbench, a free, modern block model editor by JannisX11",
	"textures": {
		"0": "captain_coldblood/main",
		"1": "captain_coldblood/eye",
		"2": "items/pirate_hat",
		"1_0": "blocks/planks_spruce",
		"particle": "blocks/planks_spruce",
		"1_1": "blocks/door_iron_lower"
	},
	"elements": [
		{
			"name": "cube",
			"from": [1.5, 10.5, 4],
			"to": [6.5, 20, 12],
			"faces": {
				"north": {
					"uv": [3.25, 1.25, 4.5, 3.75],
					"texture": "#0"
				},
				"east": {
					"uv": [1.25, 1.25, 3.25, 3.75],
					"texture": "#0"
				},
				"south": {
					"uv": [0, 1.25, 1.25, 3.75],
					"texture": "#0"
				},
				"west": {
					"uv": [4.5, 1.25, 6.5, 3.75],
					"texture": "#0"
				},
				"up": {
					"uv": [1.25, 0, 3.25, 1.25],
					"texture": "#0",
					"rotation": 90
				},
				"down": {
					"uv": [3.25, 0, 5.25, 1.25],
					"texture": "#0",
					"rotation": 270
				}
			}
		},
		{
			"name": "cube",
			"from": [5.75, 11.5, 5],
			"to": [7.75, 18.5, 11],
			"faces": {
				"north": {
					"uv": [9, 6.5, 9.5, 8.25],
					"texture": "#0"
				},
				"east": {
					"uv": [7.5, 6.5, 9, 8.25],
					"texture": "#0"
				},
				"south": {
					"uv": [7, 6.5, 7.5, 8.25],
					"texture": "#0"
				},
				"up": {
					"uv": [7.5, 6, 9, 6.5],
					"texture": "#0",
					"rotation": 90
				},
				"down": {
					"uv": [9, 6, 10.5, 6.5],
					"texture": "#0",
					"rotation": 270
				}
			}
		},
		{
			"name": "cube",
			"from": [0, 11.5, 7],
			"to": [3, 16.5, 9],
			"faces": {
				"north": {
					"uv": [14.25, 3.5, 15, 4.75],
					"texture": "#0"
				},
				"east": {
					"uv": [13.75, 3.5, 14.25, 4.75],
					"texture": "#0"
				},
				"south": {
					"uv": [13, 3.5, 13.75, 4.75],
					"texture": "#0"
				},
				"west": {
					"uv": [15, 3.5, 15.5, 4.75],
					"texture": "#0"
				},
				"up": {
					"uv": [13.75, 2.75, 14.25, 3.5],
					"texture": "#0",
					"rotation": 90
				},
				"down": {
					"uv": [14.25, 2.75, 14.75, 3.5],
					"texture": "#0",
					"rotation": 270
				}
			},
			"rotation": {
				"origin": [2.5, 13, 8],
				"axis": "z",
				"angle": -22.5
			}
		},
		{
			"name": "cube",
			"from": [
				-2.700000000000003,
				6.300000000000001,
				7.005000000000001
			],
			"to": [-0.7000000000000028, 13.3, 8.995000000000001],
			"faces": {
				"north": {
					"uv": [14.5, 8, 15, 9.75],
					"texture": "#0"
				},
				"east": {
					"uv": [14, 8, 14.5, 9.75],
					"texture": "#0"
				},
				"south": {
					"uv": [13.5, 8, 14, 9.75],
					"texture": "#0"
				},
				"west": {
					"uv": [15, 8, 15.5, 9.75],
					"texture": "#0"
				},
				"up": {
					"uv": [14, 7.5, 14.5, 8],
					"texture": "#0",
					"rotation": 90
				},
				"down": {
					"uv": [14.5, 7.5, 15, 8],
					"texture": "#0",
					"rotation": 270
				}
			},
			"rotation": {
				"origin": [
					-1.2000000000000028,
					9.8,
					7.905000000000001
				],
				"axis": "z",
				"angle": -45
			}
		},
		{
			"name": "cube",
			"from": [
				-4.372652123093104,
				6.513809522860768,
				7.255000000000001
			],
			"to": [
				-2.872652123093104,
				9.513809522860768,
				8.745000000000001
			],
			"faces": {
				"north": {
					"uv": [1.25, 10.25, 2, 10.75],
					"texture": "#0",
					"rotation": 90
				},
				"east": {
					"uv": [1.25, 9.5, 1.75, 10.25],
					"texture": "#0",
					"rotation": 180
				},
				"south": {
					"uv": [0, 10.25, 0.75, 10.75],
					"texture": "#0",
					"rotation": 270
				},
				"west": {
					"uv": [0.75, 9.5, 1.25, 10.25],
					"texture": "#0"
				},
				"up": {
					"uv": [0.75, 10.25, 1.25, 10.75],
					"texture": "#0",
					"rotation": 270
				},
				"down": {
					"uv": [2, 10.25, 2.5, 10.75],
					"texture": "#0",
					"rotation": 270
				}
			},
			"rotation": {
				"origin": [
					-6.122652123093104,
					9.013809522860768,
					7.905000000000001
				],
				"axis": "z",
				"angle": -22.5
			}
		},
		{
			"name": "cube",
			"from": [
				-5.247496192494388,
				3.0544924612863618,
				7.665893529187057
			],
			"to": [
				-4.247496192494388,
				6.304492461286362,
				8.655893529187058
			],
			"faces": {
				"north": {
					"uv": [14.25, 5.75, 15.25, 6],
					"texture": "#0",
					"rotation": 90
				},
				"east": {
					"uv": [14.25, 4.75, 14.5, 5.75],
					"texture": "#0",
					"rotation": 180
				},
				"south": {
					"uv": [13, 5.75, 14, 6],
					"texture": "#0",
					"rotation": 270
				},
				"west": {
					"uv": [14, 4.75, 14.25, 5.75],
					"texture": "#0"
				},
				"up": {
					"uv": [14, 5.75, 14.25, 6],
					"texture": "#0",
					"rotation": 270
				},
				"down": {
					"uv": [15.25, 5.75, 15.5, 6],
					"texture": "#0",
					"rotation": 270
				}
			},
			"rotation": {
				"origin": [
					-7.497496192494388,
					5.804492461286362,
					8.065893529187058
				],
				"axis": "z",
				"angle": 0
			}
		},
		{
			"name": "cube",
			"from": [
				-4.856351378001726,
				2.5544924612863618,
				7.82294558676929
			],
			"to": [
				-4.106351378001726,
				4.554492461286362,
				8.56294558676929
			],
			"faces": {
				"north": {
					"uv": [15.25, 6.5, 15.75, 6.75],
					"texture": "#0",
					"rotation": 90
				},
				"east": {
					"uv": [15.25, 6, 15.5, 6.5],
					"texture": "#0",
					"rotation": 180
				},
				"south": {
					"uv": [14.5, 6.5, 15, 6.75],
					"texture": "#0",
					"rotation": 270
				},
				"west": {
					"uv": [15, 6, 15.25, 6.5],
					"texture": "#0"
				},
				"up": {
					"uv": [15, 6.5, 15.25, 6.75],
					"texture": "#0",
					"rotation": 270
				},
				"down": {
					"uv": [15.75, 6.5, 16, 6.75],
					"texture": "#0",
					"rotation": 270
				}
			},
			"rotation": {
				"origin": [
					-7.356351378001726,
					4.304492461286362,
					7.97294558676929
				],
				"axis": "z",
				"angle": -22.5
			}
		},
		{
			"name": "cube",
			"from": [
				-5.806351378001727,
				1.6544924612863614,
				7.872945586769289
			],
			"to": [
				-5.156351378001727,
				2.8944924612863616,
				8.522945586769287
			],
			"faces": {
				"north": {
					"uv": [12.25, 9.75, 12.75, 10],
					"texture": "#0",
					"rotation": 90
				},
				"east": {
					"uv": [12.75, 9.5, 13.25, 9.75],
					"texture": "#0",
					"rotation": 270
				},
				"south": {
					"uv": [13, 9.75, 13.5, 10],
					"texture": "#0",
					"rotation": 270
				},
				"west": {
					"uv": [12.25, 9.5, 12.75, 9.75],
					"texture": "#0",
					"rotation": 270
				},
				"up": {
					"uv": [12, 9.75, 12.25, 10],
					"texture": "#0",
					"rotation": 270
				},
				"down": {
					"uv": [12.75, 9.75, 13, 10],
					"texture": "#0",
					"rotation": 270
				}
			},
			"rotation": {
				"origin": [
					-8.406351378001727,
					1.8044924612863618,
					6.872945586769289
				],
				"axis": "z",
				"angle": -22.5
			}
		},
		{
			"name": "cube",
			"from": [
				-7.9063513780017285,
				-0.19550753871363824,
				8.072945586769288
			],
			"to": [
				-6.666351378001728,
				0.25449246128636194,
				8.522945586769287
			],
			"faces": {
				"north": {
					"uv": [5.75, 10, 6.25, 10.25],
					"texture": "#0"
				},
				"east": {
					"uv": [5.5, 10, 5.75, 10.25],
					"texture": "#0"
				},
				"south": {
					"uv": [6.5, 10, 7, 10.25],
					"texture": "#0"
				},
				"west": {
					"uv": [6.25, 10, 6.5, 10.25],
					"texture": "#0"
				},
				"up": {
					"uv": [5.75, 9.75, 6.25, 10],
					"texture": "#0"
				},
				"down": {
					"uv": [6.25, 9.75, 6.75, 10],
					"texture": "#0"
				}
			},
			"rotation": {
				"origin": [
					-7.756351378001728,
					3.0544924612863618,
					6.872945586769289
				],
				"axis": "z",
				"angle": 22.5
			}
		},
		{
			"name": "thigh",
			"from": [2.5, 10.5, 3.5],
			"to": [7.25, 13.5, 5.5],
			"faces": {
				"north": {
					"uv": [12.25, 8.25, 13, 9.5],
					"texture": "#0",
					"rotation": 90
				},
				"east": {
					"uv": [12.25, 7.5, 12.75, 8.25],
					"texture": "#0",
					"rotation": 180
				},
				"south": {
					"uv": [11, 8.25, 11.75, 9.5],
					"texture": "#0",
					"rotation": 270
				},
				"west": {
					"uv": [11.75, 7.5, 12.25, 8.25],
					"texture": "#0"
				},
				"up": {
					"uv": [11.75, 8.25, 12.25, 9.5],
					"texture": "#0",
					"rotation": 270
				},
				"down": {
					"uv": [13, 8.25, 13.5, 9.5],
					"texture": "#0",
					"rotation": 270
				}
			}
		},
		{
			"name": "leg",
			"from": [6.25, 12.5, 3.75],
			"to": [11, 14.25, 5.25],
			"faces": {
				"north": {
					"uv": [9.5, 8.75, 10, 10],
					"texture": "#0",
					"rotation": 90
				},
				"south": {
					"uv": [8.5, 8.75, 9, 10],
					"texture": "#0",
					"rotation": 270
				},
				"up": {
					"uv": [9, 8.75, 9.5, 10],
					"texture": "#0",
					"rotation": 270
				},
				"down": {
					"uv": [10, 8.75, 10.5, 10],
					"texture": "#0",
					"rotation": 270
				}
			},
			"rotation": {
				"origin": [3.25, 15.25, 8],
				"axis": "z",
				"angle": -22.5
			}
		},
		{
			"name": "foot",
			"from": [7.75, 11.25, 3],
			"to": [9, 15, 6],
			"faces": {
				"north": {
					"uv": [12.75, 7, 13.75, 7.5],
					"texture": "#0",
					"rotation": 90
				},
				"east": {
					"uv": [12.75, 6, 13.5, 7],
					"texture": "#0",
					"rotation": 180
				},
				"south": {
					"uv": [11, 7, 12, 7.5],
					"texture": "#0",
					"rotation": 270
				},
				"west": {"uv": [12, 6, 12.75, 7], "texture": "#0"},
				"up": {
					"uv": [12, 7, 12.75, 7.5],
					"texture": "#0",
					"rotation": 270
				},
				"down": {
					"uv": [13.75, 7, 14.5, 7.5],
					"texture": "#0",
					"rotation": 270
				}
			},
			"rotation": {
				"origin": [6.5, 9.75, 8],
				"axis": "z",
				"angle": -45
			}
		},
		{
			"name": "toe",
			"from": [
				10.75,
				11.850000000000001,
				5.099999999999998
			],
			"to": [12.6, 12.500000000000002, 5.899999999999999],
			"faces": {
				"north": {
					"uv": [15.25, 7.25, 15.75, 7.5],
					"texture": "#0"
				},
				"east": {
					"uv": [15, 7.25, 15.25, 7.5],
					"texture": "#0"
				},
				"south": {
					"uv": [14.5, 7.25, 15, 7.5],
					"texture": "#0"
				},
				"west": {
					"uv": [15.75, 7.25, 16, 7.5],
					"texture": "#0"
				},
				"up": {
					"uv": [15, 6.75, 15.25, 7.25],
					"texture": "#0",
					"rotation": 90
				},
				"down": {
					"uv": [15.25, 6.75, 15.5, 7.25],
					"texture": "#0",
					"rotation": 270
				}
			},
			"rotation": {
				"origin": [11.675, 12.175, 10.5],
				"axis": "z",
				"angle": 22.5
			}
		},
		{
			"name": "toe",
			"from": [
				10.75,
				11.850000000000001,
				4.099999999999998
			],
			"to": [12.6, 12.500000000000002, 4.899999999999999],
			"faces": {
				"north": {
					"uv": [15.25, 7.25, 15.75, 7.5],
					"texture": "#0"
				},
				"east": {
					"uv": [15, 7.25, 15.25, 7.5],
					"texture": "#0"
				},
				"south": {
					"uv": [14.5, 7.25, 15, 7.5],
					"texture": "#0"
				},
				"west": {
					"uv": [15.75, 7.25, 16, 7.5],
					"texture": "#0"
				},
				"up": {
					"uv": [15, 6.75, 15.25, 7.25],
					"texture": "#0",
					"rotation": 90
				},
				"down": {
					"uv": [15.25, 6.75, 15.5, 7.25],
					"texture": "#0",
					"rotation": 270
				}
			},
			"rotation": {
				"origin": [11.675, 12.175, 11.5],
				"axis": "z",
				"angle": 22.5
			}
		},
		{
			"name": "toe",
			"from": [
				10.75,
				11.850000000000001,
				3.099999999999998
			],
			"to": [12.6, 12.500000000000002, 3.8999999999999986],
			"faces": {
				"north": {
					"uv": [15.25, 7.25, 15.75, 7.5],
					"texture": "#0"
				},
				"east": {
					"uv": [15, 7.25, 15.25, 7.5],
					"texture": "#0"
				},
				"south": {
					"uv": [14.5, 7.25, 15, 7.5],
					"texture": "#0"
				},
				"west": {
					"uv": [15.75, 7.25, 16, 7.5],
					"texture": "#0"
				},
				"up": {
					"uv": [15, 6.75, 15.25, 7.25],
					"texture": "#0",
					"rotation": 90
				},
				"down": {
					"uv": [15.25, 6.75, 15.5, 7.25],
					"texture": "#0",
					"rotation": 270
				}
			},
			"rotation": {
				"origin": [11.675, 12.175, 12.5],
				"axis": "z",
				"angle": 22.5
			}
		},
		{
			"name": "cube",
			"from": [5.5, 21, 4.25],
			"to": [11.5, 24, 11.75],
			"faces": {
				"north": {
					"uv": [3.5, 7.5, 5, 8.25],
					"texture": "#0"
				},
				"east": {
					"uv": [1.5, 7.5, 3.5, 8.25],
					"texture": "#0"
				},
				"south": {
					"uv": [0, 7.5, 1.5, 8.25],
					"texture": "#0"
				},
				"west": {"uv": [5, 7.5, 7, 8.25], "texture": "#0"},
				"up": {
					"uv": [1.5, 6, 3.5, 7.5],
					"texture": "#0",
					"rotation": 90
				},
				"down": {
					"uv": [3.5, 6, 5.5, 7.5],
					"texture": "#0",
					"rotation": 270
				}
			},
			"rotation": {
				"origin": [5.5, 14, 8],
				"axis": "z",
				"angle": 0
			}
		},
		{
			"name": "cube",
			"from": [
				-1.8659493288755709,
				19.078230010449346,
				4.001000000000001
			],
			"to": [
				2.884050671124429,
				27.078230010449346,
				11.991000000000003
			],
			"faces": {
				"north": {"uv": [9.75, 4, 11, 6], "texture": "#0"},
				"east": {"uv": [7.75, 4, 9.75, 6], "texture": "#0"},
				"south": {"uv": [6.5, 4, 7.75, 6], "texture": "#0"},
				"west": {"uv": [11, 4, 13, 6], "texture": "#0"},
				"up": {
					"uv": [7.75, 2.75, 9.75, 4],
					"texture": "#0",
					"rotation": 90
				},
				"down": {
					"uv": [9.75, 2.75, 11.75, 4],
					"texture": "#0",
					"rotation": 270
				}
			},
			"rotation": {
				"origin": [
					2.134050671124429,
					11.078230010449346,
					8.001000000000001
				],
				"axis": "z",
				"angle": -22.5
			}
		},
		{
			"name": "cube",
			"from": [
				3.8128346976800582,
				23.545386738028352,
				4.049999999999999
			],
			"to": [
				12.312834697680058,
				25.545386738028352,
				11.95
			],
			"faces": {
				"north": {
					"uv": [10.75, 2.25, 13, 2.75],
					"texture": "#0"
				},
				"east": {
					"uv": [8.75, 2.25, 10.75, 2.75],
					"texture": "#0"
				},
				"south": {
					"uv": [6.5, 2.25, 8.75, 2.75],
					"texture": "#0"
				},
				"west": {
					"uv": [13, 2.25, 15, 2.75],
					"texture": "#0"
				},
				"up": {
					"uv": [8.75, 0, 10.75, 2.25],
					"texture": "#0",
					"rotation": 90
				},
				"down": {
					"uv": [10.75, 0, 12.75, 2.25],
					"texture": "#0",
					"rotation": 270
				}
			},
			"rotation": {
				"origin": [
					7.812834697680058,
					16.545386738028352,
					8.049999999999999
				],
				"axis": "z",
				"angle": 0
			}
		},
		{
			"name": "eye",
			"from": [6.134050671124429, 25.078230010449346, 8.5],
			"to": [8.88405067112443, 28.078230010449346, 11.5],
			"faces": {
				"north": {
					"uv": [7, 9, 7.75, 9.75],
					"texture": "#0"
				},
				"east": {"uv": [0, 0, 16, 16], "texture": "#1"},
				"south": {
					"uv": [5.5, 9, 6.25, 9.75],
					"texture": "#0"
				},
				"west": {
					"uv": [7.75, 9, 8.5, 9.75],
					"texture": "#0"
				},
				"up": {
					"uv": [6.25, 8.25, 7, 9],
					"texture": "#0",
					"rotation": 90
				}
			},
			"rotation": {
				"origin": [
					8.13405067112443,
					17.078230010449346,
					7.5
				],
				"axis": "z",
				"angle": 0
			}
		},
		{
			"name": "eye",
			"from": [
				6.134050671124429,
				25.078230010449346,
				4.499999999999999
			],
			"to": [
				8.88405067112443,
				28.078230010449346,
				7.499999999999999
			],
			"faces": {
				"north": {
					"uv": [7, 9, 7.75, 9.75],
					"texture": "#0"
				},
				"east": {"uv": [0, 0, 16, 16], "texture": "#1"},
				"south": {
					"uv": [5.5, 9, 6.25, 9.75],
					"texture": "#0"
				},
				"west": {
					"uv": [7.75, 9, 8.5, 9.75],
					"texture": "#0"
				},
				"up": {
					"uv": [6.25, 8.25, 7, 9],
					"texture": "#0",
					"rotation": 90
				}
			},
			"rotation": {
				"origin": [
					8.13405067112443,
					17.078230010449346,
					3.499999999999999
				],
				"axis": "z",
				"angle": 0
			}
		},
		{
			"name": "cube",
			"from": [12.25, 22, 5],
			"to": [17.5, 23.75, 11],
			"faces": {
				"north": {
					"uv": [3, 5.25, 4.5, 5.75],
					"texture": "#0"
				},
				"east": {
					"uv": [1.5, 5.25, 3, 5.75],
					"texture": "#0"
				},
				"south": {
					"uv": [0, 5.25, 1.5, 5.75],
					"texture": "#0"
				},
				"west": {
					"uv": [4.5, 5.25, 6, 5.75],
					"texture": "#0"
				},
				"up": {
					"uv": [1.5, 3.75, 3, 5.25],
					"texture": "#0",
					"rotation": 90
				},
				"down": {
					"uv": [3, 3.75, 4.5, 5.25],
					"texture": "#0",
					"rotation": 270
				}
			},
			"rotation": {
				"origin": [12.25, 13.75, 8],
				"axis": "z",
				"angle": 22.5
			}
		},
		{
			"name": "cube",
			"from": [
				12.26283469768006,
				23.545386738028352,
				4.25
			],
			"to": [15.01283469768006, 25.045386738028352, 11.75],
			"faces": {
				"north": {
					"uv": [2.75, 9, 3.5, 9.5],
					"texture": "#0"
				},
				"east": {
					"uv": [0.75, 9, 2.75, 9.5],
					"texture": "#0"
				},
				"south": {"uv": [0, 9, 0.75, 9.5], "texture": "#0"},
				"up": {
					"uv": [0.75, 8.25, 2.75, 9],
					"texture": "#0",
					"rotation": 90
				},
				"down": {
					"uv": [2.75, 8.25, 4.75, 9],
					"texture": "#0",
					"rotation": 270
				}
			},
			"rotation": {
				"origin": [
					16.26283469768006,
					16.545386738028352,
					8
				],
				"axis": "z",
				"angle": 0
			}
		},
		{
			"name": "cube",
			"from": [
				14.01283469768006,
				22.045386738028352,
				8.25
			],
			"to": [14.51283469768006, 23.545386738028352, 9.75],
			"faces": {
				"north": {
					"uv": [11.25, 9.75, 11.5, 10.25],
					"texture": "#0"
				},
				"east": {
					"uv": [10.75, 9.75, 11.25, 10.25],
					"texture": "#0"
				},
				"south": {
					"uv": [10.5, 9.75, 10.75, 10.25],
					"texture": "#0"
				},
				"west": {
					"uv": [11.5, 9.75, 12, 10.25],
					"texture": "#0"
				},
				"down": {
					"uv": [11.25, 9.5, 11.75, 9.75],
					"texture": "#0",
					"rotation": 270
				}
			},
			"rotation": {
				"origin": [
					17.01283469768006,
					15.045386738028352,
					8
				],
				"axis": "z",
				"angle": 0
			}
		},
		{
			"name": "cube",
			"from": [
				14.01283469768006,
				22.045386738028352,
				6.249999999999999
			],
			"to": [
				14.51283469768006,
				23.545386738028352,
				7.749999999999999
			],
			"faces": {
				"north": {
					"uv": [11.25, 9.75, 11.5, 10.25],
					"texture": "#0"
				},
				"east": {
					"uv": [10.75, 9.75, 11.25, 10.25],
					"texture": "#0"
				},
				"south": {
					"uv": [10.5, 9.75, 10.75, 10.25],
					"texture": "#0"
				},
				"west": {
					"uv": [11.5, 9.75, 12, 10.25],
					"texture": "#0"
				},
				"down": {
					"uv": [11.25, 9.5, 11.75, 9.75],
					"texture": "#0",
					"rotation": 270
				}
			},
			"rotation": {
				"origin": [
					17.01283469768006,
					15.045386738028352,
					5.999999999999999
				],
				"axis": "z",
				"angle": 0
			}
		},
		{
			"name": "cube",
			"from": [
				7.304039284758632,
				24.619999999999997,
				3.5018062759179394
			],
			"to": [7.304039284758632, 32, 12.521806275917939],
			"faces": {
				"north": {
					"uv": [0, 0, 1, 1],
					"texture": "#missing"
				},
				"east": {
					"uv": [5.5, 11.5, 10.5, 16],
					"texture": "#2"
				},
				"south": {
					"uv": [0, 0, 1, 1],
					"texture": "#missing"
				},
				"west": {
					"uv": [5.5, 11.5, 10.5, 16],
					"texture": "#2"
				},
				"up": {
					"uv": [0, 0, 1, 1],
					"texture": "#missing",
					"rotation": 180
				},
				"down": {
					"uv": [0, 0, 1, 1],
					"texture": "#missing",
					"rotation": 180
				}
			},
			"rotation": {
				"origin": [
					5.664039284758632,
					31.18,
					9.24180627591794
				],
				"axis": "y",
				"angle": 0
			}
		},
		{
			"name": "cube",
			"from": [
				1.390591239601914,
				24.619999999999997,
				8.040944078782783
			],
			"to": [7.825591239601911, 32, 8.040944078782783],
			"faces": {
				"north": {
					"uv": [10.5, 11.5, 16, 16],
					"texture": "#2"
				},
				"east": {"uv": [0, 0, 1, 1], "texture": "#missing"},
				"south": {
					"uv": [0.5, 11.5, 5.5, 16],
					"texture": "#2"
				},
				"west": {"uv": [0, 0, 1, 1], "texture": "#missing"},
				"up": {
					"uv": [0, 0, 1, 1],
					"texture": "#missing",
					"rotation": 270
				},
				"down": {
					"uv": [0, 0, 1, 1],
					"texture": "#missing",
					"rotation": 90
				}
			},
			"rotation": {
				"origin": [
					2.0855912396019143,
					31.18,
					6.400944078782783
				],
				"axis": "y",
				"angle": 45
			}
		},
		{
			"name": "cube",
			"from": [
				2.764901481893787,
				24.619999999999997,
				6.608358230761219
			],
			"to": [2.764901481893787, 32, 13.043358230761218],
			"faces": {
				"north": {
					"uv": [0, 0, 1, 1],
					"texture": "#missing"
				},
				"east": {
					"uv": [10.5, 11.5, 16, 16],
					"texture": "#2"
				},
				"south": {
					"uv": [0, 0, 1, 1],
					"texture": "#missing"
				},
				"west": {"uv": [0, 11.5, 5.5, 16], "texture": "#2"},
				"up": {"uv": [0, 0, 1, 1], "texture": "#missing"},
				"down": {"uv": [0, 0, 1, 1], "texture": "#missing"}
			},
			"rotation": {
				"origin": [
					4.404901481893786,
					31.18,
					7.3033582307612175
				],
				"axis": "y",
				"angle": 45
			}
		},
		{
			"name": "cube",
			"from": [
				6.96365,
				-0.1775399999999987,
				4.683680000000001
			],
			"to": [
				7.792730000000001,
				9.77142,
				5.512760000000001
			],
			"faces": {
				"north": {"uv": [0, 0, 1, 12], "texture": "#1_1"},
				"east": {"uv": [0, 0, 1, 12], "texture": "#1_1"},
				"south": {"uv": [0, 0, 1, 12], "texture": "#1_1"},
				"west": {"uv": [0, 0, 1, 12], "texture": "#1_1"}
			}
		},
		{
			"name": "cube",
			"from": [1.57463, 4.79694, 4.26914],
			"to": [
				7.37819,
				5.6260200000000005,
				5.098220000000001
			],
			"faces": {
				"north": {"uv": [1, 3, 2, 4], "texture": "#1_0"},
				"east": {"uv": [0, 3, 7, 4], "texture": "#1_0"},
				"south": {"uv": [0, 3, 1, 4], "texture": "#1_0"},
				"west": {"uv": [0, 3, 7, 4], "texture": "#1_0"},
				"up": {
					"uv": [0, 3, 7, 4],
					"texture": "#1_0",
					"rotation": 270
				},
				"down": {
					"uv": [9, 3, 16, 4],
					"texture": "#1_0",
					"rotation": 270
				}
			}
		},
		{
			"name": "cube",
			"from": [7.37819, 4.79694, 5.098220000000001],
			"to": [
				8.207270000000001,
				5.6260200000000005,
				10.901779999999999
			],
			"faces": {
				"north": {"uv": [1, 3, 2, 4], "texture": "#1_0"},
				"east": {"uv": [0, 3, 7, 4], "texture": "#1_0"},
				"south": {"uv": [0, 3, 1, 4], "texture": "#1_0"},
				"west": {"uv": [0, 3, 7, 4], "texture": "#1_0"},
				"up": {
					"uv": [0, 3, 7, 4],
					"texture": "#1_0",
					"rotation": 270
				},
				"down": {
					"uv": [9, 3, 16, 4],
					"texture": "#1_0",
					"rotation": 180
				}
			}
		},
		{
			"name": "cube",
			"from": [1.57463, 4.79694, 10.901779999999999],
			"to": [7.37819, 5.6260200000000005, 11.73086],
			"faces": {
				"north": {"uv": [1, 3, 2, 4], "texture": "#1_0"},
				"east": {"uv": [0, 3, 7, 4], "texture": "#1_0"},
				"south": {"uv": [0, 3, 1, 4], "texture": "#1_0"},
				"west": {"uv": [0, 3, 7, 4], "texture": "#1_0"},
				"up": {
					"uv": [0, 3, 7, 4],
					"texture": "#1_0",
					"rotation": 270
				},
				"down": {
					"uv": [9, 3, 16, 4],
					"texture": "#1_0",
					"rotation": 90
				}
			}
		},
		{
			"name": "cube",
			"from": [
				0.7455500000000006,
				4.79694,
				5.098220000000001
			],
			"to": [
				1.57463,
				5.6260200000000005,
				10.901779999999999
			],
			"faces": {
				"north": {"uv": [1, 3, 2, 4], "texture": "#1_0"},
				"east": {"uv": [0, 3, 7, 4], "texture": "#1_0"},
				"south": {"uv": [0, 3, 1, 4], "texture": "#1_0"},
				"west": {"uv": [0, 3, 7, 4], "texture": "#1_0"},
				"up": {
					"uv": [0, 3, 7, 4],
					"texture": "#1_0",
					"rotation": 270
				},
				"down": {
					"uv": [9, 3, 16, 4],
					"texture": "#1_0",
					"rotation": 270
				}
			}
		},
		{
			"name": "cube",
			"from": [
				0.3310100000000009,
				9.77142,
				3.8545999999999996
			],
			"to": [
				8.621810000000002,
				10.6005,
				12.145399999999999
			],
			"faces": {
				"north": {
					"uv": [0, 3, 10, 4],
					"texture": "#1_0",
					"rotation": 180
				},
				"east": {
					"uv": [0, 3, 10, 4],
					"texture": "#1_0",
					"rotation": 180
				},
				"south": {
					"uv": [0, 3, 10, 4],
					"texture": "#1_0",
					"rotation": 180
				},
				"west": {
					"uv": [0, 3, 10, 4],
					"texture": "#1_0",
					"rotation": 180
				},
				"up": {"uv": [0, 0, 10, 10], "texture": "#1_0"},
				"down": {"uv": [0, 0, 10, 10], "texture": "#1_0"}
			}
		},
		{
			"name": "cube",
			"from": [
				1.1600900000000012,
				-0.1775399999999987,
				4.683680000000001
			],
			"to": [
				1.9891700000000005,
				9.77142,
				5.512760000000001
			],
			"faces": {
				"north": {"uv": [0, 0, 1, 12], "texture": "#1_1"},
				"east": {"uv": [0, 0, 1, 12], "texture": "#1_1"},
				"south": {"uv": [0, 0, 1, 12], "texture": "#1_1"},
				"west": {"uv": [0, 0, 1, 12], "texture": "#1_1"}
			}
		},
		{
			"name": "cube",
			"from": [
				1.1600900000000012,
				-0.1775399999999987,
				10.48724
			],
			"to": [
				1.9891700000000005,
				9.77142,
				11.316320000000001
			],
			"faces": {
				"north": {"uv": [0, 0, 1, 12], "texture": "#1_1"},
				"east": {"uv": [0, 0, 1, 12], "texture": "#1_1"},
				"south": {"uv": [0, 0, 1, 12], "texture": "#1_1"},
				"west": {"uv": [0, 0, 1, 12], "texture": "#1_1"}
			}
		},
		{
			"name": "cube",
			"from": [6.96365, -0.1775399999999987, 10.48724],
			"to": [
				7.792730000000001,
				9.77142,
				11.316320000000001
			],
			"faces": {
				"north": {"uv": [0, 0, 1, 12], "texture": "#1_1"},
				"east": {"uv": [0, 0, 1, 12], "texture": "#1_1"},
				"south": {"uv": [0, 0, 1, 12], "texture": "#1_1"},
				"west": {"uv": [0, 0, 1, 12], "texture": "#1_1"}
			}
		},
		{
			"name": "cube",
			"from": [
				12.870845,
				15.187383933315662,
				1.7356267030848045
			],
			"to": [
				13.907195,
				17.67462393331566,
				2.9792467030848035
			],
			"faces": {
				"north": {
					"uv": [0, 3, 1, 4],
					"texture": "#1_0",
					"rotation": 270
				},
				"east": {
					"uv": [3, 0, 5, 3],
					"texture": "#1_0",
					"rotation": 180
				},
				"south": {
					"uv": [0, 3, 1, 4],
					"texture": "#1_0",
					"rotation": 270
				},
				"west": {"uv": [3, 0, 5, 3], "texture": "#1_0"}
			}
		},
		{
			"name": "cube",
			"from": [
				12.870845,
				18.49332798255017,
				-4.038436495995212
			],
			"to": [
				13.907195,
				20.98056798255017,
				-2.794816495995212
			],
			"faces": {
				"north": {
					"uv": [0, 3, 1, 4],
					"texture": "#1_0",
					"rotation": 270
				},
				"east": {
					"uv": [3, 0, 5, 3],
					"texture": "#1_0",
					"rotation": 180
				},
				"south": {
					"uv": [0, 3, 1, 4],
					"texture": "#1_0",
					"rotation": 270
				},
				"west": {"uv": [3, 0, 5, 3], "texture": "#1_0"}
			},
			"rotation": {
				"origin": [
					7.274555000000001,
					3.569887982550175,
					-3.2093564959952126
				],
				"axis": "x",
				"angle": 22.5
			}
		},
		{
			"name": "cube",
			"from": [
				12.870845,
				23.75726034898232,
				-8.107845289083876
			],
			"to": [
				13.907195,
				26.244500348982324,
				-6.864225289083876
			],
			"faces": {
				"north": {
					"uv": [0, 3, 1, 4],
					"texture": "#1_0",
					"rotation": 270
				},
				"east": {
					"uv": [3, 0, 5, 3],
					"texture": "#1_0",
					"rotation": 180
				},
				"south": {
					"uv": [0, 3, 1, 4],
					"texture": "#1_0",
					"rotation": 270
				},
				"west": {"uv": [3, 0, 5, 3], "texture": "#1_0"}
			},
			"rotation": {
				"origin": [
					7.274555000000001,
					8.833820348982321,
					-7.27876528908388
				],
				"axis": "x",
				"angle": 45
			}
		},
		{
			"name": "cube",
			"from": [
				12.870845,
				14.839815047488532,
				5.89945092328399
			],
			"to": [
				13.907195,
				16.08343504748853,
				8.38669092328399
			],
			"faces": {
				"east": {
					"uv": [3, 0, 5, 3],
					"texture": "#1_0",
					"rotation": 90
				},
				"west": {
					"uv": [3, 0, 5, 3],
					"texture": "#1_0",
					"rotation": 90
				},
				"up": {
					"uv": [0, 3, 1, 4],
					"texture": "#1_0",
					"rotation": 270
				},
				"down": {
					"uv": [0, 3, 1, 4],
					"texture": "#1_0",
					"rotation": 270
				}
			},
			"rotation": {
				"origin": [
					7.274555000000001,
					15.25435504748853,
					-9.02398907671601
				],
				"axis": "x",
				"angle": -22.5
			}
		},
		{
			"name": "cube",
			"from": [
				12.870845,
				21.439483872513208,
				6.74410664228235
			],
			"to": [
				13.907195,
				22.683103872513207,
				9.231346642282348
			],
			"faces": {
				"east": {
					"uv": [3, 0, 5, 3],
					"texture": "#1_0",
					"rotation": 90
				},
				"west": {
					"uv": [3, 0, 5, 3],
					"texture": "#1_0",
					"rotation": 90
				},
				"up": {
					"uv": [0, 3, 1, 4],
					"texture": "#1_0",
					"rotation": 270
				},
				"down": {
					"uv": [0, 3, 1, 4],
					"texture": "#1_0",
					"rotation": 270
				}
			},
			"rotation": {
				"origin": [
					7.274555000000001,
					21.85402387251321,
					-8.179333357717649
				],
				"axis": "x",
				"angle": 0
			}
		},
		{
			"name": "cube",
			"from": [
				12.870845,
				21.010903570244494,
				8.898725321425099
			],
			"to": [
				13.907195,
				22.25452357024449,
				11.385965321425097
			],
			"faces": {
				"east": {
					"uv": [3, 0, 5, 3],
					"texture": "#1_0",
					"rotation": 90
				},
				"west": {
					"uv": [3, 0, 5, 3],
					"texture": "#1_0",
					"rotation": 90
				},
				"up": {
					"uv": [0, 3, 1, 4],
					"texture": "#1_0",
					"rotation": 270
				},
				"down": {
					"uv": [0, 3, 1, 4],
					"texture": "#1_0",
					"rotation": 270
				}
			},
			"rotation": {
				"origin": [
					13.389020000000002,
					21.63271357024449,
					10.142345321425099
				],
				"axis": "x",
				"angle": 22.5
			}
		},
		{
			"name": "cube",
			"from": [
				12.870845,
				19.790410129368638,
				10.72532283833533
			],
			"to": [
				13.907195,
				21.034030129368638,
				13.21256283833533
			],
			"faces": {
				"east": {
					"uv": [3, 0, 5, 3],
					"texture": "#1_0",
					"rotation": 90
				},
				"west": {
					"uv": [3, 0, 5, 3],
					"texture": "#1_0",
					"rotation": 90
				},
				"up": {
					"uv": [0, 3, 1, 4],
					"texture": "#1_0",
					"rotation": 270
				},
				"down": {
					"uv": [0, 3, 1, 4],
					"texture": "#1_0",
					"rotation": 270
				}
			},
			"rotation": {
				"origin": [
					13.389020000000002,
					20.412220129368635,
					11.968942838335328
				],
				"axis": "x",
				"angle": 45
			}
		},
		{
			"name": "cube",
			"from": [
				12.870845,
				17.34200261245841,
				12.56762627921118
			],
			"to": [
				13.907195,
				19.82924261245841,
				13.811246279211183
			],
			"faces": {
				"north": {
					"uv": [0, 3, 1, 4],
					"texture": "#1_0",
					"rotation": 270
				},
				"east": {"uv": [3, 0, 5, 3], "texture": "#1_0"},
				"south": {
					"uv": [0, 3, 1, 4],
					"texture": "#1_0",
					"rotation": 270
				},
				"west": {
					"uv": [3, 0, 5, 3],
					"texture": "#1_0",
					"rotation": 180
				}
			},
			"rotation": {
				"origin": [
					13.389020000000002,
					18.58562261245841,
					13.18943627921118
				],
				"axis": "x",
				"angle": -22.5
			}
		},
		{
			"name": "cube",
			"from": [
				12.870845,
				15.187383933315662,
				12.996206581479896
			],
			"to": [
				13.907195,
				17.67462393331566,
				14.239826581479896
			],
			"faces": {
				"north": {
					"uv": [0, 3, 1, 4],
					"texture": "#1_0",
					"rotation": 270
				},
				"east": {"uv": [3, 0, 5, 3], "texture": "#1_0"},
				"south": {
					"uv": [0, 3, 1, 4],
					"texture": "#1_0",
					"rotation": 270
				},
				"west": {
					"uv": [3, 0, 5, 3],
					"texture": "#1_0",
					"rotation": 180
				}
			},
			"rotation": {
				"origin": [
					13.389020000000002,
					16.431003933315665,
					13.618016581479896
				],
				"axis": "x",
				"angle": 0
			}
		},
		{
			"name": "cube",
			"from": [
				12.870845,
				13.032765254172908,
				12.56762627921118
			],
			"to": [
				13.907195,
				15.520005254172911,
				13.811246279211183
			],
			"faces": {
				"north": {
					"uv": [0, 3, 1, 4],
					"texture": "#1_0",
					"rotation": 270
				},
				"east": {"uv": [3, 0, 5, 3], "texture": "#1_0"},
				"south": {
					"uv": [0, 3, 1, 4],
					"texture": "#1_0",
					"rotation": 270
				},
				"west": {
					"uv": [3, 0, 5, 3],
					"texture": "#1_0",
					"rotation": 180
				}
			},
			"rotation": {
				"origin": [
					13.389020000000002,
					14.276385254172911,
					13.18943627921118
				],
				"axis": "x",
				"angle": 22.5
			}
		},
		{
			"name": "cube",
			"from": [
				12.870845,
				11.206167737262682,
				11.347132838335332
			],
			"to": [
				13.907195,
				13.693407737262682,
				12.590752838335332
			],
			"faces": {
				"north": {
					"uv": [0, 3, 1, 4],
					"texture": "#1_0",
					"rotation": 270
				},
				"east": {"uv": [3, 0, 5, 3], "texture": "#1_0"},
				"south": {
					"uv": [0, 3, 1, 4],
					"texture": "#1_0",
					"rotation": 270
				},
				"west": {
					"uv": [3, 0, 5, 3],
					"texture": "#1_0",
					"rotation": 180
				}
			},
			"rotation": {
				"origin": [
					13.389020000000002,
					12.449787737262682,
					11.96894283833533
				],
				"axis": "x",
				"angle": 45
			}
		},
		{
			"name": "cube",
			"from": [
				12.870845,
				10.607484296386831,
				8.8987253214251
			],
			"to": [
				13.907195,
				11.851104296386831,
				11.385965321425102
			],
			"faces": {
				"east": {
					"uv": [3, 0, 5, 3],
					"texture": "#1_0",
					"rotation": 270
				},
				"west": {
					"uv": [3, 0, 5, 3],
					"texture": "#1_0",
					"rotation": 270
				},
				"up": {
					"uv": [0, 3, 1, 4],
					"texture": "#1_0",
					"rotation": 270
				},
				"down": {
					"uv": [0, 3, 1, 4],
					"texture": "#1_0",
					"rotation": 270
				}
			},
			"rotation": {
				"origin": [
					13.389020000000002,
					11.22929429638683,
					10.142345321425099
				],
				"axis": "x",
				"angle": -22.5
			}
		},
		{
			"name": "cube",
			"from": [
				12.870845,
				10.178903994118114,
				6.744106642282351
			],
			"to": [
				13.907195,
				11.422523994118114,
				9.231346642282352
			],
			"faces": {
				"east": {
					"uv": [3, 0, 5, 3],
					"texture": "#1_0",
					"rotation": 270
				},
				"west": {
					"uv": [3, 0, 5, 3],
					"texture": "#1_0",
					"rotation": 270
				},
				"up": {
					"uv": [0, 3, 1, 4],
					"texture": "#1_0",
					"rotation": 270
				},
				"down": {
					"uv": [0, 3, 1, 4],
					"texture": "#1_0",
					"rotation": 270
				}
			},
			"rotation": {
				"origin": [
					13.389020000000002,
					10.800713994118114,
					7.987726642282351
				],
				"axis": "x",
				"angle": 0
			}
		},
		{
			"name": "cube",
			"from": [
				12.870845,
				10.607484296386831,
				4.589487963139603
			],
			"to": [
				13.907195,
				11.851104296386831,
				7.076727963139602
			],
			"faces": {
				"east": {
					"uv": [3, 0, 5, 3],
					"texture": "#1_0",
					"rotation": 270
				},
				"west": {
					"uv": [3, 0, 5, 3],
					"texture": "#1_0",
					"rotation": 270
				},
				"up": {
					"uv": [0, 3, 1, 4],
					"texture": "#1_0",
					"rotation": 270
				},
				"down": {
					"uv": [0, 3, 1, 4],
					"texture": "#1_0",
					"rotation": 270
				}
			},
			"rotation": {
				"origin": [
					13.389020000000002,
					11.22929429638683,
					5.833107963139602
				],
				"axis": "x",
				"angle": 22.5
			}
		},
		{
			"name": "cube",
			"from": [
				12.870845,
				11.82797773726268,
				2.762890446229372
			],
			"to": [
				13.907195,
				13.07159773726268,
				5.250130446229372
			],
			"faces": {
				"east": {
					"uv": [3, 0, 5, 3],
					"texture": "#1_0",
					"rotation": 270
				},
				"west": {
					"uv": [3, 0, 5, 3],
					"texture": "#1_0",
					"rotation": 270
				},
				"up": {
					"uv": [0, 3, 1, 4],
					"texture": "#1_0",
					"rotation": 270
				},
				"down": {
					"uv": [0, 3, 1, 4],
					"texture": "#1_0",
					"rotation": 270
				}
			},
			"rotation": {
				"origin": [
					13.389020000000002,
					12.449787737262682,
					4.006510446229371
				],
				"axis": "x",
				"angle": 45
			}
		},
		{
			"name": "cube",
			"from": [
				12.870845,
				13.032765254172913,
				2.1642070053535205
			],
			"to": [
				13.907195,
				15.520005254172911,
				3.4078270053535205
			],
			"faces": {
				"north": {
					"uv": [0, 3, 1, 4],
					"texture": "#1_0",
					"rotation": 270
				},
				"east": {
					"uv": [3, 0, 5, 3],
					"texture": "#1_0",
					"rotation": 180
				},
				"south": {
					"uv": [0, 3, 1, 4],
					"texture": "#1_0",
					"rotation": 270
				},
				"west": {"uv": [3, 0, 5, 3], "texture": "#1_0"}
			},
			"rotation": {
				"origin": [
					13.389020000000002,
					14.276385254172913,
					2.7860170053535205
				],
				"axis": "x",
				"angle": -22.5
			}
		},
		{
			"name": "cube",
			"from": [13.389020000000002, 8.94234, 7.58546],
			"to": [14.2181, 23.86578, 8.414539999999999],
			"faces": {
				"north": {
					"uv": [0, 3, 16, 4],
					"texture": "#1_0",
					"rotation": 90
				},
				"east": {
					"uv": [0, 3, 16, 4],
					"texture": "#1_0",
					"rotation": 90
				},
				"south": {
					"uv": [0, 3, 16, 4],
					"texture": "#1_0",
					"rotation": 90
				},
				"west": {
					"uv": [0, 3, 16, 4],
					"texture": "#1_0",
					"rotation": 90
				},
				"up": {
					"uv": [0, 3, 1, 4],
					"texture": "#1_0",
					"rotation": 90
				},
				"down": {
					"uv": [0, 3, 1, 4],
					"texture": "#1_0",
					"rotation": 90
				}
			},
			"rotation": {
				"origin": [
					13.803559999999997,
					16.404059999999998,
					8
				],
				"axis": "y",
				"angle": 0
			}
		},
		{
			"name": "cube",
			"from": [13.389020000000002, 8.94234, 7.58546],
			"to": [14.2181, 23.86578, 8.414539999999999],
			"faces": {
				"north": {
					"uv": [0, 3, 16, 4],
					"texture": "#1_0",
					"rotation": 90
				},
				"east": {
					"uv": [0, 3, 16, 4],
					"texture": "#1_0",
					"rotation": 90
				},
				"south": {
					"uv": [0, 3, 16, 4],
					"texture": "#1_0",
					"rotation": 90
				},
				"west": {
					"uv": [0, 3, 16, 4],
					"texture": "#1_0",
					"rotation": 90
				},
				"up": {
					"uv": [0, 3, 1, 4],
					"texture": "#1_0",
					"rotation": 90
				},
				"down": {
					"uv": [0, 3, 1, 4],
					"texture": "#1_0",
					"rotation": 90
				}
			},
			"rotation": {
				"origin": [
					13.803559999999997,
					16.404059999999998,
					8
				],
				"axis": "x",
				"angle": 45
			}
		},
		{
			"name": "cube",
			"from": [
				13.389020000000002,
				15.989519999999999,
				0.5382800000000003
			],
			"to": [14.2181, 16.8186, 15.46172],
			"faces": {
				"north": {
					"uv": [0, 3, 1, 4],
					"texture": "#1_0",
					"rotation": 90
				},
				"east": {
					"uv": [0, 3, 16, 4],
					"texture": "#1_0",
					"rotation": 180
				},
				"south": {
					"uv": [0, 3, 1, 4],
					"texture": "#1_0",
					"rotation": 90
				},
				"west": {
					"uv": [0, 3, 16, 4],
					"texture": "#1_0",
					"rotation": 180
				},
				"up": {
					"uv": [0, 3, 16, 4],
					"texture": "#1_0",
					"rotation": 90
				},
				"down": {
					"uv": [0, 3, 16, 4],
					"texture": "#1_0",
					"rotation": 90
				}
			},
			"rotation": {
				"origin": [
					13.803559999999997,
					16.404059999999998,
					8
				],
				"axis": "x",
				"angle": 0
			}
		},
		{
			"name": "cube",
			"from": [
				13.389020000000002,
				15.989519999999999,
				0.5382800000000003
			],
			"to": [14.2181, 16.8186, 15.46172],
			"faces": {
				"north": {
					"uv": [0, 3, 1, 4],
					"texture": "#1_0",
					"rotation": 90
				},
				"east": {
					"uv": [0, 3, 16, 4],
					"texture": "#1_0",
					"rotation": 180
				},
				"south": {
					"uv": [0, 3, 1, 4],
					"texture": "#1_0",
					"rotation": 90
				},
				"west": {
					"uv": [0, 3, 16, 4],
					"texture": "#1_0",
					"rotation": 180
				},
				"up": {
					"uv": [0, 3, 16, 4],
					"texture": "#1_0",
					"rotation": 90
				},
				"down": {
					"uv": [0, 3, 16, 4],
					"texture": "#1_0",
					"rotation": 90
				}
			},
			"rotation": {
				"origin": [
					13.803559999999997,
					16.404059999999998,
					8
				],
				"axis": "x",
				"angle": 45
			}
		},
		{
			"name": "cube",
			"from": [
				12.767209999999999,
				15.160440000000001,
				6.75638
			],
			"to": [
				14.425370000000001,
				17.647679999999998,
				9.24362
			],
			"faces": {
				"north": {
					"uv": [11, 5, 13, 9],
					"texture": "#1_1",
					"rotation": 180
				},
				"east": {
					"uv": [3, 4, 4, 5],
					"texture": "#1_1",
					"rotation": 90
				},
				"south": {"uv": [11, 5, 13, 9], "texture": "#1_1"},
				"west": {
					"uv": [10, 0, 14, 4],
					"texture": "#1_1",
					"rotation": 90
				},
				"up": {"uv": [11, 5, 13, 9], "texture": "#1_1"},
				"down": {"uv": [11, 5, 13, 9], "texture": "#1_1"}
			}
		},
		{
			"name": "cube",
			"from": [
				14.425370000000001,
				-0.5920799999999957,
				4.26914
			],
			"to": [
				16.083529999999996,
				17.64768,
				5.927300000000001
			],
			"faces": {
				"north": {"uv": [7, 0, 9, 15], "texture": "#1_1"},
				"east": {"uv": [7, 0, 9, 15], "texture": "#1_1"},
				"south": {"uv": [7, 0, 9, 15], "texture": "#1_1"},
				"west": {"uv": [7, 0, 9, 15], "texture": "#1_1"},
				"up": {"uv": [11, 1, 13, 3], "texture": "#1_1"},
				"down": {"uv": [11, 1, 13, 3], "texture": "#1_1"}
			},
			"rotation": {
				"origin": [
					7.58546,
					7.284180000000001,
					5.512760000000001
				],
				"axis": "x",
				"angle": 22.5
			}
		},
		{
			"name": "cube",
			"from": [14.2181, -0.5920799999999957, 10.0727],
			"to": [15.876259999999997, 17.64768, 11.73086],
			"faces": {
				"north": {"uv": [9, 0, 7, 15], "texture": "#1_1"},
				"east": {"uv": [9, 0, 7, 15], "texture": "#1_1"},
				"south": {"uv": [9, 0, 7, 15], "texture": "#1_1"},
				"west": {"uv": [9, 0, 7, 15], "texture": "#1_1"},
				"up": {"uv": [11, 3, 13, 1], "texture": "#1_1"},
				"down": {"uv": [11, 3, 13, 1], "texture": "#1_1"}
			},
			"rotation": {
				"origin": [7.37819, 7.284180000000001, 10.48724],
				"axis": "x",
				"angle": -22.5
			}
		},
		{
			"name": "cube",
			"from": [
				14.83991,
				5.6260200000000005,
				5.098220000000001
			],
			"to": [
				15.668989999999999,
				6.4551,
				10.901779999999999
			],
			"faces": {
				"north": {"uv": [1, 3, 2, 4], "texture": "#1_0"},
				"east": {"uv": [0, 3, 7, 4], "texture": "#1_0"},
				"south": {"uv": [0, 3, 1, 4], "texture": "#1_0"},
				"west": {"uv": [0, 4, 7, 5], "texture": "#1_0"},
				"up": {
					"uv": [0, 4, 7, 5],
					"texture": "#1_0",
					"rotation": 90
				},
				"down": {
					"uv": [9, 3, 16, 4],
					"texture": "#1_0",
					"rotation": 270
				}
			}
		},
		{
			"name": "thigh",
			"from": [2.5, 10.5, 10.75],
			"to": [7.25, 13.5, 12.75],
			"faces": {
				"north": {
					"uv": [12.25, 8.25, 13, 9.5],
					"texture": "#0",
					"rotation": 90
				},
				"east": {
					"uv": [12.25, 7.5, 12.75, 8.25],
					"texture": "#0",
					"rotation": 180
				},
				"south": {
					"uv": [11, 8.25, 11.75, 9.5],
					"texture": "#0",
					"rotation": 270
				},
				"west": {
					"uv": [11.75, 7.5, 12.25, 8.25],
					"texture": "#0"
				},
				"up": {
					"uv": [11.75, 8.25, 12.25, 9.5],
					"texture": "#0",
					"rotation": 270
				},
				"down": {
					"uv": [13, 8.25, 13.5, 9.5],
					"texture": "#0",
					"rotation": 270
				}
			}
		},
		{
			"name": "leg",
			"from": [6.25, 12.5, 11],
			"to": [11, 14.25, 12.5],
			"faces": {
				"north": {
					"uv": [9.5, 8.75, 10, 10],
					"texture": "#0",
					"rotation": 90
				},
				"south": {
					"uv": [8.5, 8.75, 9, 10],
					"texture": "#0",
					"rotation": 270
				},
				"up": {
					"uv": [9, 8.75, 9.5, 10],
					"texture": "#0",
					"rotation": 270
				},
				"down": {
					"uv": [10, 8.75, 10.5, 10],
					"texture": "#0",
					"rotation": 270
				}
			},
			"rotation": {
				"origin": [3.25, 15.25, 15.25],
				"axis": "z",
				"angle": -22.5
			}
		},
		{
			"name": "foot",
			"from": [7.75, 11.25, 10.25],
			"to": [9, 15, 13.25],
			"faces": {
				"north": {
					"uv": [12.75, 7, 13.75, 7.5],
					"texture": "#0",
					"rotation": 90
				},
				"east": {
					"uv": [12.75, 6, 13.5, 7],
					"texture": "#0",
					"rotation": 180
				},
				"south": {
					"uv": [11, 7, 12, 7.5],
					"texture": "#0",
					"rotation": 270
				},
				"west": {"uv": [12, 6, 12.75, 7], "texture": "#0"},
				"up": {
					"uv": [12, 7, 12.75, 7.5],
					"texture": "#0",
					"rotation": 270
				},
				"down": {
					"uv": [13.75, 7, 14.5, 7.5],
					"texture": "#0",
					"rotation": 270
				}
			},
			"rotation": {
				"origin": [6.5, 9.75, 15.25],
				"axis": "z",
				"angle": -45
			}
		},
		{
			"name": "toe",
			"from": [
				10.75,
				11.850000000000001,
				12.349999999999998
			],
			"to": [12.6, 12.500000000000002, 13.149999999999999],
			"faces": {
				"north": {
					"uv": [15.25, 7.25, 15.75, 7.5],
					"texture": "#0"
				},
				"east": {
					"uv": [15, 7.25, 15.25, 7.5],
					"texture": "#0"
				},
				"south": {
					"uv": [14.5, 7.25, 15, 7.5],
					"texture": "#0"
				},
				"west": {
					"uv": [15.75, 7.25, 16, 7.5],
					"texture": "#0"
				},
				"up": {
					"uv": [15, 6.75, 15.25, 7.25],
					"texture": "#0",
					"rotation": 90
				},
				"down": {
					"uv": [15.25, 6.75, 15.5, 7.25],
					"texture": "#0",
					"rotation": 270
				}
			},
			"rotation": {
				"origin": [11.675, 12.175, 17.75],
				"axis": "z",
				"angle": 22.5
			}
		},
		{
			"name": "toe",
			"from": [
				10.75,
				11.850000000000001,
				11.349999999999998
			],
			"to": [12.6, 12.500000000000002, 12.149999999999999],
			"faces": {
				"north": {
					"uv": [15.25, 7.25, 15.75, 7.5],
					"texture": "#0"
				},
				"east": {
					"uv": [15, 7.25, 15.25, 7.5],
					"texture": "#0"
				},
				"south": {
					"uv": [14.5, 7.25, 15, 7.5],
					"texture": "#0"
				},
				"west": {
					"uv": [15.75, 7.25, 16, 7.5],
					"texture": "#0"
				},
				"up": {
					"uv": [15, 6.75, 15.25, 7.25],
					"texture": "#0",
					"rotation": 90
				},
				"down": {
					"uv": [15.25, 6.75, 15.5, 7.25],
					"texture": "#0",
					"rotation": 270
				}
			},
			"rotation": {
				"origin": [11.675, 12.175, 18.75],
				"axis": "z",
				"angle": 22.5
			}
		},
		{
			"name": "toe",
			"from": [
				10.75,
				11.850000000000001,
				10.349999999999998
			],
			"to": [12.6, 12.500000000000002, 11.149999999999999],
			"faces": {
				"north": {
					"uv": [15.25, 7.25, 15.75, 7.5],
					"texture": "#0"
				},
				"east": {
					"uv": [15, 7.25, 15.25, 7.5],
					"texture": "#0"
				},
				"south": {
					"uv": [14.5, 7.25, 15, 7.5],
					"texture": "#0"
				},
				"west": {
					"uv": [15.75, 7.25, 16, 7.5],
					"texture": "#0"
				},
				"up": {
					"uv": [15, 6.75, 15.25, 7.25],
					"texture": "#0",
					"rotation": 90
				},
				"down": {
					"uv": [15.25, 6.75, 15.5, 7.25],
					"texture": "#0",
					"rotation": 270
				}
			},
			"rotation": {
				"origin": [11.675, 12.175, 19.75],
				"axis": "z",
				"angle": 22.5
			}
		}
	],
	"groups": [
		{
			"name": "coldblood",
			"origin": [8, 8, 8],
			"isOpen": true,
			"display": {
				"visibility": true,
				"export": true,
				"autouv": false
			},
			"children": [
				0,
				1,
				2,
				3,
				4,
				5,
				6,
				7,
				8,
				9,
				10,
				11,
				12,
				13,
				14,
				15,
				16,
				17,
				18,
				19,
				20,
				21,
				22,
				23,
				24,
				25,
				26,
				60,
				61,
				62,
				63,
				64,
				65
			]
		},
		{
			"name": "all",
			"origin": [8, 8, 8],
			"isOpen": true,
			"display": {
				"visibility": true,
				"export": true,
				"autouv": false
			},
			"children": [
				27,
				28,
				29,
				30,
				31,
				32,
				33,
				34,
				35,
				36,
				37,
				38,
				39,
				40,
				41,
				42,
				43,
				44,
				45,
				46,
				47,
				48,
				49,
				50,
				51,
				52,
				53,
				54,
				55,
				56,
				57,
				58,
				59
			]
		}
	],
	"display": {
		"thirdperson_righthand": {"scale": [1, 1, 1]},
		"fixed": {"scale": [1, 1, 1]},
		"gui": {
			"scale": [0.49, 0.49, 0.49],
			"rotation": [32, 40, 0],
			"translation": [-1, -2.2, 0]
		},
		"thirdperson_lefthand": {"scale": [1, 1, 1]},
		"firstperson_righthand": {
			"scale": [0.5, 0.5, 0.5],
			"rotation": [0, 38, 0]
		},
		"firstperson_lefthand": {
			"scale": [0.5, 0.5, 0.5],
			"rotation": [0, -142, 0],
			"translation": [0, 0, 0]
		},
		"head": {
			"scale": [2, 2, 2],
			"translation": [0, -28, 0]
		}
	}
}