{
    "parent": "item/handheld_rod",
    "textures": {
       "layer0": "item/carrot_on_a_stick"
    },
    "overrides": [
            { "predicate": { "custom_model_data": 1}, "model": "item/frostwand/frostwand_default"},
            { "predicate": { "custom_model_data": 2}, "model": "item/blazewand/blazewand_default"},
            { "predicate": { "custom_model_data": 3}, "model": "item/thunderwand/thunderwand_default"},
			{ "predicate": { "custom_model_data": 4}, "model": "item/naturewand/naturewand_default"},
			{ "predicate": { "custom_model_data": 5}, "model": "item/shadowwand/shadowwand_default"},
			{ "predicate": { "custom_model_data": 6}, "model": "item/airwand/airwand_default"},
			{ "predicate": { "custom_model_data": 7}, "model": "item/chaoswand/chaoswand_default"},
			{ "predicate": { "custom_model_data": 26}, "model": "item/other/glowing"},
			{ "predicate": { "custom_model_data": 27}, "model": "item/other/glowing_white"},
			{ "predicate": { "custom_model_data": 28}, "model": "item/other/empty"},
			
			{ "predicate": { "custom_model_data": 101}, "model": "item/frostwand/flap/frostwand_01"},
			{ "predicate": { "custom_model_data": 102}, "model": "item/frostwand/flap/frostwand_02"},
			{ "predicate": { "custom_model_data": 103}, "model": "item/frostwand/flap/frostwand_03"},
			{ "predicate": { "custom_model_data": 104}, "model": "item/frostwand/flap/frostwand_04"},
			{ "predicate": { "custom_model_data": 105}, "model": "item/frostwand/flap/frostwand_05"},
			{ "predicate": { "custom_model_data": 106}, "model": "item/frostwand/flap/frostwand_06"},
			{ "predicate": { "custom_model_data": 107}, "model": "item/frostwand/flap/frostwand_07"},
			{ "predicate": { "custom_model_data": 108}, "model": "item/frostwand/flap/frostwand_08"},
			{ "predicate": { "custom_model_data": 109}, "model": "item/frostwand/flap/frostwand_09"},
			{ "predicate": { "custom_model_data": 110}, "model": "item/frostwand/flap/frostwand_10"},
			{ "predicate": { "custom_model_data": 111}, "model": "item/frostwand/flap/frostwand_11"},
			{ "predicate": { "custom_model_data": 112}, "model": "item/frostwand/flap/frostwand_12"},
			{ "predicate": { "custom_model_data": 201}, "model": "item/frostwand/spell/frostwand_01"},
			{ "predicate": { "custom_model_data": 202}, "model": "item/frostwand/spell/frostwand_02"},
			{ "predicate": { "custom_model_data": 203}, "model": "item/frostwand/spell/frostwand_03"},
			{ "predicate": { "custom_model_data": 204}, "model": "item/frostwand/spell/frostwand_04"},
			{ "predicate": { "custom_model_data": 205}, "model": "item/frostwand/spell/frostwand_05"},
			{ "predicate": { "custom_model_data": 206}, "model": "item/frostwand/spell/frostwand_06"},
			{ "predicate": { "custom_model_data": 207}, "model": "item/frostwand/spell/frostwand_07"},
			{ "predicate": { "custom_model_data": 208}, "model": "item/frostwand/spell/frostwand_08"},
			{ "predicate": { "custom_model_data": 301}, "model": "item/frostwand/hold/frostwand_01"},
			{ "predicate": { "custom_model_data": 302}, "model": "item/frostwand/hold/frostwand_02"},
			{ "predicate": { "custom_model_data": 303}, "model": "item/frostwand/hold/frostwand_03"},
			{ "predicate": { "custom_model_data": 304}, "model": "item/frostwand/hold/frostwand_04"},
			
			
			{ "predicate": { "custom_model_data": 501}, "model": "item/blazewand/flap/blazewand_01"},
			{ "predicate": { "custom_model_data": 502}, "model": "item/blazewand/flap/blazewand_02"},
			{ "predicate": { "custom_model_data": 503}, "model": "item/blazewand/flap/blazewand_03"},
			{ "predicate": { "custom_model_data": 504}, "model": "item/blazewand/flap/blazewand_04"},
			{ "predicate": { "custom_model_data": 505}, "model": "item/blazewand/flap/blazewand_05"},
			{ "predicate": { "custom_model_data": 506}, "model": "item/blazewand/flap/blazewand_06"},
			{ "predicate": { "custom_model_data": 507}, "model": "item/blazewand/flap/blazewand_07"},
			{ "predicate": { "custom_model_data": 508}, "model": "item/blazewand/flap/blazewand_08"},
			{ "predicate": { "custom_model_data": 509}, "model": "item/blazewand/flap/blazewand_09"},
			{ "predicate": { "custom_model_data": 510}, "model": "item/blazewand/flap/blazewand_10"},
			{ "predicate": { "custom_model_data": 511}, "model": "item/blazewand/flap/blazewand_11"},
			{ "predicate": { "custom_model_data": 512}, "model": "item/blazewand/flap/blazewand_12"},
			{ "predicate": { "custom_model_data": 601}, "model": "item/blazewand/spell/blazewand_01"},
			{ "predicate": { "custom_model_data": 602}, "model": "item/blazewand/spell/blazewand_02"},
			{ "predicate": { "custom_model_data": 603}, "model": "item/blazewand/spell/blazewand_03"},
			{ "predicate": { "custom_model_data": 604}, "model": "item/blazewand/spell/blazewand_04"},
			{ "predicate": { "custom_model_data": 605}, "model": "item/blazewand/spell/blazewand_05"},
			{ "predicate": { "custom_model_data": 606}, "model": "item/blazewand/spell/blazewand_06"},
			{ "predicate": { "custom_model_data": 607}, "model": "item/blazewand/spell/blazewand_07"},
			{ "predicate": { "custom_model_data": 608}, "model": "item/blazewand/spell/blazewand_08"},
			{ "predicate": { "custom_model_data": 701}, "model": "item/blazewand/hold/blazewand_01"},
			{ "predicate": { "custom_model_data": 702}, "model": "item/blazewand/hold/blazewand_02"},
			{ "predicate": { "custom_model_data": 703}, "model": "item/blazewand/hold/blazewand_03"},
			{ "predicate": { "custom_model_data": 704}, "model": "item/blazewand/hold/blazewand_04"},
			
			
			{ "predicate": { "custom_model_data": 1001}, "model": "item/thunderwand/flap/thunderwand_01"},
			{ "predicate": { "custom_model_data": 1002}, "model": "item/thunderwand/flap/thunderwand_02"},
			{ "predicate": { "custom_model_data": 1003}, "model": "item/thunderwand/flap/thunderwand_03"},
			{ "predicate": { "custom_model_data": 1004}, "model": "item/thunderwand/flap/thunderwand_04"},
			{ "predicate": { "custom_model_data": 1005}, "model": "item/thunderwand/flap/thunderwand_05"},
			{ "predicate": { "custom_model_data": 1006}, "model": "item/thunderwand/flap/thunderwand_06"},
			{ "predicate": { "custom_model_data": 1007}, "model": "item/thunderwand/flap/thunderwand_07"},
			{ "predicate": { "custom_model_data": 1008}, "model": "item/thunderwand/flap/thunderwand_08"},
			{ "predicate": { "custom_model_data": 1009}, "model": "item/thunderwand/flap/thunderwand_09"},
			{ "predicate": { "custom_model_data": 1010}, "model": "item/thunderwand/flap/thunderwand_10"},
			{ "predicate": { "custom_model_data": 1011}, "model": "item/thunderwand/flap/thunderwand_11"},
			{ "predicate": { "custom_model_data": 1012}, "model": "item/thunderwand/flap/thunderwand_12"},
			{ "predicate": { "custom_model_data": 1101}, "model": "item/thunderwand/spell/thunderwand_01"},
			{ "predicate": { "custom_model_data": 1102}, "model": "item/thunderwand/spell/thunderwand_02"},
			{ "predicate": { "custom_model_data": 1103}, "model": "item/thunderwand/spell/thunderwand_03"},
			{ "predicate": { "custom_model_data": 1104}, "model": "item/thunderwand/spell/thunderwand_04"},
			{ "predicate": { "custom_model_data": 1105}, "model": "item/thunderwand/spell/thunderwand_05"},
			{ "predicate": { "custom_model_data": 1106}, "model": "item/thunderwand/spell/thunderwand_06"},
			{ "predicate": { "custom_model_data": 1107}, "model": "item/thunderwand/spell/thunderwand_07"},
			{ "predicate": { "custom_model_data": 1108}, "model": "item/thunderwand/spell/thunderwand_08"},
			{ "predicate": { "custom_model_data": 1201}, "model": "item/thunderwand/hold/thunderwand_01"},
			{ "predicate": { "custom_model_data": 1202}, "model": "item/thunderwand/hold/thunderwand_02"},
			{ "predicate": { "custom_model_data": 1203}, "model": "item/thunderwand/hold/thunderwand_03"},
			{ "predicate": { "custom_model_data": 1204}, "model": "item/thunderwand/hold/thunderwand_04"},
			
			
			{ "predicate": { "custom_model_data": 1501}, "model": "item/naturewand/flap/naturewand_01"},
			{ "predicate": { "custom_model_data": 1502}, "model": "item/naturewand/flap/naturewand_02"},
			{ "predicate": { "custom_model_data": 1503}, "model": "item/naturewand/flap/naturewand_03"},
			{ "predicate": { "custom_model_data": 1504}, "model": "item/naturewand/flap/naturewand_04"},
			{ "predicate": { "custom_model_data": 1505}, "model": "item/naturewand/flap/naturewand_05"},
			{ "predicate": { "custom_model_data": 1506}, "model": "item/naturewand/flap/naturewand_06"},
			{ "predicate": { "custom_model_data": 1507}, "model": "item/naturewand/flap/naturewand_07"},
			{ "predicate": { "custom_model_data": 1508}, "model": "item/naturewand/flap/naturewand_08"},
			{ "predicate": { "custom_model_data": 1509}, "model": "item/naturewand/flap/naturewand_09"},
			{ "predicate": { "custom_model_data": 1510}, "model": "item/naturewand/flap/naturewand_10"},
			{ "predicate": { "custom_model_data": 1511}, "model": "item/naturewand/flap/naturewand_11"},
			{ "predicate": { "custom_model_data": 1512}, "model": "item/naturewand/flap/naturewand_12"},
			{ "predicate": { "custom_model_data": 1601}, "model": "item/naturewand/spell/naturewand_01"},
			{ "predicate": { "custom_model_data": 1602}, "model": "item/naturewand/spell/naturewand_02"},
			{ "predicate": { "custom_model_data": 1603}, "model": "item/naturewand/spell/naturewand_03"},
			{ "predicate": { "custom_model_data": 1604}, "model": "item/naturewand/spell/naturewand_04"},
			{ "predicate": { "custom_model_data": 1605}, "model": "item/naturewand/spell/naturewand_05"},
			{ "predicate": { "custom_model_data": 1606}, "model": "item/naturewand/spell/naturewand_06"},
			{ "predicate": { "custom_model_data": 1607}, "model": "item/naturewand/spell/naturewand_07"},
			{ "predicate": { "custom_model_data": 1608}, "model": "item/naturewand/spell/naturewand_08"},
			{ "predicate": { "custom_model_data": 1701}, "model": "item/naturewand/hold/naturewand_01"},
			{ "predicate": { "custom_model_data": 1702}, "model": "item/naturewand/hold/naturewand_02"},
			{ "predicate": { "custom_model_data": 1703}, "model": "item/naturewand/hold/naturewand_03"},
			{ "predicate": { "custom_model_data": 1704}, "model": "item/naturewand/hold/naturewand_04"},
			
			
			{ "predicate": { "custom_model_data": 2001}, "model": "item/shadowwand/flap/shadowwand_01"},
			{ "predicate": { "custom_model_data": 2002}, "model": "item/shadowwand/flap/shadowwand_02"},
			{ "predicate": { "custom_model_data": 2003}, "model": "item/shadowwand/flap/shadowwand_03"},
			{ "predicate": { "custom_model_data": 2004}, "model": "item/shadowwand/flap/shadowwand_04"},
			{ "predicate": { "custom_model_data": 2005}, "model": "item/shadowwand/flap/shadowwand_05"},
			{ "predicate": { "custom_model_data": 2006}, "model": "item/shadowwand/flap/shadowwand_06"},
			{ "predicate": { "custom_model_data": 2007}, "model": "item/shadowwand/flap/shadowwand_07"},
			{ "predicate": { "custom_model_data": 2008}, "model": "item/shadowwand/flap/shadowwand_08"},
			{ "predicate": { "custom_model_data": 2009}, "model": "item/shadowwand/flap/shadowwand_09"},
			{ "predicate": { "custom_model_data": 2010}, "model": "item/shadowwand/flap/shadowwand_10"},
			{ "predicate": { "custom_model_data": 2011}, "model": "item/shadowwand/flap/shadowwand_11"},
			{ "predicate": { "custom_model_data": 2012}, "model": "item/shadowwand/flap/shadowwand_12"},
			{ "predicate": { "custom_model_data": 2101}, "model": "item/shadowwand/spell/shadowwand_01"},
            { "predicate": { "custom_model_data": 2102}, "model": "item/shadowwand/spell/shadowwand_02"},
			{ "predicate": { "custom_model_data": 2103}, "model": "item/shadowwand/spell/shadowwand_03"},
			{ "predicate": { "custom_model_data": 2104}, "model": "item/shadowwand/spell/shadowwand_04"},
			{ "predicate": { "custom_model_data": 2105}, "model": "item/shadowwand/spell/shadowwand_05"},
			{ "predicate": { "custom_model_data": 2106}, "model": "item/shadowwand/spell/shadowwand_06"},
			{ "predicate": { "custom_model_data": 2107}, "model": "item/shadowwand/spell/shadowwand_07"},
			{ "predicate": { "custom_model_data": 2108}, "model": "item/shadowwand/spell/shadowwand_08"},
			{ "predicate": { "custom_model_data": 2201}, "model": "item/shadowwand/hold/shadowwand_01"},
			{ "predicate": { "custom_model_data": 2202}, "model": "item/shadowwand/hold/shadowwand_02"},
			{ "predicate": { "custom_model_data": 2203}, "model": "item/shadowwand/hold/shadowwand_03"},
			{ "predicate": { "custom_model_data": 2204}, "model": "item/shadowwand/hold/shadowwand_04"},

			{ "predicate": { "custom_model_data": 2501}, "model": "item/airwand/flap/airwand_01"},
			{ "predicate": { "custom_model_data": 2502}, "model": "item/airwand/flap/airwand_02"},
			{ "predicate": { "custom_model_data": 2503}, "model": "item/airwand/flap/airwand_03"},
			{ "predicate": { "custom_model_data": 2504}, "model": "item/airwand/flap/airwand_04"},
			{ "predicate": { "custom_model_data": 2505}, "model": "item/airwand/flap/airwand_05"},
			{ "predicate": { "custom_model_data": 2506}, "model": "item/airwand/flap/airwand_06"},
			{ "predicate": { "custom_model_data": 2507}, "model": "item/airwand/flap/airwand_07"},
			{ "predicate": { "custom_model_data": 2508}, "model": "item/airwand/flap/airwand_08"},
			{ "predicate": { "custom_model_data": 2509}, "model": "item/airwand/flap/airwand_09"},
			{ "predicate": { "custom_model_data": 2510}, "model": "item/airwand/flap/airwand_10"},
			{ "predicate": { "custom_model_data": 2511}, "model": "item/airwand/flap/airwand_11"},
			{ "predicate": { "custom_model_data": 2512}, "model": "item/airwand/flap/airwand_12"},
			{ "predicate": { "custom_model_data": 2601}, "model": "item/airwand/spell/airwand_01"},
            { "predicate": { "custom_model_data": 2602}, "model": "item/airwand/spell/airwand_02"},
			{ "predicate": { "custom_model_data": 2603}, "model": "item/airwand/spell/airwand_03"},
			{ "predicate": { "custom_model_data": 2604}, "model": "item/airwand/spell/airwand_04"},
			{ "predicate": { "custom_model_data": 2605}, "model": "item/airwand/spell/airwand_05"},
			{ "predicate": { "custom_model_data": 2606}, "model": "item/airwand/spell/airwand_06"},
			{ "predicate": { "custom_model_data": 2607}, "model": "item/airwand/spell/airwand_07"},
			{ "predicate": { "custom_model_data": 2608}, "model": "item/airwand/spell/airwand_08"},
			{ "predicate": { "custom_model_data": 2701}, "model": "item/airwand/hold/airwand_01"},
			{ "predicate": { "custom_model_data": 2702}, "model": "item/airwand/hold/airwand_02"},
			{ "predicate": { "custom_model_data": 2703}, "model": "item/airwand/hold/airwand_03"},
			{ "predicate": { "custom_model_data": 2704}, "model": "item/airwand/hold/airwand_04"},
			
			{ "predicate": { "custom_model_data": 3001}, "model": "item/chaoswand/flap/chaoswand_01"},
			{ "predicate": { "custom_model_data": 3002}, "model": "item/chaoswand/flap/chaoswand_02"},
			{ "predicate": { "custom_model_data": 3003}, "model": "item/chaoswand/flap/chaoswand_03"},
			{ "predicate": { "custom_model_data": 3004}, "model": "item/chaoswand/flap/chaoswand_04"},
			{ "predicate": { "custom_model_data": 3005}, "model": "item/chaoswand/flap/chaoswand_05"},
			{ "predicate": { "custom_model_data": 3006}, "model": "item/chaoswand/flap/chaoswand_06"},
			{ "predicate": { "custom_model_data": 3007}, "model": "item/chaoswand/flap/chaoswand_07"},
			{ "predicate": { "custom_model_data": 3008}, "model": "item/chaoswand/flap/chaoswand_08"},
			{ "predicate": { "custom_model_data": 3009}, "model": "item/chaoswand/flap/chaoswand_09"},
			{ "predicate": { "custom_model_data": 3010}, "model": "item/chaoswand/flap/chaoswand_10"},
			{ "predicate": { "custom_model_data": 3011}, "model": "item/chaoswand/flap/chaoswand_11"},
			{ "predicate": { "custom_model_data": 3012}, "model": "item/chaoswand/flap/chaoswand_12"},
			{ "predicate": { "custom_model_data": 3101}, "model": "item/chaoswand/spell/chaoswand_01"},
            { "predicate": { "custom_model_data": 3102}, "model": "item/chaoswand/spell/chaoswand_02"},
			{ "predicate": { "custom_model_data": 3103}, "model": "item/chaoswand/spell/chaoswand_03"},
			{ "predicate": { "custom_model_data": 3104}, "model": "item/chaoswand/spell/chaoswand_04"},
			{ "predicate": { "custom_model_data": 3105}, "model": "item/chaoswand/spell/chaoswand_05"},
			{ "predicate": { "custom_model_data": 3106}, "model": "item/chaoswand/spell/chaoswand_06"},
			{ "predicate": { "custom_model_data": 3107}, "model": "item/chaoswand/spell/chaoswand_07"},
			{ "predicate": { "custom_model_data": 3108}, "model": "item/chaoswand/spell/chaoswand_08"},
			{ "predicate": { "custom_model_data": 3201}, "model": "item/chaoswand/hold/chaoswand_01"},
			{ "predicate": { "custom_model_data": 3202}, "model": "item/chaoswand/hold/chaoswand_02"},
			{ "predicate": { "custom_model_data": 3203}, "model": "item/chaoswand/hold/chaoswand_03"},
			{ "predicate": { "custom_model_data": 3204}, "model": "item/chaoswand/hold/chaoswand_04"}
    ]
}
