{
  "parent": "item/generated",
  "textures": {
    "layer0": "item/lapis_lazuli"
  },
	"overrides": [
		{ "predicate": { "custom_model_data": 1}, "model": "item/magicite/0"},
		{ "predicate": { "custom_model_data": 2}, "model": "item/magicite/1"},
		{ "predicate": { "custom_model_data": 3}, "model": "item/magicite/2"},
		{ "predicate": { "custom_model_data": 4}, "model": "item/magicite/3"},
		{ "predicate": { "custom_model_data": 5}, "model": "item/magicite/4"},
		{ "predicate": { "custom_model_data": 6}, "model": "item/magicite/5"},
		{ "predicate": { "custom_model_data": 7}, "model": "item/magicite/6"},
		{ "predicate": { "custom_model_data": 8}, "model": "item/magicite/7"},
		{ "predicate": { "custom_model_data": 9}, "model": "item/magicite/8"},
		{ "predicate": { "custom_model_data": 10}, "model": "item/magicite/9"},
		{ "predicate": { "custom_model_data": 11}, "model": "item/magicite/10"},
		{ "predicate": { "custom_model_data": 12}, "model": "item/magicite/11"},
		{ "predicate": { "custom_model_data": 13}, "model": "item/magicite/12"},
		{ "predicate": { "custom_model_data": 14}, "model": "item/magicite/13"},
		{ "predicate": { "custom_model_data": 15}, "model": "item/magicite/14"},
		{ "predicate": { "custom_model_data": 16}, "model": "item/magicite/15"},
		{ "predicate": { "custom_model_data": 17}, "model": "item/magicite/16"},
		{ "predicate": { "custom_model_data": 18}, "model": "item/magicite/17"},
		{ "predicate": { "custom_model_data": 19}, "model": "item/magicite/18"},
		{ "predicate": { "custom_model_data": 20}, "model": "item/magicite/19"},
		{ "predicate": { "custom_model_data": 21}, "model": "item/magicite/20"}
	]
}