{
	"credit": "Made with Blockbench, a free, modern block model editor by JannisX11",
	"textures": {"2": "blocks/concrete_black"},
	"elements": [
		{
			"name": "cube",
			"from": [6.5, 0, 6.5],
			"to": [9.5, 5, 9.5],
			"faces": {
				"north": {"uv": [0, 0, 3, 5], "texture": "#2"},
				"east": {"uv": [0, 0, 3, 5], "texture": "#2"},
				"south": {"uv": [0, 0, 3, 5], "texture": "#2"},
				"west": {"uv": [0, 0, 3, 5], "texture": "#2"},
				"up": {"uv": [0, 0, 3, 3], "texture": "#2"},
				"down": {"uv": [0, 0, 3, 3], "texture": "#2"}
			}
		},
		{
			"name": "cube",
			"from": [6.5, 1, 5.5],
			"to": [9.5, 4, 10.5],
			"faces": {
				"north": {"uv": [0, 0, 3, 3], "texture": "#2"},
				"east": {
					"uv": [0, 0, 5, 3],
					"texture": "#2",
					"rotation": 270
				},
				"south": {"uv": [0, 0, 3, 3], "texture": "#2"},
				"west": {
					"uv": [0, 0, 5, 3],
					"texture": "#2",
					"rotation": 90
				},
				"up": {
					"uv": [0, 0, 3, 5],
					"texture": "#2",
					"rotation": 180
				},
				"down": {
					"uv": [0, 0, 3, 5],
					"texture": "#2",
					"rotation": 180
				}
			}
		},
		{
			"name": "cube",
			"from": [5.5, 1, 6.5],
			"to": [10.5, 4, 9.5],
			"faces": {
				"north": {"uv": [0, 0, 5, 3], "texture": "#2"},
				"east": {"uv": [0, 0, 3, 3], "texture": "#2"},
				"south": {"uv": [0, 0, 5, 3], "texture": "#2"},
				"west": {"uv": [0, 0, 3, 3], "texture": "#2"},
				"up": {"uv": [0, 0, 5, 3], "texture": "#2"},
				"down": {"uv": [0, 0, 5, 3], "texture": "#2"}
			}
		}
	],
	"display": {
		"thirdperson_righthand": {
			"scale": [1, 1, 1],
			"rotation": [0, 0, 0],
			"translation": [0, 6, 0]
		},
		"thirdperson_lefthand": {
			"scale": [1, 1, 1],
			"rotation": [0, 0, 0],
			"translation": [0, 6, 0]
		},
		"firstperson_righthand": {
			"scale": [1.2, 1.2, 1.2],
			"rotation": [0, 100, 0],
			"translation": [0, 9.5, 0]
		},
		"firstperson_lefthand": {
			"scale": [1.2, 1.2, 1.2],
			"rotation": [0, 100, 0],
			"translation": [0, 9.5, 0]
		},
		"ground": {
			"scale": [1.5, 1.5, 1.5],
			"translation": [0, 9.5, 0]
		},
		"gui": {
			"rotation": [34, -56, 0],
			"translation": [0, 8.5, 0],
			"scale": [2, 2, 2]
		},
		"head": {
			"scale": [1.6, 1.6, 1.6],
			"rotation": [0, 0, 0],
			"translation": [0, 0, 0]
		},
		"fixed": {"scale": [1, 1, 1]}
	}
}