{
	"parent": "item/handheld",
	"textures": {
		"layer0": "items/gold_hoe"
	},
	"overrides": [
		{ "predicate": {"damaged": 0, "damage": 0.030303030303030304}, 	"model": "item/eyepatch",	 				"":1},
		{ "predicate": {"damaged": 0, "damage": 0.06060606060606061}, 	"model": "item/pirate_hat",					"":2},
		{ "predicate": {"damaged": 0, "damage": 0.09090909090909091}, 	"model": "item/golden_hoe",					"":3},
		{ "predicate": {"damaged": 0, "damage": 0.12121212121212122}, 	"model": "captain_coldblood/body",			"":4},
		{ "predicate": {"damaged": 0, "damage": 0.15151515151515152}, 	"model": "captain_coldblood/left_leg",		"":5},
		{ "predicate": {"damaged": 0, "damage": 0.18181818181818182}, 	"model": "captain_coldblood/right_leg",		"":6},
		{ "predicate": {"damaged": 0, "damage": 0.21212121212121213}, 	"model": "captain_coldblood/sitting",		"":7},
		{ "predicate": {"damaged": 0, "damage": 0.24242424242424243}, 	"model": "item/golden_hoe",					"":8},
		{ "predicate": {"damaged": 0, "damage": 0.2727272727272727}, 	"model": "item/golden_hoe",					"":9},
		{ "predicate": {"damaged": 0, "damage": 0.30303030303030304}, 	"model": "item/golden_hoe",					"":10},
		{ "predicate": {"damaged": 0, "damage": 0.33333333333333337}, 	"model": "item/golden_hoe",					"":11}, 
		{ "predicate": {"damaged": 0, "damage": 0.36363636363636365}, 	"model": "item/golden_hoe",					"":12},
		{ "predicate": {"damaged": 0, "damage": 0.3939393939393939}, 	"model": "item/golden_hoe",					"":13},
		{ "predicate": {"damaged": 0, "damage": 0.42424242424242425}, 	"model": "item/golden_hoe",					"":14},
		{ "predicate": {"damaged": 0, "damage": 0.4545454545454546}, 	"model": "item/golden_hoe",					"":15},
		{ "predicate": {"damaged": 0, "damage": 0.48484848484848486}, 	"model": "item/golden_hoe",					"":16},
		{ "predicate": {"damaged": 0, "damage": 0.5151515151515151}, 	"model": "item/golden_hoe",					"":17},
		{ "predicate": {"damaged": 0, "damage": 0.5454545454545454}, 	"model": "item/golden_hoe",					"":18},
		{ "predicate": {"damaged": 0, "damage": 0.5757575757575758}, 	"model": "item/golden_hoe",					"":19},
		{ "predicate": {"damaged": 0, "damage": 0.6060606060606061}, 	"model": "item/golden_hoe",					"":20},
		{ "predicate": {"damaged": 0, "damage": 0.6363636363636364}, 	"model": "item/golden_hoe",					"":21},
		{ "predicate": {"damaged": 0, "damage": 0.6666666666666667}, 	"model": "item/golden_hoe",					"":22},
		{ "predicate": {"damaged": 0, "damage": 0.696969696969697}, 	"model": "item/golden_hoe",					"":23},
		{ "predicate": {"damaged": 0, "damage": 0.7272727272727273}, 	"model": "item/golden_hoe",					"":24},
		{ "predicate": {"damaged": 0, "damage": 0.7575757575757576}, 	"model": "item/golden_hoe",					"":25},
		{ "predicate": {"damaged": 0, "damage": 0.7878787878787878}, 	"model": "item/golden_hoe",					"":26},
		{ "predicate": {"damaged": 0, "damage": 0.8181818181818182}, 	"model": "item/golden_hoe",					"":27},
		{ "predicate": {"damaged": 0, "damage": 0.8484848484848485}, 	"model": "item/golden_hoe",					"":28},
		{ "predicate": {"damaged": 0, "damage": 0.8787878787878788}, 	"model": "item/golden_hoe",					"":29},
		{ "predicate": {"damaged": 0, "damage": 0.9090909090909092}, 	"model": "item/golden_hoe",					"":30},
		{ "predicate": {"damaged": 0, "damage": 0.9393939393939394}, 	"model": "item/golden_hoe",					"":31},
		{ "predicate": {"damaged": 0, "damage": 0.9696969696969697}, 	"model": "item/golden_hoe",					"":32},
		{ "predicate": {"damaged": 1, "damage": 0}, "model": "item/golden_hoe"}
	]
}