{
	"credit": "Made with Blockbench, a free, modern block model editor by JannisX11",
	"textures": {
		"0": "items/pirate_hat",
		"particle": "items/pirate_hat"
	},
	"elements": [
		{
			"name": "cube",
			"from": [3, 0, 7],
			"to": [3, 9, 18],
			"faces": {
				"north": {
					"uv": [0, 0, 1, 1],
					"texture": "#missing"
				},
				"east": {
					"uv": [5.5, 11.5, 10.5, 16],
					"texture": "#0"
				},
				"south": {
					"uv": [0, 0, 1, 1],
					"texture": "#missing"
				},
				"west": {
					"uv": [5.5, 11.5, 10.5, 16],
					"texture": "#0"
				},
				"up": {"uv": [0, 0, 1, 1], "texture": "#missing"},
				"down": {"uv": [0, 0, 1, 1], "texture": "#missing"}
			},
			"rotation": {
				"origin": [5, 8, 11],
				"axis": "y",
				"angle": 45
			}
		},
		{
			"name": "cube",
			"from": [11.062076997510939, 0, 4.4121711678301025],
			"to": [11.062076997510939, 9, 18.662171167830103],
			"faces": {
				"north": {
					"uv": [0, 0, 1, 1],
					"texture": "#missing"
				},
				"east": {
					"uv": [10.5, 11.5, 16, 16],
					"texture": "#0"
				},
				"south": {
					"uv": [0, 0, 1, 1],
					"texture": "#missing"
				},
				"west": {
					"uv": [0.5, 11.5, 5.5, 16],
					"texture": "#0"
				},
				"up": {"uv": [0, 0, 1, 1], "texture": "#missing"},
				"down": {"uv": [0, 0, 1, 1], "texture": "#missing"}
			},
			"rotation": {
				"origin": [
					13.062076997510939,
					8,
					11.662171167830103
				],
				"axis": "y",
				"angle": -22.5
			}
		},
		{
			"name": "cube",
			"from": [0.9898829051899014, 0, 6.754761476093849],
			"to": [15.239882905189901, 9, 6.754761476093849],
			"faces": {
				"north": {
					"uv": [0, 11.5, 5.5, 16],
					"texture": "#0"
				},
				"east": {"uv": [0, 0, 1, 1], "texture": "#missing"},
				"south": {
					"uv": [10.5, 11.5, 16, 16],
					"texture": "#0"
				},
				"west": {"uv": [0, 0, 1, 1], "texture": "#missing"},
				"up": {
					"uv": [0, 0, 1, 1],
					"texture": "#missing",
					"rotation": 90
				},
				"down": {
					"uv": [0, 0, 1, 1],
					"texture": "#missing",
					"rotation": 270
				}
			},
			"rotation": {
				"origin": [7.989882905189901, 8, 8.754761476093849],
				"axis": "y",
				"angle": 22.5
			}
		},
		{
			"name": "cube",
			"from": [11.062076997510939, 0, 4.4121711678301025],
			"to": [11.062076997510939, 9, 18.662171167830103],
			"faces": {
				"north": {
					"uv": [0, 0, 1, 1],
					"texture": "#missing"
				},
				"east": {
					"uv": [10.5, 11.5, 16, 16],
					"texture": "#0"
				},
				"south": {
					"uv": [0, 0, 1, 1],
					"texture": "#missing"
				},
				"west": {
					"uv": [0.5, 11.5, 5.5, 16],
					"texture": "#0"
				},
				"up": {"uv": [0, 0, 1, 1], "texture": "#missing"},
				"down": {"uv": [0, 0, 1, 1], "texture": "#missing"}
			},
			"rotation": {
				"origin": [
					13.062076997510939,
					8,
					11.662171167830103
				],
				"axis": "y",
				"angle": -22.5
			}
		}
	],
	"display": {
		"thirdperson_righthand": {"scale": [1, 1, 1]},
		"head": {
			"scale": [1.4, 1.4, 1.4],
			"translation": [2.5, 15.5, 1.5],
			"rotation": [0, -132, 0]
		},
		"ground": {"scale": [1, 1, 1]},
		"gui": {
			"scale": [1, 1, 1],
			"translation": [0.5, 5.5, 0],
			"rotation": [34, -3, 0]
		},
		"firstperson_lefthand": {"scale": [1, 1, 1]}
	}
}